protocol,members,mode,i,frame_bytes,seal_ms,ack_ms,fanout_ms
ws,2,plain,0,172,0,2.318,2.22
ws,2,plain,1,172,0,2.461,2.349
ws,2,plain,2,172,0,2.37,2.257
ws,2,plain,3,172,0,2.002,1.956
ws,2,plain,4,172,0,1.46,1.381
ws,2,plain,5,172,0,1.682,1.638
ws,2,plain,6,172,0,1.557,1.509
ws,2,plain,7,172,0,1.804,1.748
ws,2,plain,8,172,0,1.517,1.468
ws,2,plain,9,172,0,1.588,1.517
ws,2,plain,10,172,0,2.131,2.076
ws,2,plain,11,172,0,2.124,2.042
ws,2,plain,12,172,0,1.618,1.485
ws,2,plain,13,172,0,2.359,2.245
ws,2,plain,14,172,0,2.157,2.037
ws,2,plain,15,172,0,2.645,2.538
ws,2,plain,16,172,0,2.086,1.983
ws,2,plain,17,172,0,1.56,1.475
ws,2,plain,18,172,0,2.336,2.27
ws,2,plain,19,172,0,2.71,2.649
ws,2,plain,20,172,0,1.79,1.739
ws,2,plain,21,172,0,1.333,1.288
ws,2,plain,22,172,0,1.551,1.509
ws,2,plain,23,172,0,1.331,1.289
ws,2,plain,24,172,0,1.557,1.521
ws,2,plain,25,172,0,1.605,1.548
ws,2,plain,26,172,0,2.284,2.226
ws,2,plain,27,172,0,1.934,1.844
ws,2,plain,28,172,0,2.084,1.906
ws,2,plain,29,172,0,2.563,2.503
ws,2,plain,30,172,0,1.508,1.459
ws,2,plain,31,172,0,1.15,1.11
ws,2,plain,32,172,0,1.38,1.346
ws,2,plain,33,172,0,1.386,1.362
ws,2,plain,34,172,0,1.64,1.603
ws,2,plain,35,172,0,1.462,1.418
ws,2,plain,36,172,0,1.472,1.397
ws,2,plain,37,172,0,1.806,1.744
ws,2,plain,38,172,0,1.498,1.445
ws,2,plain,39,172,0,1.749,1.704
ws,2,plain,40,172,0,1.355,1.318
ws,2,plain,41,172,0,2.012,1.922
ws,2,plain,42,172,0,1.823,1.796
ws,2,plain,43,172,0,1.269,1.231
ws,2,plain,44,172,0,1.564,1.526
ws,2,plain,45,172,0,1.364,1.334
ws,2,plain,46,172,0,1.443,1.415
ws,2,plain,47,172,0,1.749,1.656
ws,2,plain,48,172,0,1.589,1.534
ws,2,plain,49,172,0,1.824,1.78
ws,2,plain,50,172,0,1.826,1.797
ws,2,plain,51,172,0,1.272,1.242
ws,2,plain,52,172,0,1.717,1.649
ws,2,plain,53,172,0,1.425,1.402
ws,2,plain,54,172,0,1.647,1.625
ws,2,plain,55,172,0,1.336,1.312
ws,2,plain,56,172,0,1.582,1.564
ws,2,plain,57,172,0,1.409,1.368
ws,2,plain,58,172,0,2.4,2.317
ws,2,plain,59,172,0,2.114,2.022
ws,2,plain,60,172,0,1.711,1.656
ws,2,plain,61,172,0,1.783,1.738
ws,2,plain,62,172,0,1.446,1.413
ws,2,plain,63,172,0,2.083,2.052
ws,2,plain,64,172,0,1.97,1.94
ws,2,plain,65,172,0,1.56,1.528
ws,2,plain,66,172,0,1.874,1.827
ws,2,plain,67,172,0,1.996,1.94
ws,2,plain,68,172,0,1.971,1.92
ws,2,plain,69,172,0,1.473,1.451
ws,2,plain,70,172,0,1.385,1.345
ws,2,plain,71,172,0,1.877,1.855
ws,2,plain,72,172,0,1.376,1.354
ws,2,plain,73,172,0,1.411,1.391
ws,2,plain,74,172,0,1.716,1.684
ws,2,plain,75,172,0,1.314,1.276
ws,2,plain,76,172,0,1.694,1.609
ws,2,plain,77,172,0,2.252,2.181
ws,2,plain,78,172,0,1.619,1.546
ws,2,plain,79,172,0,1.723,1.654
ws,2,plain,80,172,0,1.695,1.619
ws,2,plain,81,172,0,1.533,1.398
ws,2,plain,82,172,0,1.774,1.721
ws,2,plain,83,172,0,1.931,1.851
ws,2,plain,84,172,0,1.944,1.9
ws,2,plain,85,172,0,2.231,2.172
ws,2,plain,86,172,0,2.929,2.817
ws,2,plain,87,172,0,2.425,2.369
ws,2,plain,88,172,0,2.114,2.064
ws,2,plain,89,172,0,1.592,1.531
ws,2,plain,90,172,0,2.346,2.281
ws,2,plain,91,172,0,2.353,2.271
ws,2,plain,92,172,0,2.029,1.959
ws,2,plain,93,172,0,2.987,2.827
ws,2,plain,94,172,0,2.869,2.765
ws,2,plain,95,172,0,2.532,2.417
ws,2,plain,96,172,0,14.83,14.757
ws,2,plain,97,172,0,3.089,3.03
ws,2,plain,98,172,0,1.807,1.744
ws,2,plain,99,172,0,2.02,1.978
ws,2,e2e,0,655,2.4206,2.251,2.14
ws,2,e2e,1,655,4.1209,3.602,3.507
ws,2,e2e,2,655,3.14,2.333,2.263
ws,2,e2e,3,655,1.9056,2.431,2.331
ws,2,e2e,4,655,3.294,1.645,1.602
ws,2,e2e,5,655,1.9338,2.767,2.664
ws,2,e2e,6,655,2.9782,2.726,2.609
ws,2,e2e,7,655,3.9379,3.176,3.09
ws,2,e2e,8,655,3.8158,2.418,2.359
ws,2,e2e,9,655,2.3312,2.441,2.385
ws,2,e2e,10,655,3.1342,3.129,3.068
ws,2,e2e,11,655,3.836,2.252,2.197
ws,2,e2e,12,655,2.7065,2.308,2.193
ws,2,e2e,13,655,3.2039,2.326,2.241
ws,2,e2e,14,655,3.1069,2.203,2.158
ws,2,e2e,15,655,3.2963,2.001,1.911
ws,2,e2e,16,655,3.5158,2.136,2.015
ws,2,e2e,17,655,2.3701,2.155,2.092
ws,2,e2e,18,655,1.6789,2.067,1.98
ws,2,e2e,19,655,3.7636,2.921,2.751
ws,2,e2e,20,655,2.1663,2.503,2.307
ws,2,e2e,21,655,1.7782,2.279,2.194
ws,2,e2e,22,655,1.7135,2.662,2.581
ws,2,e2e,23,655,2.1582,1.906,1.837
ws,2,e2e,24,655,1.7013,2.205,2.157
ws,2,e2e,25,655,1.6982,1.992,1.948
ws,2,e2e,26,655,1.6989,1.895,1.833
ws,2,e2e,27,655,2.0136,2.013,1.952
ws,2,e2e,28,655,1.6955,2.887,2.817
ws,2,e2e,29,655,2.0341,2.651,2.593
ws,2,e2e,30,655,1.7349,1.629,1.578
ws,2,e2e,31,655,1.6569,1.58,1.537
ws,2,e2e,32,655,1.7146,2.838,2.671
ws,2,e2e,33,655,2.4359,2.593,2.49
ws,2,e2e,34,655,2.1575,1.811,1.77
ws,2,e2e,35,655,1.5966,1.625,1.587
ws,2,e2e,36,655,1.5361,2.268,2.228
ws,2,e2e,37,655,1.5662,2.212,2.163
ws,2,e2e,38,655,1.6602,1.615,1.557
ws,2,e2e,39,655,1.6729,2.055,2.018
ws,2,e2e,40,655,1.6086,1.49,1.456
ws,2,e2e,41,655,1.6043,2.072,2.023
ws,2,e2e,42,655,1.9135,1.706,1.663
ws,2,e2e,43,655,1.5395,1.572,1.531
ws,2,e2e,44,655,1.5158,1.931,1.879
ws,2,e2e,45,655,1.7059,1.75,1.706
ws,2,e2e,46,655,1.6904,1.725,1.671
ws,2,e2e,47,655,1.6331,1.989,1.956
ws,2,e2e,48,655,1.4637,1.996,1.915
ws,2,e2e,49,655,1.5308,1.515,1.482
ws,2,e2e,50,655,1.4822,1.176,1.145
ws,2,e2e,51,655,1.4413,1.961,1.916
ws,2,e2e,52,655,1.4949,2.971,2.925
ws,2,e2e,53,655,1.5175,1.745,1.696
ws,2,e2e,54,655,1.7208,1.714,1.668
ws,2,e2e,55,655,2.089,1.599,1.55
ws,2,e2e,56,655,2.1989,2.591,2.548
ws,2,e2e,57,655,2.135,2.09,2.037
ws,2,e2e,58,655,2.9331,2.932,2.868
ws,2,e2e,59,655,1.9388,1.737,1.647
ws,2,e2e,60,655,3.2287,2.54,2.367
ws,2,e2e,61,655,2.8067,2.743,2.664
ws,2,e2e,62,655,1.9784,1.948,1.866
ws,2,e2e,63,655,2.9665,3.569,3.409
ws,2,e2e,64,655,3.2486,2.851,2.758
ws,2,e2e,65,655,3.4331,2.965,2.848
ws,2,e2e,66,655,3.7918,3.136,3.005
ws,2,e2e,67,655,2.6605,3.064,2.925
ws,2,e2e,68,655,2.8166,2.444,2.313
ws,2,e2e,69,655,2.3196,3.255,3.135
ws,2,e2e,70,655,1.5311,2.269,2.18
ws,2,e2e,71,655,1.684,2.969,2.812
ws,2,e2e,72,655,2.0844,3.118,3.03
ws,2,e2e,73,655,1.8453,2.803,2.662
ws,2,e2e,74,655,1.777,2.883,2.743
ws,2,e2e,75,655,2.1772,2.271,2.165
ws,2,e2e,76,655,1.9806,2.306,2.205
ws,2,e2e,77,655,1.7748,2.887,2.77
ws,2,e2e,78,655,1.9628,2.474,2.37
ws,2,e2e,79,655,1.7778,2.995,2.86
ws,2,e2e,80,655,1.6994,2.932,2.817
ws,2,e2e,81,655,1.7606,2.427,2.322
ws,2,e2e,82,655,1.8267,2.512,2.429
ws,2,e2e,83,655,1.5588,2.806,2.708
ws,2,e2e,84,655,1.9851,2.798,2.714
ws,2,e2e,85,655,1.7848,2.884,2.794
ws,2,e2e,86,655,1.7632,2.863,2.777
ws,2,e2e,87,655,1.6674,1.744,1.677
ws,2,e2e,88,655,1.4519,1.771,1.694
ws,2,e2e,89,655,1.7443,2.215,2.117
ws,2,e2e,90,655,1.7996,2.281,2.181
ws,2,e2e,91,655,1.8237,2.151,2.054
ws,2,e2e,92,655,1.7528,2.543,2.443
ws,2,e2e,93,655,1.7459,2.506,2.378
ws,2,e2e,94,655,1.921,3.113,3.007
ws,2,e2e,95,655,1.7681,2.205,2.112
ws,2,e2e,96,655,1.771,2.274,2.127
ws,2,e2e,97,655,1.7559,2.352,2.229
ws,2,e2e,98,655,1.7813,2.404,2.311
ws,2,e2e,99,655,1.8293,2.923,2.838
ws,5,plain,0,172,0,2.36,2.33
ws,5,plain,1,172,0,1.869,1.844
ws,5,plain,2,172,0,1.678,1.621
ws,5,plain,3,172,0,1.851,1.814
ws,5,plain,4,172,0,2.21,2.151
ws,5,plain,5,172,0,2.815,2.774
ws,5,plain,6,172,0,2.647,2.416
ws,5,plain,7,172,0,2.181,2.145
ws,5,plain,8,172,0,2.002,1.975
ws,5,plain,9,172,0,1.551,1.52
ws,5,plain,10,172,0,1.853,1.828
ws,5,plain,11,172,0,14.834,14.801
ws,5,plain,12,172,0,2.928,2.906
ws,5,plain,13,172,0,1.636,1.471
ws,5,plain,14,172,0,1.712,1.679
ws,5,plain,15,172,0,1.663,1.611
ws,5,plain,16,172,0,2.307,2.264
ws,5,plain,17,172,0,2.02,1.974
ws,5,plain,18,172,0,1.726,1.684
ws,5,plain,19,172,0,1.773,1.737
ws,5,plain,20,172,0,1.635,1.581
ws,5,plain,21,172,0,1.691,1.658
ws,5,plain,22,172,0,1.855,1.824
ws,5,plain,23,172,0,2.056,2.024
ws,5,plain,24,172,0,1.804,1.727
ws,5,plain,25,172,0,2.508,2.478
ws,5,plain,26,172,0,1.583,1.558
ws,5,plain,27,172,0,2.098,2.074
ws,5,plain,28,172,0,1.906,1.887
ws,5,plain,29,172,0,1.495,1.458
ws,5,plain,30,172,0,1.026,0.982
ws,5,plain,31,172,0,1.321,1.306
ws,5,plain,32,172,0,1.501,1.39
ws,5,plain,33,172,0,2.027,2.004
ws,5,plain,34,172,0,1.54,1.52
ws,5,plain,35,172,0,1.713,1.69
ws,5,plain,36,172,0,2.017,1.994
ws,5,plain,37,172,0,1.553,1.532
ws,5,plain,38,172,0,1.507,1.491
ws,5,plain,39,172,0,1.101,1.084
ws,5,plain,40,172,0,1.341,1.309
ws,5,plain,41,172,0,1.01,0.981
ws,5,plain,42,172,0,1.241,1.211
ws,5,plain,43,172,0,1.076,1.058
ws,5,plain,44,172,0,1.924,1.903
ws,5,plain,45,172,0,1.585,1.553
ws,5,plain,46,172,0,2.225,2.198
ws,5,plain,47,172,0,2.51,2.458
ws,5,plain,48,172,0,2.554,2.507
ws,5,plain,49,172,0,1.732,1.707
ws,5,plain,50,172,0,1.649,1.62
ws,5,plain,51,172,0,1.823,1.801
ws,5,plain,52,172,0,1.846,1.699
ws,5,plain,53,172,0,2.437,2.405
ws,5,plain,54,172,0,2.315,2.279
ws,5,plain,55,172,0,2.045,1.972
ws,5,plain,56,172,0,1.747,1.718
ws,5,plain,57,172,0,2.471,2.449
ws,5,plain,58,172,0,1.786,1.759
ws,5,plain,59,172,0,1.624,1.602
ws,5,plain,60,172,0,2.736,2.688
ws,5,plain,61,172,0,2.003,1.968
ws,5,plain,62,172,0,1.763,1.688
ws,5,plain,63,172,0,2.03,2.001
ws,5,plain,64,172,0,1.654,1.628
ws,5,plain,65,172,0,1.609,1.574
ws,5,plain,66,172,0,2.977,2.824
ws,5,plain,67,172,0,1.835,1.811
ws,5,plain,68,172,0,1.843,1.758
ws,5,plain,69,172,0,2.303,2.272
ws,5,plain,70,172,0,2.06,2.022
ws,5,plain,71,172,0,1.525,1.488
ws,5,plain,72,172,0,1.893,1.862
ws,5,plain,73,172,0,2.172,2.146
ws,5,plain,74,172,0,2.431,2.402
ws,5,plain,75,172,0,2.383,2.333
ws,5,plain,76,172,0,1.935,1.863
ws,5,plain,77,172,0,2.581,2.549
ws,5,plain,78,172,0,1.846,1.807
ws,5,plain,79,172,0,2.121,2.091
ws,5,plain,80,172,0,2.673,2.63
ws,5,plain,81,172,0,1.893,1.85
ws,5,plain,82,172,0,1.7,1.679
ws,5,plain,83,172,0,2.424,2.378
ws,5,plain,84,172,0,2.185,2.134
ws,5,plain,85,172,0,1.736,1.678
ws,5,plain,86,172,0,1.948,1.913
ws,5,plain,87,172,0,2.698,2.563
ws,5,plain,88,172,0,2.755,2.731
ws,5,plain,89,172,0,1.729,1.697
ws,5,plain,90,172,0,2.464,2.418
ws,5,plain,91,172,0,2.329,2.284
ws,5,plain,92,172,0,2.431,2.408
ws,5,plain,93,172,0,1.611,1.581
ws,5,plain,94,172,0,1.992,1.868
ws,5,plain,95,172,0,2.309,2.287
ws,5,plain,96,172,0,2.422,2.388
ws,5,plain,97,172,0,2.003,1.965
ws,5,plain,98,172,0,3.039,3.014
ws,5,plain,99,172,0,2.004,1.874
ws,5,e2e,0,1015,3.0805,2.108,2.065
ws,5,e2e,1,1015,3.5314,2.005,1.978
ws,5,e2e,2,1015,4.0452,2.203,2.173
ws,5,e2e,3,1015,3.9688,1.879,1.85
ws,5,e2e,4,1015,3.3628,2.512,2.476
ws,5,e2e,5,1015,3.6967,2.482,2.452
ws,5,e2e,6,1015,4.0031,1.851,1.818
ws,5,e2e,7,1015,4.651,2.732,2.694
ws,5,e2e,8,1015,4.1075,2.692,2.66
ws,5,e2e,9,1015,3.8367,1.869,1.839
ws,5,e2e,10,1015,3.5914,2.222,2.136
ws,5,e2e,11,1015,3.4955,1.762,1.734
ws,5,e2e,12,1015,3.2956,2.027,1.965
ws,5,e2e,13,1015,4.0044,2.986,2.893
ws,5,e2e,14,1015,4.1996,2.654,2.49
ws,5,e2e,15,1015,3.6543,2.325,2.299
ws,5,e2e,16,1015,3.1409,1.929,1.904
ws,5,e2e,17,1015,2.9841,1.301,1.213
ws,5,e2e,18,1015,3.2747,2.621,2.594
ws,5,e2e,19,1015,2.986,2.745,2.691
ws,5,e2e,20,1015,3.3551,2.357,2.302
ws,5,e2e,21,1015,3.1464,1.62,1.594
ws,5,e2e,22,1015,3.5263,1.945,1.915
ws,5,e2e,23,1015,3.2807,2.423,2.387
ws,5,e2e,24,1015,3.3251,2.669,2.642
ws,5,e2e,25,1015,3.3459,1.874,1.834
ws,5,e2e,26,1015,3.7494,1.98,1.943
ws,5,e2e,27,1015,3.1842,2.827,2.788
ws,5,e2e,28,1015,3.897,2.03,1.936
ws,5,e2e,29,1015,3.1291,1.93,1.904
ws,5,e2e,30,1015,3.2849,2.246,2.213
ws,5,e2e,31,1015,3.6473,2.052,1.883
ws,5,e2e,32,1015,3.1566,1.556,1.528
ws,5,e2e,33,1015,3.0997,2.306,2.275
ws,5,e2e,34,1015,3.1181,2.011,1.984
ws,5,e2e,35,1015,3.0545,2.595,2.566
ws,5,e2e,36,1015,3.008,1.985,1.947
ws,5,e2e,37,1015,3.2383,1.793,1.745
ws,5,e2e,38,1015,3.1503,1.406,1.376
ws,5,e2e,39,1015,3.1212,2.775,2.643
ws,5,e2e,40,1015,3.4064,2.493,2.471
ws,5,e2e,41,1015,3.0006,1.49,1.469
ws,5,e2e,42,1015,3.0073,2.007,1.948
ws,5,e2e,43,1015,3.269,1.735,1.714
ws,5,e2e,44,1015,3.4272,1.692,1.672
ws,5,e2e,45,1015,2.9833,10.386,10.355
ws,5,e2e,46,1015,3.2249,2.613,2.585
ws,5,e2e,47,1015,2.9514,2.66,2.639
ws,5,e2e,48,1015,2.9377,1.65,1.557
ws,5,e2e,49,1015,2.9682,1.439,1.42
ws,5,e2e,50,1015,3.1949,1.853,1.772
ws,5,e2e,51,1015,2.9422,1.419,1.386
ws,5,e2e,52,1015,2.929,2.42,2.394
ws,5,e2e,53,1015,2.9106,1.505,1.472
ws,5,e2e,54,1015,5.0131,2.682,2.174
ws,5,e2e,55,1015,6.0128,2.584,2.522
ws,5,e2e,56,1015,6.8841,3.037,3.004
ws,5,e2e,57,1015,4.9193,2.005,1.978
ws,5,e2e,58,1015,6.0319,1.934,1.904
ws,5,e2e,59,1015,5.3579,2.645,2.613
ws,5,e2e,60,1015,3.5183,2.207,2.161
ws,5,e2e,61,1015,4.4245,2.983,2.93
ws,5,e2e,62,1015,5.7803,2.777,2.496
ws,5,e2e,63,1015,3.4147,2.105,2.08
ws,5,e2e,64,1015,3.1444,1.604,1.584
ws,5,e2e,65,1015,3.3037,2.203,2.186
ws,5,e2e,66,1015,2.9354,1.889,1.867
ws,5,e2e,67,1015,3.0428,2.149,2.127
ws,5,e2e,68,1015,3.853,3.009,2.975
ws,5,e2e,69,1015,4.0137,2.673,2.645
ws,5,e2e,70,1015,9.1969,2.836,2.791
ws,5,e2e,71,1015,6.5918,2.352,2.311
ws,5,e2e,72,1015,5.6209,2.371,2.345
ws,5,e2e,73,1015,3.9897,1.807,1.785
ws,5,e2e,74,1015,3.3765,1.609,1.585
ws,5,e2e,75,1015,2.9556,2.417,2.394
ws,5,e2e,76,1015,3.2446,2.298,2.274
ws,5,e2e,77,1015,3.0282,2.178,2.137
ws,5,e2e,78,1015,2.9427,1.712,1.693
ws,5,e2e,79,1015,3.6383,2.876,2.771
ws,5,e2e,80,1015,4.4748,3.615,3.583
ws,5,e2e,81,1015,3.1628,1.651,1.63
ws,5,e2e,82,1015,3.0227,1.556,1.539
ws,5,e2e,83,1015,3.0196,1.694,1.677
ws,5,e2e,84,1015,2.9132,1.797,1.775
ws,5,e2e,85,1015,3.1463,1.536,1.519
ws,5,e2e,86,1015,3.0495,1.503,1.485
ws,5,e2e,87,1015,2.906,2.136,2.122
ws,5,e2e,88,1015,3.0992,1.633,1.619
ws,5,e2e,89,1015,2.8422,1.57,1.553
ws,5,e2e,90,1015,3.3308,1.616,1.597
ws,5,e2e,91,1015,3.6586,2.643,2.628
ws,5,e2e,92,1015,3.5545,2.099,2.081
ws,5,e2e,93,1015,3.2825,1.436,1.419
ws,5,e2e,94,1015,2.9283,2.695,2.675
ws,5,e2e,95,1015,3.7664,2.243,2.226
ws,5,e2e,96,1015,3.9008,1.711,1.694
ws,5,e2e,97,1015,3.1802,1.771,1.754
ws,5,e2e,98,1015,2.8809,1.686,1.667
ws,5,e2e,99,1015,2.8737,1.671,1.654
ws,10,plain,0,173,0,1.996,1.95
ws,10,plain,1,173,0,1.668,1.614
ws,10,plain,2,173,0,2.236,2.195
ws,10,plain,3,173,0,1.657,1.587
ws,10,plain,4,173,0,1.346,1.329
ws,10,plain,5,173,0,1.487,1.472
ws,10,plain,6,173,0,1.467,1.453
ws,10,plain,7,173,0,1.74,1.726
ws,10,plain,8,173,0,1.429,1.417
ws,10,plain,9,173,0,0.966,0.951
ws,10,plain,10,173,0,1.439,1.425
ws,10,plain,11,173,0,1.08,1.067
ws,10,plain,12,173,0,1.394,1.376
ws,10,plain,13,173,0,1.426,1.411
ws,10,plain,14,173,0,1.788,1.766
ws,10,plain,15,173,0,1.721,1.694
ws,10,plain,16,173,0,1.715,1.651
ws,10,plain,17,173,0,1.535,1.475
ws,10,plain,18,173,0,1.934,1.874
ws,10,plain,19,173,0,1.535,1.497
ws,10,plain,20,173,0,2.003,1.949
ws,10,plain,21,173,0,1.799,1.665
ws,10,plain,22,173,0,1.803,1.676
ws,10,plain,23,173,0,2.314,2.28
ws,10,plain,24,173,0,1.682,1.597
ws,10,plain,25,173,0,2.361,2.261
ws,10,plain,26,173,0,2.311,2.217
ws,10,plain,27,173,0,1.643,1.557
ws,10,plain,28,173,0,1.956,1.863
ws,10,plain,29,173,0,1.832,1.723
ws,10,plain,30,173,0,1.483,1.365
ws,10,plain,31,173,0,2.175,2.104
ws,10,plain,32,173,0,2.878,2.706
ws,10,plain,33,173,0,1.62,1.545
ws,10,plain,34,173,0,1.733,1.705
ws,10,plain,35,173,0,2.556,2.43
ws,10,plain,36,173,0,2.087,2.064
ws,10,plain,37,173,0,1.674,1.642
ws,10,plain,38,173,0,1.93,1.881
ws,10,plain,39,173,0,2.506,2.407
ws,10,plain,40,173,0,1.704,1.63
ws,10,plain,41,173,0,2.368,2.323
ws,10,plain,42,173,0,1.757,1.62
ws,10,plain,43,173,0,2.833,2.755
ws,10,plain,44,173,0,1.613,1.59
ws,10,plain,45,173,0,2.127,2.073
ws,10,plain,46,173,0,1.545,1.428
ws,10,plain,47,173,0,2.284,2.156
ws,10,plain,48,173,0,1.733,1.576
ws,10,plain,49,173,0,2.554,2.529
ws,10,plain,50,173,0,1.643,1.618
ws,10,plain,51,173,0,1.813,1.748
ws,10,plain,52,173,0,2.324,2.23
ws,10,plain,53,173,0,1.621,1.532
ws,10,plain,54,173,0,2.388,2.272
ws,10,plain,55,173,0,2.203,2.18
ws,10,plain,56,173,0,1.567,1.534
ws,10,plain,57,173,0,1.327,1.285
ws,10,plain,58,173,0,1.743,1.636
ws,10,plain,59,173,0,1.725,1.666
ws,10,plain,60,173,0,1.911,1.837
ws,10,plain,61,173,0,2.105,2.086
ws,10,plain,62,173,0,1.521,1.498
ws,10,plain,63,173,0,1.637,1.611
ws,10,plain,64,173,0,2.546,2.447
ws,10,plain,65,173,0,1.636,1.534
ws,10,plain,66,173,0,1.612,1.522
ws,10,plain,67,173,0,1.726,1.621
ws,10,plain,68,173,0,1.471,1.454
ws,10,plain,69,173,0,1.252,1.181
ws,10,plain,70,173,0,1.625,1.601
ws,10,plain,71,173,0,1.555,1.529
ws,10,plain,72,173,0,9.729,9.404
ws,10,plain,73,173,0,2.888,2.855
ws,10,plain,74,173,0,1.383,1.364
ws,10,plain,75,173,0,1.941,1.864
ws,10,plain,76,173,0,1.665,1.647
ws,10,plain,77,173,0,1.545,1.527
ws,10,plain,78,173,0,1.148,1.098
ws,10,plain,79,173,0,1.491,1.393
ws,10,plain,80,173,0,2.203,2.048
ws,10,plain,81,173,0,2.065,2.02
ws,10,plain,82,173,0,1.465,1.435
ws,10,plain,83,173,0,1.866,1.835
ws,10,plain,84,173,0,1.609,1.589
ws,10,plain,85,173,0,1.537,1.519
ws,10,plain,86,173,0,1.581,1.546
ws,10,plain,87,173,0,2.023,1.964
ws,10,plain,88,173,0,1.535,1.447
ws,10,plain,89,173,0,1.666,1.626
ws,10,plain,90,173,0,1.671,1.651
ws,10,plain,91,173,0,1.914,1.898
ws,10,plain,92,173,0,1.435,1.401
ws,10,plain,93,173,0,1.04,1.011
ws,10,plain,94,173,0,1.669,1.653
ws,10,plain,95,173,0,1.975,1.95
ws,10,plain,96,173,0,1.686,1.673
ws,10,plain,97,173,0,2.005,1.98
ws,10,plain,98,173,0,1.5,1.484
ws,10,plain,99,173,0,1.374,1.34
ws,10,e2e,0,1630,6.3004,1.879,1.785
ws,10,e2e,1,1630,5.9816,1.994,1.975
ws,10,e2e,2,1630,6.6624,1.407,1.35
ws,10,e2e,3,1630,6.1156,1.808,1.781
ws,10,e2e,4,1630,6.1009,1.927,1.911
ws,10,e2e,5,1630,5.8523,1.805,1.788
ws,10,e2e,6,1630,6.5717,2.433,2.398
ws,10,e2e,7,1630,7.2702,1.782,1.76
ws,10,e2e,8,1630,6.0121,1.809,1.778
ws,10,e2e,9,1630,6.2145,2.06,1.961
ws,10,e2e,10,1630,5.7756,2.214,2.115
ws,10,e2e,11,1630,5.7577,2.214,2.186
ws,10,e2e,12,1630,5.8269,1.985,1.963
ws,10,e2e,13,1630,5.7067,2.045,2.022
ws,10,e2e,14,1630,6.2699,2.108,1.988
ws,10,e2e,15,1630,6.1604,1.953,1.861
ws,10,e2e,16,1630,5.8958,2.97,2.949
ws,10,e2e,17,1630,5.8687,2.568,2.532
ws,10,e2e,18,1630,5.9678,2.171,2.154
ws,10,e2e,19,1630,6.1036,2.214,2.126
ws,10,e2e,20,1630,6.8901,1.532,1.513
ws,10,e2e,21,1630,6.0067,2.891,2.876
ws,10,e2e,22,1630,5.7329,1.675,1.661
ws,10,e2e,23,1630,6.2094,1.689,1.672
ws,10,e2e,24,1630,5.7518,2.008,1.992
ws,10,e2e,25,1630,6.2335,2.279,2.261
ws,10,e2e,26,1630,6.0007,2.4,2.358
ws,10,e2e,27,1630,8.2631,2.174,1.94
ws,10,e2e,28,1630,6.5296,2.357,2.28
ws,10,e2e,29,1630,6.3518,1.938,1.919
ws,10,e2e,30,1630,5.9395,2.125,2.045
ws,10,e2e,31,1630,5.7746,1.812,1.782
ws,10,e2e,32,1630,5.8295,1.67,1.641
ws,10,e2e,33,1630,6.5664,2.206,2.19
ws,10,e2e,34,1630,5.6262,1.576,1.561
ws,10,e2e,35,1630,5.9236,2.138,2.121
ws,10,e2e,36,1630,5.6417,1.603,1.587
ws,10,e2e,37,1630,5.7964,2.539,2.518
ws,10,e2e,38,1630,5.7209,1.862,1.842
ws,10,e2e,39,1630,5.7407,2.062,2.042
ws,10,e2e,40,1630,5.844,2.588,2.566
ws,10,e2e,41,1630,5.9508,2.413,2.394
ws,10,e2e,42,1630,5.7011,1.922,1.902
ws,10,e2e,43,1630,5.6861,1.861,1.846
ws,10,e2e,44,1630,5.6458,1.544,1.522
ws,10,e2e,45,1630,5.9757,2.313,2.157
ws,10,e2e,46,1630,8.5618,1.915,1.894
ws,10,e2e,47,1630,9.4827,3.42,3.291
ws,10,e2e,48,1630,6.0283,2.551,2.52
ws,10,e2e,49,1630,6.1118,2.878,2.842
ws,10,e2e,50,1630,5.9506,1.925,1.856
ws,10,e2e,51,1630,6.0863,2.062,2.003
ws,10,e2e,52,1630,6.1003,2.559,2.528
ws,10,e2e,53,1630,6.3026,2.081,2.018
ws,10,e2e,54,1630,6.2828,1.753,1.729
ws,10,e2e,55,1630,6.4979,2.234,2.213
ws,10,e2e,56,1630,6.0587,1.948,1.916
ws,10,e2e,57,1630,7.5677,2.37,2.345
ws,10,e2e,58,1630,6.0579,2.052,2.023
ws,10,e2e,59,1630,7.0406,2.648,2.627
ws,10,e2e,60,1630,7.0586,2.086,2.032
ws,10,e2e,61,1630,7.0354,1.872,1.826
ws,10,e2e,62,1630,6.9499,2.275,2.17
ws,10,e2e,63,1630,6.9131,1.942,1.923
ws,10,e2e,64,1630,6.8955,1.813,1.789
ws,10,e2e,65,1630,6.7972,2.107,2.088
ws,10,e2e,66,1630,7.0198,2.442,2.422
ws,10,e2e,67,1630,6.8647,1.903,1.882
ws,10,e2e,68,1630,7.1884,1.945,1.91
ws,10,e2e,69,1630,7.2586,1.995,1.975
ws,10,e2e,70,1630,8.0545,2.952,2.914
ws,10,e2e,71,1630,12.5631,2.313,2.274
ws,10,e2e,72,1630,12.5048,3.18,3.14
ws,10,e2e,73,1630,13.3074,2.961,2.745
ws,10,e2e,74,1630,9.3689,2.039,2.017
ws,10,e2e,75,1630,9.59,3.675,3.636
ws,10,e2e,76,1630,10.9158,2.164,2.145
ws,10,e2e,77,1630,7.2586,2.463,2.443
ws,10,e2e,78,1630,9.4878,2.878,2.842
ws,10,e2e,79,1630,9.1719,2.083,2.056
ws,10,e2e,80,1630,7.734,1.355,1.337
ws,10,e2e,81,1630,6.8659,2.043,2.024
ws,10,e2e,82,1630,10.9017,2.789,2.701
ws,10,e2e,83,1630,13.0389,2.344,2.311
ws,10,e2e,84,1630,12.8099,2.645,2.614
ws,10,e2e,85,1630,12.6918,2.918,2.885
ws,10,e2e,86,1630,8.2524,1.861,1.838
ws,10,e2e,87,1630,11.1324,2.877,2.837
ws,10,e2e,88,1630,9.0155,2.706,2.674
ws,10,e2e,89,1630,14.0069,3.655,3.613
ws,10,e2e,90,1630,14.3629,3.014,2.957
ws,10,e2e,91,1630,13.0972,16.972,16.945
ws,10,e2e,92,1630,9.5906,3.801,3.748
ws,10,e2e,93,1630,10.5974,2.183,2.159
ws,10,e2e,94,1630,11.4153,2.457,2.434
ws,10,e2e,95,1630,7.966,2.795,2.758
ws,10,e2e,96,1630,10.4091,1.85,1.828
ws,10,e2e,97,1630,10.6293,3.271,3.238
ws,10,e2e,98,1630,13.6721,2.449,2.416
ws,10,e2e,99,1630,11.9452,2.327,2.3
ws,20,plain,0,173,0,2.643,2.606
ws,20,plain,1,173,0,2.023,1.947
ws,20,plain,2,173,0,2.451,2.433
ws,20,plain,3,173,0,2.086,2.064
ws,20,plain,4,173,0,1.685,1.66
ws,20,plain,5,173,0,2.181,2.158
ws,20,plain,6,173,0,2.151,2.09
ws,20,plain,7,173,0,2.283,2.255
ws,20,plain,8,173,0,1.746,1.698
ws,20,plain,9,173,0,3.209,3.187
ws,20,plain,10,173,0,2.408,2.374
ws,20,plain,11,173,0,2.269,2.232
ws,20,plain,12,173,0,1.709,1.658
ws,20,plain,13,173,0,2.664,2.63
ws,20,plain,14,173,0,1.911,1.891
ws,20,plain,15,173,0,1.576,1.547
ws,20,plain,16,173,0,2.17,2.082
ws,20,plain,17,173,0,1.884,1.842
ws,20,plain,18,173,0,1.69,1.65
ws,20,plain,19,173,0,2.169,2.122
ws,20,plain,20,173,0,1.741,1.717
ws,20,plain,21,173,0,2.799,2.682
ws,20,plain,22,173,0,1.831,1.765
ws,20,plain,23,173,0,1.896,1.867
ws,20,plain,24,173,0,2.25,2.233
ws,20,plain,25,173,0,2.034,2.012
ws,20,plain,26,173,0,1.622,1.587
ws,20,plain,27,173,0,2.316,2.3
ws,20,plain,28,173,0,1.748,1.708
ws,20,plain,29,173,0,2.058,1.992
ws,20,plain,30,173,0,2.462,2.434
ws,20,plain,31,173,0,2.363,2.302
ws,20,plain,32,173,0,1.783,1.761
ws,20,plain,33,173,0,2.286,2.267
ws,20,plain,34,173,0,2.098,2.045
ws,20,plain,35,173,0,1.782,1.729
ws,20,plain,36,173,0,2.18,2.13
ws,20,plain,37,173,0,1.811,1.749
ws,20,plain,38,173,0,2.673,2.645
ws,20,plain,39,173,0,2.482,2.453
ws,20,plain,40,173,0,2.053,2.018
ws,20,plain,41,173,0,1.588,1.562
ws,20,plain,42,173,0,2.366,2.335
ws,20,plain,43,173,0,2.16,2.07
ws,20,plain,44,173,0,2.509,2.483
ws,20,plain,45,173,0,2.814,2.772
ws,20,plain,46,173,0,3.127,3.033
ws,20,plain,47,173,0,2.26,2.164
ws,20,plain,48,173,0,2.037,1.943
ws,20,plain,49,173,0,3.335,3.229
ws,20,plain,50,173,0,2.579,2.406
ws,20,plain,51,173,0,2.334,2.293
ws,20,plain,52,173,0,2.763,2.721
ws,20,plain,53,173,0,2.51,2.472
ws,20,plain,54,173,0,2.836,2.802
ws,20,plain,55,173,0,2.69,2.492
ws,20,plain,56,173,0,2.654,2.444
ws,20,plain,57,173,0,3.22,3.153
ws,20,plain,58,173,0,3.453,3.435
ws,20,plain,59,173,0,2.077,2.061
ws,20,plain,60,173,0,1.721,1.664
ws,20,plain,61,173,0,1.957,1.938
ws,20,plain,62,173,0,2.316,2.289
ws,20,plain,63,173,0,3.045,2.972
ws,20,plain,64,173,0,2.721,2.631
ws,20,plain,65,173,0,3.506,3.349
ws,20,plain,66,173,0,1.923,1.892
ws,20,plain,67,173,0,3.109,3.079
ws,20,plain,68,173,0,2.606,2.417
ws,20,plain,69,173,0,2.299,2.262
ws,20,plain,70,173,0,3.328,3.29
ws,20,plain,71,173,0,3.581,3.507
ws,20,plain,72,173,0,2.818,2.727
ws,20,plain,73,173,0,2.995,2.958
ws,20,plain,74,173,0,3.258,3.213
ws,20,plain,75,173,0,2.833,2.792
ws,20,plain,76,173,0,3.083,3.006
ws,20,plain,77,173,0,4.056,3.757
ws,20,plain,78,173,0,4.056,3.787
ws,20,plain,79,173,0,4.685,4.625
ws,20,plain,80,173,0,3.44,3.398
ws,20,plain,81,173,0,3.523,3.478
ws,20,plain,82,173,0,3.097,2.958
ws,20,plain,83,173,0,3.114,3.078
ws,20,plain,84,173,0,2.836,2.616
ws,20,plain,85,173,0,2.089,2.045
ws,20,plain,86,173,0,2.033,2.01
ws,20,plain,87,173,0,2.161,2.062
ws,20,plain,88,173,0,2.152,2.131
ws,20,plain,89,173,0,2.599,2.577
ws,20,plain,90,173,0,2.354,2.19
ws,20,plain,91,173,0,2.172,2.131
ws,20,plain,92,173,0,1.818,1.8
ws,20,plain,93,173,0,1.886,1.857
ws,20,plain,94,173,0,1.523,1.506
ws,20,plain,95,173,0,1.825,1.767
ws,20,plain,96,173,0,1.781,1.763
ws,20,plain,97,173,0,2.363,2.343
ws,20,plain,98,173,0,2.24,2.186
ws,20,plain,99,173,0,1.776,1.741
ws,20,e2e,0,2850,16.8206,2.882,2.847
ws,20,e2e,1,2850,26.5185,3.323,3.29
ws,20,e2e,2,2850,26.9554,3.558,3.51
ws,20,e2e,3,2850,26.9347,2.847,2.668
ws,20,e2e,4,2850,26.837,4.231,4.13
ws,20,e2e,5,2850,23.5185,4.19,4.139
ws,20,e2e,6,2850,29.9562,4.001,3.857
ws,20,e2e,7,2850,28.871,2.462,2.424
ws,20,e2e,8,2850,21.4342,2.571,2.521
ws,20,e2e,9,2850,17.5283,2.47,2.437
ws,20,e2e,10,2850,18.7465,3.655,3.592
ws,20,e2e,11,2850,22.0474,2.559,2.518
ws,20,e2e,12,2850,20.4885,3.864,3.769
ws,20,e2e,13,2850,21.186,3.739,3.668
ws,20,e2e,14,2850,27.0281,4.007,3.746
ws,20,e2e,15,2850,28.0166,3.481,3.311
ws,20,e2e,16,2850,17.8598,3.293,3.205
ws,20,e2e,17,2850,20.6291,3.179,3.153
ws,20,e2e,18,2850,26.3306,13.251,13.183
ws,20,e2e,19,2850,16.5385,29.123,29.077
ws,20,e2e,20,2850,23.7192,2.555,2.526
ws,20,e2e,21,2850,24.0428,3.557,3.278
ws,20,e2e,22,2850,24.8631,3.912,3.881
ws,20,e2e,23,2850,26.2047,4.052,3.999
ws,20,e2e,24,2850,27.1642,3.577,3.337
ws,20,e2e,25,2850,26.1225,3.586,3.453
ws,20,e2e,26,2850,14.5403,2.996,2.929
ws,20,e2e,27,2850,20.6641,4.133,4.089
ws,20,e2e,28,2850,23.4995,2.882,2.782
ws,20,e2e,29,2850,19.4047,2.472,2.386
ws,20,e2e,30,2850,14.5198,2.46,2.419
ws,20,e2e,31,2850,15.3014,2.962,2.937
ws,20,e2e,32,2850,18.0099,3.331,3.251
ws,20,e2e,33,2850,18.617,3.208,3.072
ws,20,e2e,34,2850,18.684,3.446,3.335
ws,20,e2e,35,2850,18.9731,4.346,4.179
ws,20,e2e,36,2850,17.6387,3.469,3.4
ws,20,e2e,37,2850,14.4618,3.357,3.2
ws,20,e2e,38,2850,17.7573,3.242,3.178
ws,20,e2e,39,2850,15.5366,2.137,2.113
ws,20,e2e,40,2850,13.6961,2.948,2.89
ws,20,e2e,41,2850,13.5838,2.661,2.592
ws,20,e2e,42,2850,13.5902,2.147,2.099
ws,20,e2e,43,2850,13.559,2.477,2.408
ws,20,e2e,44,2850,14.2949,3.215,3.181
ws,20,e2e,45,2850,18.2307,2.63,2.59
ws,20,e2e,46,2850,24.6505,3.427,3.254
ws,20,e2e,47,2850,16.4211,2.609,2.554
ws,20,e2e,48,2850,14.7115,2.501,2.474
ws,20,e2e,49,2850,20.6694,2.946,2.879
ws,20,e2e,50,2850,15.7276,3.292,3.143
ws,20,e2e,51,2850,22.021,3.361,3.334
ws,20,e2e,52,2850,19.8879,2.725,2.675
ws,20,e2e,53,2850,15.6437,2.774,2.649
ws,20,e2e,54,2850,16.4525,2.148,2.12
ws,20,e2e,55,2850,21.1233,3.273,3.251
ws,20,e2e,56,2850,13.5546,2.684,2.545
ws,20,e2e,57,2850,18.2836,2.673,2.627
ws,20,e2e,58,2850,26.0818,3.896,3.861
ws,20,e2e,59,2850,25.8367,3.135,3.055
ws,20,e2e,60,2850,14.1836,2.552,2.53
ws,20,e2e,61,2850,17.1856,2.472,2.336
ws,20,e2e,62,2850,19.8529,3.13,2.988
ws,20,e2e,63,2850,26.9654,2.698,2.581
ws,20,e2e,64,2850,21.3047,2.774,2.648
ws,20,e2e,65,2850,18.5893,3.28,3.225
ws,20,e2e,66,2850,15.5175,2.83,2.766
ws,20,e2e,67,2850,20.1979,4.088,3.967
ws,20,e2e,68,2850,20.6256,2.67,2.648
ws,20,e2e,69,2850,21.4829,2.956,2.867
ws,20,e2e,70,2850,23.0958,2.77,2.714
ws,20,e2e,71,2850,14.1421,2.792,2.755
ws,20,e2e,72,2850,16.8052,2.929,2.899
ws,20,e2e,73,2850,18.0125,2.476,2.343
ws,20,e2e,74,2850,20.7918,3.035,3.004
ws,20,e2e,75,2850,24.272,3.232,3.132
ws,20,e2e,76,2850,20.3955,3.522,3.495
ws,20,e2e,77,2850,13.5309,2.296,2.267
ws,20,e2e,78,2850,11.2169,2.769,2.743
ws,20,e2e,79,2850,11.1555,2.507,2.488
ws,20,e2e,80,2850,11.1732,2.049,2.03
ws,20,e2e,81,2850,11.5379,2.105,1.941
ws,20,e2e,82,2850,12.1227,2.967,2.801
ws,20,e2e,83,2850,16.0886,2.742,2.716
ws,20,e2e,84,2850,13.3145,2.233,2.189
ws,20,e2e,85,2850,15.7601,2.779,2.754
ws,20,e2e,86,2850,15.4744,2.533,2.496
ws,20,e2e,87,2850,13.9415,2.469,2.441
ws,20,e2e,88,2850,14.2027,2.129,2.103
ws,20,e2e,89,2850,12.3343,2.688,2.627
ws,20,e2e,90,2850,12.4273,2.918,2.901
ws,20,e2e,91,2850,11.6435,2.925,2.802
ws,20,e2e,92,2850,12.8669,2.325,2.276
ws,20,e2e,93,2850,12.0921,2.347,2.327
ws,20,e2e,94,2850,11.5857,2.95,2.856
ws,20,e2e,95,2850,11.6623,2.043,1.907
ws,20,e2e,96,2850,15.0044,2.928,2.872
ws,20,e2e,97,2850,13.9946,2.889,2.864
ws,20,e2e,98,2850,15.1835,2.231,2.164
ws,20,e2e,99,2850,11.6322,2.307,2.288
ws,50,plain,0,173,0,2.499,2.381
ws,50,plain,1,173,0,2.412,2.355
ws,50,plain,2,173,0,1.854,1.809
ws,50,plain,3,173,0,1.975,1.937
ws,50,plain,4,173,0,1.98,1.945
ws,50,plain,5,173,0,2.617,2.578
ws,50,plain,6,173,0,2.452,2.417
ws,50,plain,7,173,0,1.938,1.907
ws,50,plain,8,173,0,1.748,1.667
ws,50,plain,9,173,0,2.487,2.389
ws,50,plain,10,173,0,2.06,2.045
ws,50,plain,11,173,0,2.711,2.694
ws,50,plain,12,173,0,2.544,2.449
ws,50,plain,13,173,0,1.916,1.878
ws,50,plain,14,173,0,2.751,2.72
ws,50,plain,15,173,0,2.335,2.298
ws,50,plain,16,173,0,1.882,1.851
ws,50,plain,17,173,0,2.53,2.493
ws,50,plain,18,173,0,2.438,2.407
ws,50,plain,19,173,0,2.138,2.115
ws,50,plain,20,173,0,2.766,2.725
ws,50,plain,21,173,0,2.606,2.577
ws,50,plain,22,173,0,2.042,2.005
ws,50,plain,23,173,0,2.428,2.392
ws,50,plain,24,173,0,1.995,1.962
ws,50,plain,25,173,0,1.663,1.629
ws,50,plain,26,173,0,2.1,2.073
ws,50,plain,27,173,0,2.031,1.995
ws,50,plain,28,173,0,1.98,1.951
ws,50,plain,29,173,0,2.921,2.878
ws,50,plain,30,173,0,2.427,2.392
ws,50,plain,31,173,0,1.936,1.901
ws,50,plain,32,173,0,2.464,2.429
ws,50,plain,33,173,0,2.379,2.349
ws,50,plain,34,173,0,1.961,1.925
ws,50,plain,35,173,0,2.031,1.991
ws,50,plain,36,173,0,2.543,2.505
ws,50,plain,37,173,0,1.888,1.86
ws,50,plain,38,173,0,1.505,1.472
ws,50,plain,39,173,0,1.854,1.832
ws,50,plain,40,173,0,1.604,1.573
ws,50,plain,41,173,0,1.837,1.806
ws,50,plain,42,173,0,1.912,1.874
ws,50,plain,43,173,0,1.56,1.531
ws,50,plain,44,173,0,2.308,2.292
ws,50,plain,45,173,0,2.12,1.841
ws,50,plain,46,173,0,2.173,2.137
ws,50,plain,47,173,0,1.836,1.799
ws,50,plain,48,173,0,2.489,2.462
ws,50,plain,49,173,0,2.249,2.226
ws,50,plain,50,173,0,1.816,1.801
ws,50,plain,51,173,0,2.185,2.164
ws,50,plain,52,173,0,2.556,2.521
ws,50,plain,53,173,0,2.309,2.277
ws,50,plain,54,173,0,2.39,2.359
ws,50,plain,55,173,0,1.91,1.882
ws,50,plain,56,173,0,1.5,1.463
ws,50,plain,57,173,0,1.933,1.846
ws,50,plain,58,173,0,2.069,2.054
ws,50,plain,59,173,0,2.091,2.046
ws,50,plain,60,173,0,2.258,2.24
ws,50,plain,61,173,0,1.585,1.545
ws,50,plain,62,173,0,2.061,2.029
ws,50,plain,63,173,0,1.944,1.913
ws,50,plain,64,173,0,2.362,2.321
ws,50,plain,65,173,0,2.345,2.311
ws,50,plain,66,173,0,1.876,1.84
ws,50,plain,67,173,0,2.17,2.13
ws,50,plain,68,173,0,1.929,1.895
ws,50,plain,69,173,0,2.536,2.507
ws,50,plain,70,173,0,2.22,2.18
ws,50,plain,71,173,0,2.395,2.364
ws,50,plain,72,173,0,1.844,1.817
ws,50,plain,73,173,0,2.129,2.099
ws,50,plain,74,173,0,3.077,2.964
ws,50,plain,75,173,0,3.361,3.243
ws,50,plain,76,173,0,3.804,3.718
ws,50,plain,77,173,0,3.975,3.93
ws,50,plain,78,173,0,3.6,3.524
ws,50,plain,79,173,0,3.041,2.946
ws,50,plain,80,173,0,2.574,2.495
ws,50,plain,81,173,0,3.118,3.089
ws,50,plain,82,173,0,3.919,3.854
ws,50,plain,83,173,0,3.183,3.085
ws,50,plain,84,173,0,2.804,2.722
ws,50,plain,85,173,0,2.48,2.438
ws,50,plain,86,173,0,2.086,2.054
ws,50,plain,87,173,0,1.648,1.614
ws,50,plain,88,173,0,1.878,1.833
ws,50,plain,89,173,0,2.007,1.972
ws,50,plain,90,173,0,1.95,1.915
ws,50,plain,91,173,0,2.377,2.333
ws,50,plain,92,173,0,2.48,2.439
ws,50,plain,93,173,0,1.72,1.678
ws,50,plain,94,173,0,1.926,1.892
ws,50,plain,95,173,0,1.856,1.825
ws,50,plain,96,173,0,1.575,1.502
ws,50,plain,97,173,0,1.874,1.844
ws,50,plain,98,173,0,1.92,1.886
ws,50,plain,99,173,0,2.23,2.185
ws,50,e2e,0,6510,46.1099,4.149,4.11
ws,50,e2e,1,6510,35.8341,3.614,3.589
ws,50,e2e,2,6510,33.9778,4.11,4.081
ws,50,e2e,3,6510,42.1602,6.947,6.892
ws,50,e2e,4,6510,39.9412,12.564,12.406
ws,50,e2e,5,6510,47.1139,6.043,5.928
ws,50,e2e,6,6510,42.3588,3.986,3.922
ws,50,e2e,7,6510,36.9905,3.778,3.754
ws,50,e2e,8,6510,39.3242,4.095,4.052
ws,50,e2e,9,6510,34.8935,3.653,3.596
ws,50,e2e,10,6510,36.3389,3.683,3.595
ws,50,e2e,11,6510,41.8924,4.117,3.968
ws,50,e2e,12,6510,45.2426,4.078,4.033
ws,50,e2e,13,6510,37.4221,3.631,3.605
ws,50,e2e,14,6510,35.466,4.122,4.083
ws,50,e2e,15,6510,37.6558,3.756,3.564
ws,50,e2e,16,6510,33.8582,3.337,3.311
ws,50,e2e,17,6510,37.5744,3.379,3.323
ws,50,e2e,18,6510,37.5601,4.57,4.543
ws,50,e2e,19,6510,46.3217,3.527,3.499
ws,50,e2e,20,6510,33.9462,3.656,3.605
ws,50,e2e,21,6510,33.7886,3.817,3.654
ws,50,e2e,22,6510,33.7318,3.587,3.562
ws,50,e2e,23,6510,40.4074,4.228,4.2
ws,50,e2e,24,6510,38.5593,4.208,4.18
ws,50,e2e,25,6510,38.1372,3.956,3.935
ws,50,e2e,26,6510,34.8643,4.109,4.038
ws,50,e2e,27,6510,52.1945,4.164,4.133
ws,50,e2e,28,6510,35.6217,4.658,4.63
ws,50,e2e,29,6510,39.6346,5.224,5.192
ws,50,e2e,30,6510,67.7583,6.299,6.223
ws,50,e2e,31,6510,42.1048,4.764,4.739
ws,50,e2e,32,6510,34.9047,4.628,4.569
ws,50,e2e,33,6510,38.1169,4.252,4.178
ws,50,e2e,34,6510,41.7939,4.067,4.044
ws,50,e2e,35,6510,41.3271,4.267,4.216
ws,50,e2e,36,6510,34.3261,3.719,3.657
ws,50,e2e,37,6510,36.1364,3.732,3.692
ws,50,e2e,38,6510,40.245,4.029,3.81
ws,50,e2e,39,6510,37.7985,3.653,3.625
ws,50,e2e,40,6510,35.5233,4.056,3.989
ws,50,e2e,41,6510,34.5454,4.405,4.356
ws,50,e2e,42,6510,38.0783,4.383,4.359
ws,50,e2e,43,6510,39.3508,5.223,5.083
ws,50,e2e,44,6510,39.2998,3.871,3.714
ws,50,e2e,45,6510,34.05,3.801,3.702
ws,50,e2e,46,6510,43.3522,3.753,3.616
ws,50,e2e,47,6510,43.4451,4.113,4.01
ws,50,e2e,48,6510,38.9977,3.172,3.143
ws,50,e2e,49,6510,35.7075,4.271,4.211
ws,50,e2e,50,6510,34.1222,3.971,3.941
ws,50,e2e,51,6510,45.3425,5.647,5.599
ws,50,e2e,52,6510,45.273,4.136,4.052
ws,50,e2e,53,6510,36.5335,10.205,10.126
ws,50,e2e,54,6510,34.5347,3.711,3.643
ws,50,e2e,55,6510,37.4998,3.528,3.476
ws,50,e2e,56,6510,35.1403,3.826,3.798
ws,50,e2e,57,6510,39.8143,3.3,3.273
ws,50,e2e,58,6510,35.4643,3.542,3.518
ws,50,e2e,59,6510,34.0137,4.204,4.179
ws,50,e2e,60,6510,39.3509,3.548,3.482
ws,50,e2e,61,6510,35.136,3.984,3.883
ws,50,e2e,62,6510,37.9997,3.677,3.622
ws,50,e2e,63,6510,39.3584,3.945,3.895
ws,50,e2e,64,6510,35.7774,4.071,4.006
ws,50,e2e,65,6510,35.8979,5.356,5.314
ws,50,e2e,66,6510,36.6229,3.945,3.774
ws,50,e2e,67,6510,34.8617,3.697,3.668
ws,50,e2e,68,6510,35.4905,4.53,4.504
ws,50,e2e,69,6510,35.0991,4.147,4.121
ws,50,e2e,70,6510,34.02,4.564,4.291
ws,50,e2e,71,6510,36.2649,4.338,4.234
ws,50,e2e,72,6510,37.9723,4.546,4.469
ws,50,e2e,73,6510,45.0145,4.661,4.632
ws,50,e2e,74,6510,37.3364,4.717,4.675
ws,50,e2e,75,6510,45.7447,4.971,4.927
ws,50,e2e,76,6510,45.2069,3.504,3.452
ws,50,e2e,77,6510,35.2575,3.377,3.324
ws,50,e2e,78,6510,34.9494,3.557,3.512
ws,50,e2e,79,6510,34.024,3.788,3.709
ws,50,e2e,80,6510,33.9948,5.093,4.986
ws,50,e2e,81,6510,36.4334,3.396,3.368
ws,50,e2e,82,6510,34.0939,4.124,4.092
ws,50,e2e,83,6510,35.6354,3.466,3.411
ws,50,e2e,84,6510,34.0661,3.517,3.461
ws,50,e2e,85,6510,33.8475,3.557,3.484
ws,50,e2e,86,6510,33.803,3.777,3.671
ws,50,e2e,87,6510,33.8546,3.648,3.626
ws,50,e2e,88,6510,37.7279,3.743,3.703
ws,50,e2e,89,6510,41.385,3.929,3.787
ws,50,e2e,90,6510,39.8373,3.505,3.44
ws,50,e2e,91,6510,33.8725,3.64,3.572
ws,50,e2e,92,6510,40.8337,3.747,3.549
ws,50,e2e,93,6510,34.7025,4.234,4.175
ws,50,e2e,94,6510,34.4507,4.263,4.11
ws,50,e2e,95,6510,34.0738,3.41,3.384
ws,50,e2e,96,6510,38.9733,3.416,3.345
ws,50,e2e,97,6510,43.7282,3.625,3.571
ws,50,e2e,98,6510,34.3021,3.871,3.847
ws,50,e2e,99,6510,34.0208,3.779,3.718
mqtt,2,plain,0,174,0,4.004,3.398
mqtt,2,plain,1,174,0,4.773,4.128
mqtt,2,plain,2,174,0,3.721,2.996
mqtt,2,plain,3,174,0,2.983,2.499
mqtt,2,plain,4,174,0,2.986,2.622
mqtt,2,plain,5,174,0,2.724,2.392
mqtt,2,plain,6,174,0,3.553,3.05
mqtt,2,plain,7,174,0,3.333,2.772
mqtt,2,plain,8,174,0,3.519,3.157
mqtt,2,plain,9,174,0,2.886,2.639
mqtt,2,plain,10,174,0,2.386,1.991
mqtt,2,plain,11,174,0,3.287,2.836
mqtt,2,plain,12,174,0,3.827,3.254
mqtt,2,plain,13,174,0,3.613,3.088
mqtt,2,plain,14,174,0,3.825,3.256
mqtt,2,plain,15,174,0,3.476,2.952
mqtt,2,plain,16,174,0,2.38,2.129
mqtt,2,plain,17,174,0,2.482,2.255
mqtt,2,plain,18,174,0,1.866,1.67
mqtt,2,plain,19,174,0,2.574,2.403
mqtt,2,plain,20,174,0,1.728,1.56
mqtt,2,plain,21,174,0,1.918,1.674
mqtt,2,plain,22,174,0,2.225,1.965
mqtt,2,plain,23,174,0,2.678,2.41
mqtt,2,plain,24,174,0,1.975,1.761
mqtt,2,plain,25,174,0,2.625,2.433
mqtt,2,plain,26,174,0,2.42,2.243
mqtt,2,plain,27,174,0,1.743,1.592
mqtt,2,plain,28,174,0,2.732,2.545
mqtt,2,plain,29,174,0,1.821,1.646
mqtt,2,plain,30,174,0,2.377,2.028
mqtt,2,plain,31,174,0,2.034,1.784
mqtt,2,plain,32,174,0,1.823,1.618
mqtt,2,plain,33,174,0,1.954,1.735
mqtt,2,plain,34,174,0,2.22,1.95
mqtt,2,plain,35,174,0,2.333,2.149
mqtt,2,plain,36,174,0,2.065,1.845
mqtt,2,plain,37,174,0,2.171,1.997
mqtt,2,plain,38,174,0,2.096,1.812
mqtt,2,plain,39,174,0,3.19,2.895
mqtt,2,plain,40,174,0,2.416,2.189
mqtt,2,plain,41,174,0,3.131,2.85
mqtt,2,plain,42,174,0,2.556,2.356
mqtt,2,plain,43,174,0,2.554,2.322
mqtt,2,plain,44,174,0,2.644,2.382
mqtt,2,plain,45,174,0,2.835,2.622
mqtt,2,plain,46,174,0,1.841,1.641
mqtt,2,plain,47,174,0,2.539,2.327
mqtt,2,plain,48,174,0,2.578,2.41
mqtt,2,plain,49,174,0,2.64,2.446
mqtt,2,plain,50,174,0,2.625,2.436
mqtt,2,plain,51,174,0,4.661,4.368
mqtt,2,plain,52,174,0,3.274,3.068
mqtt,2,plain,53,174,0,1.68,1.48
mqtt,2,plain,54,174,0,1.347,1.131
mqtt,2,plain,55,174,0,1.711,1.506
mqtt,2,plain,56,174,0,2.444,2.278
mqtt,2,plain,57,174,0,1.911,1.678
mqtt,2,plain,58,174,0,2.503,2.2
mqtt,2,plain,59,174,0,1.729,1.541
mqtt,2,plain,60,174,0,1.756,1.491
mqtt,2,plain,61,174,0,2.003,1.794
mqtt,2,plain,62,174,0,2.459,2.292
mqtt,2,plain,63,174,0,1.721,1.579
mqtt,2,plain,64,174,0,1.474,1.28
mqtt,2,plain,65,174,0,1.984,1.797
mqtt,2,plain,66,174,0,1.865,1.573
mqtt,2,plain,67,174,0,2.18,1.958
mqtt,2,plain,68,174,0,1.787,1.601
mqtt,2,plain,69,174,0,2.072,1.84
mqtt,2,plain,70,174,0,2.307,2.133
mqtt,2,plain,71,174,0,2.454,2.292
mqtt,2,plain,72,174,0,2.644,2.479
mqtt,2,plain,73,174,0,2.39,2.461
mqtt,2,plain,74,174,0,3.032,2.558
mqtt,2,plain,75,174,0,2.078,1.846
mqtt,2,plain,76,174,0,2.383,2.203
mqtt,2,plain,77,174,0,3.059,2.829
mqtt,2,plain,78,174,0,2.365,2.159
mqtt,2,plain,79,174,0,1.953,1.772
mqtt,2,plain,80,174,0,3.465,3.112
mqtt,2,plain,81,174,0,1.917,1.715
mqtt,2,plain,82,174,0,1.51,1.31
mqtt,2,plain,83,174,0,1.827,1.577
mqtt,2,plain,84,174,0,2.04,1.806
mqtt,2,plain,85,174,0,2.533,2.345
mqtt,2,plain,86,174,0,2.375,2.197
mqtt,2,plain,87,174,0,1.892,1.672
mqtt,2,plain,88,174,0,2.994,2.751
mqtt,2,plain,89,174,0,2.99,2.802
mqtt,2,plain,90,174,0,1.741,1.567
mqtt,2,plain,91,174,0,2.159,2.003
mqtt,2,plain,92,174,0,1.784,1.599
mqtt,2,plain,93,174,0,1.415,1.247
mqtt,2,plain,94,174,0,1.874,1.682
mqtt,2,plain,95,174,0,1.874,1.618
mqtt,2,plain,96,174,0,2.76,2.377
mqtt,2,plain,97,174,0,2.814,2.582
mqtt,2,plain,98,174,0,3.746,3.237
mqtt,2,plain,99,174,0,3.086,2.575
mqtt,2,e2e,0,665,2.8201,3.586,3.284
mqtt,2,e2e,1,665,2.1215,3.162,2.828
mqtt,2,e2e,2,665,2.5023,3.329,2.855
mqtt,2,e2e,3,665,2.9456,3.64,3.266
mqtt,2,e2e,4,665,2.5917,3.503,3.117
mqtt,2,e2e,5,665,2.8068,2.825,2.601
mqtt,2,e2e,6,665,1.7533,3.14,2.879
mqtt,2,e2e,7,665,2.5696,3.42,3.037
mqtt,2,e2e,8,665,2.9812,3.09,2.813
mqtt,2,e2e,9,665,2.0825,3.541,3.093
mqtt,2,e2e,10,665,3.1016,3.74,3.355
mqtt,2,e2e,11,665,2.8911,16.647,16.34
mqtt,2,e2e,12,665,2.4342,4.192,3.938
mqtt,2,e2e,13,665,2.1549,2.681,2.396
mqtt,2,e2e,14,665,2.3702,3.749,3.241
mqtt,2,e2e,15,665,2.9919,2.959,2.625
mqtt,2,e2e,16,665,2.6088,3.788,3.349
mqtt,2,e2e,17,665,3.1763,4.213,3.728
mqtt,2,e2e,18,665,3.0702,3.35,2.913
mqtt,2,e2e,19,665,3.1386,3.176,3.235
mqtt,2,e2e,20,665,1.8923,2.463,2.196
mqtt,2,e2e,21,665,2.3319,3.129,2.733
mqtt,2,e2e,22,665,2.7883,3.606,3.228
mqtt,2,e2e,23,665,2.9901,3.164,2.767
mqtt,2,e2e,24,665,2.8836,3.341,2.968
mqtt,2,e2e,25,665,3.0315,2.317,2.122
mqtt,2,e2e,26,665,1.4966,2.114,1.914
mqtt,2,e2e,27,665,1.5959,2.666,2.367
mqtt,2,e2e,28,665,2.4562,3.814,3.403
mqtt,2,e2e,29,665,2.8813,3.812,3.409
mqtt,2,e2e,30,665,2.8843,3.715,3.243
mqtt,2,e2e,31,665,1.6121,2.392,2.177
mqtt,2,e2e,32,665,3.0617,3.183,2.746
mqtt,2,e2e,33,665,3.144,3.416,2.968
mqtt,2,e2e,34,665,2.9256,3.369,2.971
mqtt,2,e2e,35,665,2.9038,3.344,2.923
mqtt,2,e2e,36,665,2.9278,3.675,3.273
mqtt,2,e2e,37,665,1.6332,3.019,3.073
mqtt,2,e2e,38,665,2.7745,3.705,3.215
mqtt,2,e2e,39,665,2.2535,3.48,3.035
mqtt,2,e2e,40,665,3.1264,3.158,2.747
mqtt,2,e2e,41,665,3.1257,3.752,3.553
mqtt,2,e2e,42,665,2.7756,4.021,3.352
mqtt,2,e2e,43,665,3.1396,3.331,2.825
mqtt,2,e2e,44,665,2.1269,2.963,2.544
mqtt,2,e2e,45,665,2.6143,3.084,2.653
mqtt,2,e2e,46,665,3.1255,3.827,3.387
mqtt,2,e2e,47,665,2.4947,4.091,3.646
mqtt,2,e2e,48,665,3.3512,3.508,2.951
mqtt,2,e2e,49,665,2.698,4.002,3.572
mqtt,2,e2e,50,665,3.1114,4.018,3.596
mqtt,2,e2e,51,665,3.1619,3.58,3.147
mqtt,2,e2e,52,665,3.1216,3.348,2.91
mqtt,2,e2e,53,665,3.1232,3.101,2.844
mqtt,2,e2e,54,665,2.3081,3.885,3.466
mqtt,2,e2e,55,665,3.1671,4.307,3.693
mqtt,2,e2e,56,665,2.2465,3.551,3.133
mqtt,2,e2e,57,665,3.1367,4.579,4.116
mqtt,2,e2e,58,665,3.1937,4.153,3.703
mqtt,2,e2e,59,665,3.1385,3.681,3.1
mqtt,2,e2e,60,665,2.4424,3.083,2.875
mqtt,2,e2e,61,665,2.2342,3.49,3.039
mqtt,2,e2e,62,665,3.3271,3.803,3.348
mqtt,2,e2e,63,665,2.3148,2.658,2.24
mqtt,2,e2e,64,665,3.1076,3.062,2.622
mqtt,2,e2e,65,665,3.0727,3.195,2.625
mqtt,2,e2e,66,665,2.1239,3.5,3.09
mqtt,2,e2e,67,665,3.0598,3.073,2.654
mqtt,2,e2e,68,665,3.1398,3.645,3.2
mqtt,2,e2e,69,665,3.1482,3.51,3.077
mqtt,2,e2e,70,665,3.0519,3.804,3.492
mqtt,2,e2e,71,665,1.5152,2.186,1.899
mqtt,2,e2e,72,665,2.2648,3.522,3.12
mqtt,2,e2e,73,665,3.0342,3.224,2.991
mqtt,2,e2e,74,665,2.0276,3.614,3.213
mqtt,2,e2e,75,665,2.3625,2.682,2.384
mqtt,2,e2e,76,665,1.9984,2.982,2.678
mqtt,2,e2e,77,665,1.8947,2.423,2.159
mqtt,2,e2e,78,665,1.738,2.308,2.081
mqtt,2,e2e,79,665,1.5525,3.069,2.79
mqtt,2,e2e,80,665,1.6338,2.591,2.362
mqtt,2,e2e,81,665,1.5417,2.584,2.685
mqtt,2,e2e,82,665,1.5526,2.316,2.108
mqtt,2,e2e,83,665,1.7902,2.104,1.883
mqtt,2,e2e,84,665,1.5405,2.304,2.062
mqtt,2,e2e,85,665,1.6326,2.441,2.204
mqtt,2,e2e,86,665,1.5581,3.219,3.273
mqtt,2,e2e,87,665,1.5546,2.555,2.329
mqtt,2,e2e,88,665,1.5208,2.183,1.967
mqtt,2,e2e,89,665,1.5376,2.239,2.022
mqtt,2,e2e,90,665,1.4997,3.028,2.798
mqtt,2,e2e,91,665,1.4771,2.715,2.369
mqtt,2,e2e,92,665,1.6866,3.32,3.009
mqtt,2,e2e,93,665,1.5642,3.523,3.594
mqtt,2,e2e,94,665,1.5497,3.234,3.353
mqtt,2,e2e,95,665,2.1179,2.799,2.542
mqtt,2,e2e,96,665,1.5548,2.521,2.282
mqtt,2,e2e,97,665,1.542,2.737,2.472
mqtt,2,e2e,98,665,1.7752,3.394,3.104
mqtt,2,e2e,99,665,1.9318,1.943,1.706
mqtt,5,plain,0,174,0,3.63,3.454
mqtt,5,plain,1,174,0,2.756,2.598
mqtt,5,plain,2,174,0,3.347,3.187
mqtt,5,plain,3,174,0,2.375,2.227
mqtt,5,plain,4,174,0,2.47,2.335
mqtt,5,plain,5,174,0,3.025,2.895
mqtt,5,plain,6,174,0,2.75,2.621
mqtt,5,plain,7,174,0,3.355,3.189
mqtt,5,plain,8,174,0,3.167,3.01
mqtt,5,plain,9,174,0,2.265,2.115
mqtt,5,plain,10,174,0,2.309,2.173
mqtt,5,plain,11,174,0,3.353,3.179
mqtt,5,plain,12,174,0,3.111,2.977
mqtt,5,plain,13,174,0,2.747,2.581
mqtt,5,plain,14,174,0,2.706,2.554
mqtt,5,plain,15,174,0,3.589,3.398
mqtt,5,plain,16,174,0,2.861,2.732
mqtt,5,plain,17,174,0,2.295,2.151
mqtt,5,plain,18,174,0,2.033,1.884
mqtt,5,plain,19,174,0,3.151,2.974
mqtt,5,plain,20,174,0,2.849,2.663
mqtt,5,plain,21,174,0,2.203,1.969
mqtt,5,plain,22,174,0,4.056,3.817
mqtt,5,plain,23,174,0,4.02,3.727
mqtt,5,plain,24,174,0,3.56,3.336
mqtt,5,plain,25,174,0,4.03,3.83
mqtt,5,plain,26,174,0,3.156,2.821
mqtt,5,plain,27,174,0,3.066,2.934
mqtt,5,plain,28,174,0,2.865,2.703
mqtt,5,plain,29,174,0,4.207,3.969
mqtt,5,plain,30,174,0,5.029,4.711
mqtt,5,plain,31,174,0,3.553,3.235
mqtt,5,plain,32,174,0,3.471,3.302
mqtt,5,plain,33,174,0,2.866,2.473
mqtt,5,plain,34,174,0,4.806,4.482
mqtt,5,plain,35,174,0,3.694,3.551
mqtt,5,plain,36,174,0,2.774,2.622
mqtt,5,plain,37,174,0,18.288,18.13
mqtt,5,plain,38,174,0,4.251,4.103
mqtt,5,plain,39,174,0,5.068,4.73
mqtt,5,plain,40,174,0,3.189,3.042
mqtt,5,plain,41,174,0,2.34,2.092
mqtt,5,plain,42,174,0,2.628,2.497
mqtt,5,plain,43,174,0,4.047,3.74
mqtt,5,plain,44,174,0,3.261,3.128
mqtt,5,plain,45,174,0,2.942,2.808
mqtt,5,plain,46,174,0,2.69,2.556
mqtt,5,plain,47,174,0,3.101,2.968
mqtt,5,plain,48,174,0,3.673,3.333
mqtt,5,plain,49,174,0,4,3.753
mqtt,5,plain,50,174,0,3.157,2.949
mqtt,5,plain,51,174,0,3.58,3.337
mqtt,5,plain,52,174,0,4.108,3.799
mqtt,5,plain,53,174,0,3.448,3.282
mqtt,5,plain,54,174,0,3.138,2.996
mqtt,5,plain,55,174,0,3.339,3.184
mqtt,5,plain,56,174,0,3.716,3.44
mqtt,5,plain,57,174,0,4.167,3.842
mqtt,5,plain,58,174,0,3.935,3.743
mqtt,5,plain,59,174,0,3.278,2.977
mqtt,5,plain,60,174,0,3.718,3.558
mqtt,5,plain,61,174,0,3.371,3.201
mqtt,5,plain,62,174,0,3.918,3.762
mqtt,5,plain,63,174,0,2.458,2.305
mqtt,5,plain,64,174,0,2.554,2.311
mqtt,5,plain,65,174,0,2.819,2.665
mqtt,5,plain,66,174,0,2.475,2.222
mqtt,5,plain,67,174,0,4.899,4.541
mqtt,5,plain,68,174,0,3.963,3.694
mqtt,5,plain,69,174,0,3.075,2.813
mqtt,5,plain,70,174,0,3.315,3.035
mqtt,5,plain,71,174,0,3.77,3.503
mqtt,5,plain,72,174,0,4.136,3.865
mqtt,5,plain,73,174,0,4.39,4.112
mqtt,5,plain,74,174,0,3.86,3.581
mqtt,5,plain,75,174,0,4.495,4.047
mqtt,5,plain,76,174,0,4.295,3.973
mqtt,5,plain,77,174,0,3.798,3.55
mqtt,5,plain,78,174,0,3.993,3.694
mqtt,5,plain,79,174,0,4.966,4.54
mqtt,5,plain,80,174,0,4.341,4.115
mqtt,5,plain,81,174,0,2.879,2.687
mqtt,5,plain,82,174,0,4.393,4.084
mqtt,5,plain,83,174,0,4.936,4.593
mqtt,5,plain,84,174,0,3.71,3.419
mqtt,5,plain,85,174,0,4.243,3.853
mqtt,5,plain,86,174,0,3.193,3.04
mqtt,5,plain,87,174,0,4.181,3.801
mqtt,5,plain,88,174,0,4.499,4.17
mqtt,5,plain,89,174,0,4.366,3.998
mqtt,5,plain,90,174,0,4.104,3.784
mqtt,5,plain,91,174,0,4.758,4.584
mqtt,5,plain,92,174,0,2.744,2.486
mqtt,5,plain,93,174,0,3.723,3.463
mqtt,5,plain,94,174,0,2.805,2.561
mqtt,5,plain,95,174,0,4.044,3.814
mqtt,5,plain,96,174,0,3.883,3.719
mqtt,5,plain,97,174,0,3.132,2.826
mqtt,5,plain,98,174,0,3.716,3.445
mqtt,5,plain,99,174,0,3.63,3.457
mqtt,5,e2e,0,1031,5.0592,3.858,3.609
mqtt,5,e2e,1,1031,4.9613,4.813,4.542
mqtt,5,e2e,2,1031,5.1642,4.339,4.033
mqtt,5,e2e,3,1031,5.0233,4.477,4.071
mqtt,5,e2e,4,1031,5.0219,4.044,3.77
mqtt,5,e2e,5,1031,4.9949,3.126,2.864
mqtt,5,e2e,6,1031,3.6988,2.812,2.65
mqtt,5,e2e,7,1031,4.7679,4.905,4.767
mqtt,5,e2e,8,1031,3.878,5.997,5.837
mqtt,5,e2e,9,1031,3.7303,3.097,2.752
mqtt,5,e2e,10,1031,5.2371,4.235,3.937
mqtt,5,e2e,11,1031,5.7141,5.506,5.032
mqtt,5,e2e,12,1031,4.6384,4.012,3.878
mqtt,5,e2e,13,1031,3.6066,3.469,3.31
mqtt,5,e2e,14,1031,3.7285,3.081,2.846
mqtt,5,e2e,15,1031,4.6315,3.56,3.423
mqtt,5,e2e,16,1031,3.6131,3.452,3.193
mqtt,5,e2e,17,1031,4.8168,2.726,2.573
mqtt,5,e2e,18,1031,3.6356,3.233,3.091
mqtt,5,e2e,19,1031,3.6881,2.57,2.42
mqtt,5,e2e,20,1031,3.5856,2.667,2.526
mqtt,5,e2e,21,1031,4.6411,3.017,2.861
mqtt,5,e2e,22,1031,5.3338,3.731,3.438
mqtt,5,e2e,23,1031,5.2805,3.1,2.951
mqtt,5,e2e,24,1031,5.3829,3.17,3.031
mqtt,5,e2e,25,1031,3.9325,3.547,3.401
mqtt,5,e2e,26,1031,3.736,3.01,2.873
mqtt,5,e2e,27,1031,3.9357,2.918,2.769
mqtt,5,e2e,28,1031,3.6229,2.653,2.476
mqtt,5,e2e,29,1031,3.6367,2.781,2.634
mqtt,5,e2e,30,1031,4.1669,4.121,3.962
mqtt,5,e2e,31,1031,3.886,3.08,2.936
mqtt,5,e2e,32,1031,3.9509,4.394,4.125
mqtt,5,e2e,33,1031,5.1088,2.697,2.563
mqtt,5,e2e,34,1031,3.7913,3.258,3.028
mqtt,5,e2e,35,1031,4.61,3.816,3.624
mqtt,5,e2e,36,1031,4.2431,4.174,3.841
mqtt,5,e2e,37,1031,4.7459,3.821,3.684
mqtt,5,e2e,38,1031,3.6326,3.23,2.954
mqtt,5,e2e,39,1031,3.874,3.452,3.313
mqtt,5,e2e,40,1031,3.7481,3.186,2.949
mqtt,5,e2e,41,1031,3.7593,3.249,3.061
mqtt,5,e2e,42,1031,3.8079,3.419,3.285
mqtt,5,e2e,43,1031,3.893,2.839,2.649
mqtt,5,e2e,44,1031,3.6851,2.773,2.521
mqtt,5,e2e,45,1031,3.6297,3.058,2.888
mqtt,5,e2e,46,1031,4.1332,3.544,3.393
mqtt,5,e2e,47,1031,3.7128,3.28,3.116
mqtt,5,e2e,48,1031,3.9114,3.781,3.601
mqtt,5,e2e,49,1031,3.7129,3.462,3.259
mqtt,5,e2e,50,1031,3.781,2.785,2.642
mqtt,5,e2e,51,1031,3.5991,2.232,2.086
mqtt,5,e2e,52,1031,3.5107,3.727,3.438
mqtt,5,e2e,53,1031,4.4408,3.505,3.364
mqtt,5,e2e,54,1031,3.6463,2.513,2.381
mqtt,5,e2e,55,1031,3.6327,2.627,2.491
mqtt,5,e2e,56,1031,3.6074,2.738,2.599
mqtt,5,e2e,57,1031,3.7579,3.438,3.127
mqtt,5,e2e,58,1031,4.7757,2.906,2.749
mqtt,5,e2e,59,1031,3.7046,4.166,4.01
mqtt,5,e2e,60,1031,3.6074,3.483,3.347
mqtt,5,e2e,61,1031,3.478,16.851,16.698
mqtt,5,e2e,62,1031,4.1411,4.516,4.207
mqtt,5,e2e,63,1031,7.5482,3.667,3.382
mqtt,5,e2e,64,1031,6.7396,4.378,4.108
mqtt,5,e2e,65,1031,7.2503,4.114,3.759
mqtt,5,e2e,66,1031,8.2446,4.35,4.041
mqtt,5,e2e,67,1031,8.1779,5.358,4.401
mqtt,5,e2e,68,1031,8.3872,4.38,4.087
mqtt,5,e2e,69,1031,8.1791,4.964,4.672
mqtt,5,e2e,70,1031,8.1237,4.643,4.348
mqtt,5,e2e,71,1031,8.114,3.677,3.547
mqtt,5,e2e,72,1031,5.742,4.24,3.951
mqtt,5,e2e,73,1031,6.6784,2.94,2.786
mqtt,5,e2e,74,1031,6.5807,4.646,4.335
mqtt,5,e2e,75,1031,5.5087,4.562,4.257
mqtt,5,e2e,76,1031,7.1522,3.979,3.68
mqtt,5,e2e,77,1031,6.1883,4.505,4.183
mqtt,5,e2e,78,1031,4.6306,4.366,4.06
mqtt,5,e2e,79,1031,7.7301,3.1,2.811
mqtt,5,e2e,80,1031,7.9149,4.193,3.892
mqtt,5,e2e,81,1031,8.0946,4.365,4.058
mqtt,5,e2e,82,1031,6.5175,4.154,3.866
mqtt,5,e2e,83,1031,7.9249,4.243,3.952
mqtt,5,e2e,84,1031,7.244,4.34,4.107
mqtt,5,e2e,85,1031,6.1793,4.937,4.627
mqtt,5,e2e,86,1031,7.0594,4.947,4.637
mqtt,5,e2e,87,1031,6.9768,4.393,4.178
mqtt,5,e2e,88,1031,5.8087,4.557,4.28
mqtt,5,e2e,89,1031,5.1396,4.284,3.925
mqtt,5,e2e,90,1031,6.8808,2.871,2.728
mqtt,5,e2e,91,1031,7.5472,4.075,3.758
mqtt,5,e2e,92,1031,6.4985,4.355,4.053
mqtt,5,e2e,93,1031,7.6929,4.142,3.85
mqtt,5,e2e,94,1031,8.0569,5.674,5.401
mqtt,5,e2e,95,1031,7.942,3.587,3.298
mqtt,5,e2e,96,1031,6.8165,4.003,3.707
mqtt,5,e2e,97,1031,7.9103,4.574,4.28
mqtt,5,e2e,98,1031,8.0333,4.884,4.547
mqtt,5,e2e,99,1031,7.511,4.078,3.844
mqtt,10,plain,0,175,0,2.847,2.717
mqtt,10,plain,1,175,0,3.157,2.95
mqtt,10,plain,2,175,0,2.724,2.6
mqtt,10,plain,3,175,0,2.363,2.245
mqtt,10,plain,4,175,0,3.158,2.978
mqtt,10,plain,5,175,0,2.719,2.589
mqtt,10,plain,6,175,0,2.637,2.497
mqtt,10,plain,7,175,0,2.074,1.909
mqtt,10,plain,8,175,0,3.289,3.158
mqtt,10,plain,9,175,0,2.367,2.246
mqtt,10,plain,10,175,0,2.375,2.247
mqtt,10,plain,11,175,0,2.587,2.424
mqtt,10,plain,12,175,0,3.427,3.271
mqtt,10,plain,13,175,0,3.159,2.961
mqtt,10,plain,14,175,0,3.43,3.305
mqtt,10,plain,15,175,0,3.374,3.246
mqtt,10,plain,16,175,0,2.974,2.834
mqtt,10,plain,17,175,0,2.535,2.415
mqtt,10,plain,18,175,0,2.463,2.282
mqtt,10,plain,19,175,0,2.597,2.437
mqtt,10,plain,20,175,0,3.436,3.249
mqtt,10,plain,21,175,0,3.221,2.932
mqtt,10,plain,22,175,0,2.87,2.764
mqtt,10,plain,23,175,0,2.348,2.235
mqtt,10,plain,24,175,0,2.146,2.036
mqtt,10,plain,25,175,0,2.534,2.344
mqtt,10,plain,26,175,0,2.632,2.528
mqtt,10,plain,27,175,0,2.404,2.293
mqtt,10,plain,28,175,0,3.293,3.13
mqtt,10,plain,29,175,0,2.682,2.579
mqtt,10,plain,30,175,0,2.257,2.138
mqtt,10,plain,31,175,0,1.937,1.83
mqtt,10,plain,32,175,0,3.027,2.876
mqtt,10,plain,33,175,0,3.66,3.478
mqtt,10,plain,34,175,0,2.54,2.39
mqtt,10,plain,35,175,0,2.18,2.065
mqtt,10,plain,36,175,0,2.369,2.262
mqtt,10,plain,37,175,0,2.214,2.111
mqtt,10,plain,38,175,0,2.839,2.709
mqtt,10,plain,39,175,0,3.078,2.889
mqtt,10,plain,40,175,0,2.676,2.568
mqtt,10,plain,41,175,0,2.678,2.571
mqtt,10,plain,42,175,0,2.109,2.003
mqtt,10,plain,43,175,0,3.006,2.898
mqtt,10,plain,44,175,0,3.014,2.789
mqtt,10,plain,45,175,0,3.516,3.408
mqtt,10,plain,46,175,0,2.65,2.542
mqtt,10,plain,47,175,0,2.175,2.032
mqtt,10,plain,48,175,0,2.133,2.032
mqtt,10,plain,49,175,0,2.492,2.38
mqtt,10,plain,50,175,0,2.212,2.066
mqtt,10,plain,51,175,0,2.431,2.316
mqtt,10,plain,52,175,0,2.64,2.514
mqtt,10,plain,53,175,0,2.619,2.513
mqtt,10,plain,54,175,0,2.537,2.436
mqtt,10,plain,55,175,0,2.721,2.614
mqtt,10,plain,56,175,0,2.506,2.404
mqtt,10,plain,57,175,0,2.924,2.712
mqtt,10,plain,58,175,0,1.906,1.798
mqtt,10,plain,59,175,0,3.138,3.027
mqtt,10,plain,60,175,0,2.243,2.139
mqtt,10,plain,61,175,0,2.194,2.09
mqtt,10,plain,62,175,0,2.206,2.106
mqtt,10,plain,63,175,0,2.642,2.469
mqtt,10,plain,64,175,0,2.632,2.483
mqtt,10,plain,65,175,0,2.347,2.247
mqtt,10,plain,66,175,0,2.107,1.999
mqtt,10,plain,67,175,0,2.827,2.726
mqtt,10,plain,68,175,0,2.343,2.24
mqtt,10,plain,69,175,0,2.223,2.113
mqtt,10,plain,70,175,0,2.229,2.058
mqtt,10,plain,71,175,0,2.781,2.672
mqtt,10,plain,72,175,0,2.39,2.286
mqtt,10,plain,73,175,0,2.482,2.376
mqtt,10,plain,74,175,0,2.596,2.395
mqtt,10,plain,75,175,0,2.535,2.439
mqtt,10,plain,76,175,0,1.816,1.713
mqtt,10,plain,77,175,0,2.745,2.477
mqtt,10,plain,78,175,0,3.495,3.377
mqtt,10,plain,79,175,0,2.422,2.324
mqtt,10,plain,80,175,0,9.641,9.533
mqtt,10,plain,81,175,0,4.591,4.418
mqtt,10,plain,82,175,0,2.411,2.302
mqtt,10,plain,83,175,0,1.822,1.713
mqtt,10,plain,84,175,0,2.421,2.304
mqtt,10,plain,85,175,0,2.455,2.35
mqtt,10,plain,86,175,0,2.193,2.094
mqtt,10,plain,87,175,0,2.545,2.432
mqtt,10,plain,88,175,0,2.977,2.87
mqtt,10,plain,89,175,0,2.562,2.46
mqtt,10,plain,90,175,0,2.271,2.1
mqtt,10,plain,91,175,0,2.456,2.358
mqtt,10,plain,92,175,0,2.164,2.056
mqtt,10,plain,93,175,0,2.545,2.427
mqtt,10,plain,94,175,0,3.653,3.474
mqtt,10,plain,95,175,0,2.663,2.548
mqtt,10,plain,96,175,0,2.839,2.616
mqtt,10,plain,97,175,0,3.495,3.293
mqtt,10,plain,98,175,0,3.831,3.635
mqtt,10,plain,99,175,0,8.016,7.702
mqtt,10,e2e,0,1656,5.8807,2.951,2.837
mqtt,10,e2e,1,1656,5.8719,3.334,3.226
mqtt,10,e2e,2,1656,6.172,2.916,2.806
mqtt,10,e2e,3,1656,6.05,3.265,3.147
mqtt,10,e2e,4,1656,7.0547,2.866,2.764
mqtt,10,e2e,5,1656,8.7558,4.796,4.612
mqtt,10,e2e,6,1656,9.6841,3.023,2.92
mqtt,10,e2e,7,1656,9.9724,3.989,3.733
mqtt,10,e2e,8,1656,9.9967,2.865,2.751
mqtt,10,e2e,9,1656,11.2906,4.165,3.961
mqtt,10,e2e,10,1656,9.9177,5.882,5.454
mqtt,10,e2e,11,1656,14.1701,4.22,4.106
mqtt,10,e2e,12,1656,10.4903,4.248,4.048
mqtt,10,e2e,13,1656,11.1809,3.975,3.765
mqtt,10,e2e,14,1656,9.5699,3.626,3.457
mqtt,10,e2e,15,1656,9.6893,2.776,2.672
mqtt,10,e2e,16,1656,7.0648,2.69,2.589
mqtt,10,e2e,17,1656,5.7836,3.021,2.894
mqtt,10,e2e,18,1656,5.9685,2.703,2.6
mqtt,10,e2e,19,1656,5.7813,3.224,3.105
mqtt,10,e2e,20,1656,5.8874,3.62,3.51
mqtt,10,e2e,21,1656,6.0585,3.292,3.188
mqtt,10,e2e,22,1656,5.8928,2.933,2.82
mqtt,10,e2e,23,1656,6.0099,2.76,2.649
mqtt,10,e2e,24,1656,5.8956,2.89,2.774
mqtt,10,e2e,25,1656,6.0872,3.045,2.94
mqtt,10,e2e,26,1656,5.9069,2.779,2.669
mqtt,10,e2e,27,1656,5.8547,3.309,3.204
mqtt,10,e2e,28,1656,5.8139,3.268,3.162
mqtt,10,e2e,29,1656,5.8185,3.631,3.524
mqtt,10,e2e,30,1656,5.8256,3.553,3.412
mqtt,10,e2e,31,1656,6.1208,3.155,3.048
mqtt,10,e2e,32,1656,5.8212,2.783,2.674
mqtt,10,e2e,33,1656,5.8022,3.219,3.104
mqtt,10,e2e,34,1656,6.0796,2.803,2.653
mqtt,10,e2e,35,1656,6.981,3.539,3.383
mqtt,10,e2e,36,1656,8.4404,4.374,3.508
mqtt,10,e2e,37,1656,8.5815,24.049,23.758
mqtt,10,e2e,38,1656,8.9448,5.17,4.998
mqtt,10,e2e,39,1656,7.1944,5.838,5.388
mqtt,10,e2e,40,1656,6.036,2.658,2.537
mqtt,10,e2e,41,1656,5.9427,4.102,3.989
mqtt,10,e2e,42,1656,6.8415,3.199,3.062
mqtt,10,e2e,43,1656,7.0716,3.019,2.825
mqtt,10,e2e,44,1656,7.7315,4.5,4.36
mqtt,10,e2e,45,1656,8.2147,5.511,5.239
mqtt,10,e2e,46,1656,8.9456,3.318,3.195
mqtt,10,e2e,47,1656,8.6078,3.941,3.725
mqtt,10,e2e,48,1656,7.6194,4.828,4.702
mqtt,10,e2e,49,1656,7.4158,3.124,2.937
mqtt,10,e2e,50,1656,10.1156,3.93,3.778
mqtt,10,e2e,51,1656,10.8083,5,4.725
mqtt,10,e2e,52,1656,13.4729,5.433,5.125
mqtt,10,e2e,53,1656,12.7309,3.955,3.755
mqtt,10,e2e,54,1656,13.7797,4.922,4.571
mqtt,10,e2e,55,1656,13.8364,7.27,7.092
mqtt,10,e2e,56,1656,8.9379,4.753,4.465
mqtt,10,e2e,57,1656,9.677,4.671,4.311
mqtt,10,e2e,58,1656,17.5977,7.529,7.197
mqtt,10,e2e,59,1656,16.5226,27.451,27.154
mqtt,10,e2e,60,1656,17.2912,4.965,4.758
mqtt,10,e2e,61,1656,11.7675,5.383,5.245
mqtt,10,e2e,62,1656,7.6243,4.286,4.117
mqtt,10,e2e,63,1656,8.6799,5.179,4.942
mqtt,10,e2e,64,1656,8.0225,3.339,3.205
mqtt,10,e2e,65,1656,7.4625,3.778,3.627
mqtt,10,e2e,66,1656,7.8217,3.529,3.363
mqtt,10,e2e,67,1656,7.7507,3.406,3.255
mqtt,10,e2e,68,1656,8.3097,3.328,3.192
mqtt,10,e2e,69,1656,8.2082,3.524,3.39
mqtt,10,e2e,70,1656,8.8514,3.859,3.576
mqtt,10,e2e,71,1656,7.4005,3.289,3.158
mqtt,10,e2e,72,1656,7.1796,4.016,3.818
mqtt,10,e2e,73,1656,7.4412,3.527,3.297
mqtt,10,e2e,74,1656,8.6098,3.687,3.563
mqtt,10,e2e,75,1656,10.2213,4.602,4.356
mqtt,10,e2e,76,1656,7.6303,3.989,3.817
mqtt,10,e2e,77,1656,7.306,4.105,3.964
mqtt,10,e2e,78,1656,7.9269,3.588,3.448
mqtt,10,e2e,79,1656,8.3914,3.433,3.298
mqtt,10,e2e,80,1656,7.5205,3.801,3.617
mqtt,10,e2e,81,1656,8.6392,3.255,3.134
mqtt,10,e2e,82,1656,7.8426,2.999,2.878
mqtt,10,e2e,83,1656,7.0005,3.448,3.274
mqtt,10,e2e,84,1656,10.8772,5.811,5.521
mqtt,10,e2e,85,1656,14.498,4.492,4.209
mqtt,10,e2e,86,1656,13.8571,4.748,4.474
mqtt,10,e2e,87,1656,13.3487,5.212,4.924
mqtt,10,e2e,88,1656,14.3223,5.778,5.454
mqtt,10,e2e,89,1656,15.4949,6.751,6.267
mqtt,10,e2e,90,1656,14.4669,5.377,5.067
mqtt,10,e2e,91,1656,15.0089,4.817,4.556
mqtt,10,e2e,92,1656,14.0009,5.374,5.022
mqtt,10,e2e,93,1656,10.7431,20.986,20.707
mqtt,10,e2e,94,1656,12.5659,5.917,5.653
mqtt,10,e2e,95,1656,10.8869,3.79,3.559
mqtt,10,e2e,96,1656,12.7662,4.941,4.675
mqtt,10,e2e,97,1656,13.6672,5.335,4.964
mqtt,10,e2e,98,1656,15.0688,4.646,4.367
mqtt,10,e2e,99,1656,12.4562,4.573,4.178
mqtt,20,plain,0,175,0,4.845,4.678
mqtt,20,plain,1,175,0,5.249,5.116
mqtt,20,plain,2,175,0,4.471,4.289
mqtt,20,plain,3,175,0,3.932,3.81
mqtt,20,plain,4,175,0,4.625,4.318
mqtt,20,plain,5,175,0,3.976,3.793
mqtt,20,plain,6,175,0,3.657,3.524
mqtt,20,plain,7,175,0,3.854,3.718
mqtt,20,plain,8,175,0,3.853,3.655
mqtt,20,plain,9,175,0,4.393,4.224
mqtt,20,plain,10,175,0,4.382,4.197
mqtt,20,plain,11,175,0,3.966,3.836
mqtt,20,plain,12,175,0,4.349,4.154
mqtt,20,plain,13,175,0,5.319,5.131
mqtt,20,plain,14,175,0,4.653,4.518
mqtt,20,plain,15,175,0,4.04,3.814
mqtt,20,plain,16,175,0,5.663,5.426
mqtt,20,plain,17,175,0,4.995,4.808
mqtt,20,plain,18,175,0,3.582,3.439
mqtt,20,plain,19,175,0,4.13,3.92
mqtt,20,plain,20,175,0,5.305,5.156
mqtt,20,plain,21,175,0,4.7,4.561
mqtt,20,plain,22,175,0,3.513,3.393
mqtt,20,plain,23,175,0,7.686,7.453
mqtt,20,plain,24,175,0,4.613,4.475
mqtt,20,plain,25,175,0,4.254,4.112
mqtt,20,plain,26,175,0,7.025,6.786
mqtt,20,plain,27,175,0,4.053,3.923
mqtt,20,plain,28,175,0,3.832,3.643
mqtt,20,plain,29,175,0,4.743,4.529
mqtt,20,plain,30,175,0,6.324,6.102
mqtt,20,plain,31,175,0,4.449,4.257
mqtt,20,plain,32,175,0,5.329,5.18
mqtt,20,plain,33,175,0,5.905,5.642
mqtt,20,plain,34,175,0,4.951,4.757
mqtt,20,plain,35,175,0,5.184,4.955
mqtt,20,plain,36,175,0,6.031,5.878
mqtt,20,plain,37,175,0,4.841,4.62
mqtt,20,plain,38,175,0,4.082,3.893
mqtt,20,plain,39,175,0,5.914,5.741
mqtt,20,plain,40,175,0,4.488,4.291
mqtt,20,plain,41,175,0,4.415,4.232
mqtt,20,plain,42,175,0,4.741,4.519
mqtt,20,plain,43,175,0,5.778,5.602
mqtt,20,plain,44,175,0,3.963,3.792
mqtt,20,plain,45,175,0,3.832,3.619
mqtt,20,plain,46,175,0,5.927,5.788
mqtt,20,plain,47,175,0,3.949,3.807
mqtt,20,plain,48,175,0,5.248,5.106
mqtt,20,plain,49,175,0,6.124,5.947
mqtt,20,plain,50,175,0,4.282,4.121
mqtt,20,plain,51,175,0,3.773,3.641
mqtt,20,plain,52,175,0,4.098,3.93
mqtt,20,plain,53,175,0,4.951,4.806
mqtt,20,plain,54,175,0,4.666,4.499
mqtt,20,plain,55,175,0,3.729,3.6
mqtt,20,plain,56,175,0,3.491,3.281
mqtt,20,plain,57,175,0,5.768,5.29
mqtt,20,plain,58,175,0,4.896,4.754
mqtt,20,plain,59,175,0,3.936,3.803
mqtt,20,plain,60,175,0,4.713,4.465
mqtt,20,plain,61,175,0,4.052,3.749
mqtt,20,plain,62,175,0,4.801,4.673
mqtt,20,plain,63,175,0,4.868,4.56
mqtt,20,plain,64,175,0,5.086,4.946
mqtt,20,plain,65,175,0,4.921,4.676
mqtt,20,plain,66,175,0,4.497,4.283
mqtt,20,plain,67,175,0,4.9,4.663
mqtt,20,plain,68,175,0,4.999,4.843
mqtt,20,plain,69,175,0,3.547,3.419
mqtt,20,plain,70,175,0,3.385,3.25
mqtt,20,plain,71,175,0,5.702,5.52
mqtt,20,plain,72,175,0,3.785,3.651
mqtt,20,plain,73,175,0,3.884,3.726
mqtt,20,plain,74,175,0,3.271,3.139
mqtt,20,plain,75,175,0,5.658,5.326
mqtt,20,plain,76,175,0,5.027,4.876
mqtt,20,plain,77,175,0,4.659,4.522
mqtt,20,plain,78,175,0,6.345,6.095
mqtt,20,plain,79,175,0,6.522,6.213
mqtt,20,plain,80,175,0,6.461,6.156
mqtt,20,plain,81,175,0,7.486,7.171
mqtt,20,plain,82,175,0,5.401,5.168
mqtt,20,plain,83,175,0,5.216,5.033
mqtt,20,plain,84,175,0,5.379,5.229
mqtt,20,plain,85,175,0,3.471,3.32
mqtt,20,plain,86,175,0,4.145,3.865
mqtt,20,plain,87,175,0,5.575,5.246
mqtt,20,plain,88,175,0,6.542,6.351
mqtt,20,plain,89,175,0,5.141,4.887
mqtt,20,plain,90,175,0,6.624,6.397
mqtt,20,plain,91,175,0,4.581,4.394
mqtt,20,plain,92,175,0,5.624,5.283
mqtt,20,plain,93,175,0,4.413,4.244
mqtt,20,plain,94,175,0,4.993,4.803
mqtt,20,plain,95,175,0,3.777,3.58
mqtt,20,plain,96,175,0,4.54,4.356
mqtt,20,plain,97,175,0,4.741,4.578
mqtt,20,plain,98,175,0,5.913,5.764
mqtt,20,plain,99,175,0,3.812,3.648
mqtt,20,e2e,0,2896,29.6576,9.724,9.419
mqtt,20,e2e,1,2896,25.0078,4.778,4.614
mqtt,20,e2e,2,2896,18.5833,33.032,32.717
mqtt,20,e2e,3,2896,22.864,10.362,10.081
mqtt,20,e2e,4,2896,18.8236,6.443,6.142
mqtt,20,e2e,5,2896,24.4417,6.102,5.698
mqtt,20,e2e,6,2896,16.9505,4.622,4.483
mqtt,20,e2e,7,2896,17.7463,6.86,6.592
mqtt,20,e2e,8,2896,25.3084,8.31,8.03
mqtt,20,e2e,9,2896,26.6583,7.2,6.881
mqtt,20,e2e,10,2896,20.9757,5.882,5.605
mqtt,20,e2e,11,2896,22.7411,7.582,7.256
mqtt,20,e2e,12,2896,21.0875,4.784,4.623
mqtt,20,e2e,13,2896,14.1609,4.254,4.09
mqtt,20,e2e,14,2896,13.6715,4.999,4.833
mqtt,20,e2e,15,2896,13.6251,5.756,5.522
mqtt,20,e2e,16,2896,14.3736,4.748,4.591
mqtt,20,e2e,17,2896,14.2224,4.81,4.643
mqtt,20,e2e,18,2896,14.0287,5.155,5.036
mqtt,20,e2e,19,2896,13.6578,6.001,5.755
mqtt,20,e2e,20,2896,14.6437,4.396,4.265
mqtt,20,e2e,21,2896,14.8122,5.057,4.888
mqtt,20,e2e,22,2896,17.6378,4.902,4.755
mqtt,20,e2e,23,2896,16.5397,5.421,5.267
mqtt,20,e2e,24,2896,22.5243,6.738,6.467
mqtt,20,e2e,25,2896,21.5451,6.133,5.895
mqtt,20,e2e,26,2896,26.1451,7.445,7.171
mqtt,20,e2e,27,2896,19.3652,4.651,4.495
mqtt,20,e2e,28,2896,21.7801,7.457,7.203
mqtt,20,e2e,29,2896,28.2721,6.836,6.56
mqtt,20,e2e,30,2896,24.2733,7.442,7.174
mqtt,20,e2e,31,2896,30.893,8.671,8.393
mqtt,20,e2e,32,2896,27.2399,7.905,7.697
mqtt,20,e2e,33,2896,15.2839,4.668,4.487
mqtt,20,e2e,34,2896,13.6763,5.313,5.14
mqtt,20,e2e,35,2896,13.9316,4.822,4.569
mqtt,20,e2e,36,2896,13.9882,5.383,5.257
mqtt,20,e2e,37,2896,14.1305,4.462,4.326
mqtt,20,e2e,38,2896,14.1215,4.487,4.348
mqtt,20,e2e,39,2896,14.2033,5.439,5.226
mqtt,20,e2e,40,2896,14.1856,4.487,4.302
mqtt,20,e2e,41,2896,14.3992,4.874,4.73
mqtt,20,e2e,42,2896,17.0098,6.494,6.31
mqtt,20,e2e,43,2896,18.6499,6.048,5.707
mqtt,20,e2e,44,2896,22.8904,5.883,5.674
mqtt,20,e2e,45,2896,18.8397,4.194,4.052
mqtt,20,e2e,46,2896,13.7481,4.304,4.126
mqtt,20,e2e,47,2896,14.0889,4.297,4.157
mqtt,20,e2e,48,2896,13.7666,4.192,4.055
mqtt,20,e2e,49,2896,17.4605,5.536,5.385
mqtt,20,e2e,50,2896,23.1604,6.6,6.445
mqtt,20,e2e,51,2896,21.1261,5.904,5.761
mqtt,20,e2e,52,2896,24.3088,9.957,9.44
mqtt,20,e2e,53,2896,30.3653,8.47,8.199
mqtt,20,e2e,54,2896,19.1084,6.358,6.157
mqtt,20,e2e,55,2896,16.1299,6.551,6.405
mqtt,20,e2e,56,2896,19.2485,12.268,11.727
mqtt,20,e2e,57,2896,20.9578,5.262,5.008
mqtt,20,e2e,58,2896,21.1408,5.944,5.693
mqtt,20,e2e,59,2896,23.628,6.937,6.63
mqtt,20,e2e,60,2896,27.4023,6.321,6.036
mqtt,20,e2e,61,2896,23.2516,5.136,4.866
mqtt,20,e2e,62,2896,21.1637,7.694,7.434
mqtt,20,e2e,63,2896,22.9902,5.867,5.655
mqtt,20,e2e,64,2896,22.4154,5.714,5.502
mqtt,20,e2e,65,2896,21.3175,5.168,4.945
mqtt,20,e2e,66,2896,15.0783,4.738,4.516
mqtt,20,e2e,67,2896,14.7218,5.06,4.921
mqtt,20,e2e,68,2896,13.8016,4.752,4.591
mqtt,20,e2e,69,2896,13.9785,4.037,3.876
mqtt,20,e2e,70,2896,14.0738,4.424,4.297
mqtt,20,e2e,71,2896,13.7722,4.914,4.784
mqtt,20,e2e,72,2896,13.915,5.337,5.179
mqtt,20,e2e,73,2896,13.7743,4.78,4.554
mqtt,20,e2e,74,2896,16.5596,5.227,5.053
mqtt,20,e2e,75,2896,19.4643,5.853,5.461
mqtt,20,e2e,76,2896,17.8523,4.641,4.502
mqtt,20,e2e,77,2896,20.4233,5.671,5.471
mqtt,20,e2e,78,2896,16.72,5.27,5.143
mqtt,20,e2e,79,2896,21.6202,6.323,6.059
mqtt,20,e2e,80,2896,19.1744,4.394,4.273
mqtt,20,e2e,81,2896,14.8628,4.469,4.339
mqtt,20,e2e,82,2896,15.7872,4.243,4.118
mqtt,20,e2e,83,2896,14.222,5.58,5.315
mqtt,20,e2e,84,2896,19.8163,4.975,4.791
mqtt,20,e2e,85,2896,28.6805,6.223,5.95
mqtt,20,e2e,86,2896,21.2808,6.071,5.837
mqtt,20,e2e,87,2896,24.5672,6.094,5.524
mqtt,20,e2e,88,2896,25.5597,8.121,7.845
mqtt,20,e2e,89,2896,26.4155,5.632,5.437
mqtt,20,e2e,90,2896,17.5798,4.663,4.521
mqtt,20,e2e,91,2896,15.3437,5.279,5.122
mqtt,20,e2e,92,2896,15.5523,3.944,3.774
mqtt,20,e2e,93,2896,14.7448,5.412,5.155
mqtt,20,e2e,94,2896,14.9798,4.845,4.705
mqtt,20,e2e,95,2896,13.9995,3.876,3.727
mqtt,20,e2e,96,2896,14.856,4.131,4.008
mqtt,20,e2e,97,2896,14.0845,5.113,4.843
mqtt,20,e2e,98,2896,18.7101,5.763,5.552
mqtt,20,e2e,99,2896,15.0442,4.389,4.246
mqtt,50,plain,0,175,0,9.025,8.763
mqtt,50,plain,1,175,0,11.092,10.945
mqtt,50,plain,2,175,0,12.399,12.009
mqtt,50,plain,3,175,0,13.519,13.227
mqtt,50,plain,4,175,0,15.333,14.847
mqtt,50,plain,5,175,0,14.454,14.163
mqtt,50,plain,6,175,0,11.88,11.616
mqtt,50,plain,7,175,0,10.703,10.486
mqtt,50,plain,8,175,0,12.497,12.344
mqtt,50,plain,9,175,0,8.971,8.752
mqtt,50,plain,10,175,0,8.14,7.914
mqtt,50,plain,11,175,0,7.005,6.856
mqtt,50,plain,12,175,0,7.982,7.776
mqtt,50,plain,13,175,0,7.332,7.177
mqtt,50,plain,14,175,0,6.908,6.679
mqtt,50,plain,15,175,0,6.576,6.433
mqtt,50,plain,16,175,0,6.986,6.834
mqtt,50,plain,17,175,0,6.512,6.36
mqtt,50,plain,18,175,0,6.319,6.176
mqtt,50,plain,19,175,0,7.006,6.858
mqtt,50,plain,20,175,0,6.6,6.452
mqtt,50,plain,21,175,0,6.977,6.751
mqtt,50,plain,22,175,0,7.488,7.355
mqtt,50,plain,23,175,0,6.581,6.434
mqtt,50,plain,24,175,0,6.971,6.848
mqtt,50,plain,25,175,0,6.306,6.149
mqtt,50,plain,26,175,0,7.709,7.576
mqtt,50,plain,27,175,0,6.702,6.553
mqtt,50,plain,28,175,0,7.463,7.303
mqtt,50,plain,29,175,0,7.042,6.902
mqtt,50,plain,30,175,0,6.611,6.494
mqtt,50,plain,31,175,0,7.239,7.115
mqtt,50,plain,32,175,0,5.981,5.846
mqtt,50,plain,33,175,0,7.251,7.107
mqtt,50,plain,34,175,0,7.032,6.911
mqtt,50,plain,35,175,0,7.788,7.59
mqtt,50,plain,36,175,0,6.788,6.658
mqtt,50,plain,37,175,0,7.321,7.172
mqtt,50,plain,38,175,0,7.08,6.936
mqtt,50,plain,39,175,0,6.334,6.191
mqtt,50,plain,40,175,0,7.221,7.066
mqtt,50,plain,41,175,0,7.437,7.293
mqtt,50,plain,42,175,0,7.146,7.005
mqtt,50,plain,43,175,0,6.662,6.518
mqtt,50,plain,44,175,0,7.601,7.449
mqtt,50,plain,45,175,0,7.365,7.077
mqtt,50,plain,46,175,0,7.045,6.929
mqtt,50,plain,47,175,0,6.443,6.332
mqtt,50,plain,48,175,0,7.079,6.964
mqtt,50,plain,49,175,0,6.682,6.569
mqtt,50,plain,50,175,0,6.955,6.815
mqtt,50,plain,51,175,0,6.254,6.119
mqtt,50,plain,52,175,0,6.303,6.164
mqtt,50,plain,53,175,0,7.47,7.351
mqtt,50,plain,54,175,0,6.572,6.428
mqtt,50,plain,55,175,0,7.295,7.178
mqtt,50,plain,56,175,0,6.564,6.433
mqtt,50,plain,57,175,0,8.061,7.937
mqtt,50,plain,58,175,0,7.189,7.048
mqtt,50,plain,59,175,0,8.403,8.228
mqtt,50,plain,60,175,0,6.176,6.041
mqtt,50,plain,61,175,0,7.202,7.044
mqtt,50,plain,62,175,0,6.401,6.267
mqtt,50,plain,63,175,0,6.156,6.028
mqtt,50,plain,64,175,0,7.6,7.393
mqtt,50,plain,65,175,0,6.927,6.787
mqtt,50,plain,66,175,0,6.681,6.516
mqtt,50,plain,67,175,0,6.471,6.324
mqtt,50,plain,68,175,0,6.666,6.511
mqtt,50,plain,69,175,0,7.474,7.319
mqtt,50,plain,70,175,0,7.632,7.512
mqtt,50,plain,71,175,0,7.109,6.93
mqtt,50,plain,72,175,0,7.361,7.176
mqtt,50,plain,73,175,0,8.477,8.303
mqtt,50,plain,74,175,0,9.436,9.271
mqtt,50,plain,75,175,0,9.157,8.973
mqtt,50,plain,76,175,0,8.169,7.981
mqtt,50,plain,77,175,0,8.733,8.603
mqtt,50,plain,78,175,0,8.945,8.705
mqtt,50,plain,79,175,0,8.7,8.47
mqtt,50,plain,80,175,0,8.167,7.957
mqtt,50,plain,81,175,0,7.285,6.973
mqtt,50,plain,82,175,0,6.975,6.831
mqtt,50,plain,83,175,0,7.089,6.932
mqtt,50,plain,84,175,0,7.611,7.479
mqtt,50,plain,85,175,0,7.281,7.102
mqtt,50,plain,86,175,0,6.755,6.605
mqtt,50,plain,87,175,0,6.983,6.845
mqtt,50,plain,88,175,0,7.22,7.091
mqtt,50,plain,89,175,0,6.852,6.704
mqtt,50,plain,90,175,0,7.133,7.007
mqtt,50,plain,91,175,0,6.715,6.576
mqtt,50,plain,92,175,0,7.761,7.613
mqtt,50,plain,93,175,0,7.047,6.885
mqtt,50,plain,94,175,0,7.16,6.9
mqtt,50,plain,95,175,0,6.751,6.588
mqtt,50,plain,96,175,0,7.277,7.13
mqtt,50,plain,97,175,0,7.246,6.892
mqtt,50,plain,98,175,0,6.66,6.53
mqtt,50,plain,99,175,0,6.967,6.799
mqtt,50,e2e,0,6616,43.2617,9.642,9.503
mqtt,50,e2e,1,6616,34.2683,7.645,7.519
mqtt,50,e2e,2,6616,37.9314,7.908,7.776
mqtt,50,e2e,3,6616,33.863,8.822,8.687
mqtt,50,e2e,4,6616,44.5468,10.555,10.32
mqtt,50,e2e,5,6616,38.5698,11.503,11.242
mqtt,50,e2e,6,6616,52.0409,32.052,31.811
mqtt,50,e2e,7,6616,58.0739,14.812,14.639
mqtt,50,e2e,8,6616,43.7332,17.338,16.943
mqtt,50,e2e,9,6616,39.0662,10.652,10.48
mqtt,50,e2e,10,6616,38.1156,8.523,8.387
mqtt,50,e2e,11,6616,50.4731,9.873,9.731
mqtt,50,e2e,12,6616,42.0984,7.964,7.817
mqtt,50,e2e,13,6616,34.3354,7.624,7.491
mqtt,50,e2e,14,6616,34.0379,8.169,8.026
mqtt,50,e2e,15,6616,34.7299,7.309,7.183
mqtt,50,e2e,16,6616,29.0154,7.79,7.651
mqtt,50,e2e,17,6616,27.8465,6.988,6.868
mqtt,50,e2e,18,6616,28.2296,7.467,7.339
mqtt,50,e2e,19,6616,28.4302,6.692,6.583
mqtt,50,e2e,20,6616,28.4164,6.132,6.011
mqtt,50,e2e,21,6616,28.3742,7.647,7.532
mqtt,50,e2e,22,6616,28.3596,6.798,6.699
mqtt,50,e2e,23,6616,28.7691,6.609,6.491
mqtt,50,e2e,24,6616,28.1682,6.301,6.198
mqtt,50,e2e,25,6616,28.1373,6.661,6.549
mqtt,50,e2e,26,6616,28.0191,6.407,6.301
mqtt,50,e2e,27,6616,27.9704,7.844,7.736
mqtt,50,e2e,28,6616,28.9049,6.951,6.816
mqtt,50,e2e,29,6616,33.4796,7.483,7.373
mqtt,50,e2e,30,6616,28.1717,6.944,6.83
mqtt,50,e2e,31,6616,28.6271,6.92,6.722
mqtt,50,e2e,32,6616,28.5886,6.516,6.402
mqtt,50,e2e,33,6616,28.2407,6.689,6.571
mqtt,50,e2e,34,6616,29.4549,6.276,6.169
mqtt,50,e2e,35,6616,28.0072,8.487,8.304
mqtt,50,e2e,36,6616,37.3162,9.831,9.62
mqtt,50,e2e,37,6616,39.1935,10.818,10.604
mqtt,50,e2e,38,6616,32.7047,8.314,8.109
mqtt,50,e2e,39,6616,28.6914,7.126,6.987
mqtt,50,e2e,40,6616,28.3286,9.261,9.115
mqtt,50,e2e,41,6616,28.7048,6.843,6.732
mqtt,50,e2e,42,6616,28.5097,8.563,8.437
mqtt,50,e2e,43,6616,30.0144,6.992,6.86
mqtt,50,e2e,44,6616,36.629,8.777,8.635
mqtt,50,e2e,45,6616,39.5257,11.304,11.09
mqtt,50,e2e,46,6616,43.2077,8.088,7.948
mqtt,50,e2e,47,6616,37.2835,8.296,8.163
mqtt,50,e2e,48,6616,35.7959,7.627,7.479
mqtt,50,e2e,49,6616,35.4784,8.793,8.663
mqtt,50,e2e,50,6616,34.0079,7.141,7.004
mqtt,50,e2e,51,6616,37.2025,9.054,8.883
mqtt,50,e2e,52,6616,46.1126,8.884,8.747
mqtt,50,e2e,53,6616,36.6924,11.949,11.598
mqtt,50,e2e,54,6616,45.2496,13.229,13.012
mqtt,50,e2e,55,6616,53.0708,15.269,15.057
mqtt,50,e2e,56,6616,42.7944,10.794,10.639
mqtt,50,e2e,57,6616,34.9714,8.508,8.378
mqtt,50,e2e,58,6616,36.0453,7.996,7.807
mqtt,50,e2e,59,6616,39.7869,8.094,7.922
mqtt,50,e2e,60,6616,36.1351,7.781,7.644
mqtt,50,e2e,61,6616,35.5068,7.558,7.434
mqtt,50,e2e,62,6616,35.2196,8.538,8.388
mqtt,50,e2e,63,6616,34.4178,9.447,9.302
mqtt,50,e2e,64,6616,34.4086,8.357,8.159
mqtt,50,e2e,65,6616,31.9194,7.009,6.867
mqtt,50,e2e,66,6616,27.8956,7.212,7.077
mqtt,50,e2e,67,6616,28.4721,6.436,6.331
mqtt,50,e2e,68,6616,28.022,7.804,7.69
mqtt,50,e2e,69,6616,28.3138,5.933,5.827
mqtt,50,e2e,70,6616,30.0859,6.56,6.44
mqtt,50,e2e,71,6616,31.1527,9.021,8.814
mqtt,50,e2e,72,6616,33.7548,7.905,7.468
mqtt,50,e2e,73,6616,37.1441,6.883,6.736
mqtt,50,e2e,74,6616,31.0939,6.918,6.815
mqtt,50,e2e,75,6616,28.6295,7.004,6.754
mqtt,50,e2e,76,6616,41.7385,9.024,8.783
mqtt,50,e2e,77,6616,38.1616,8.287,8.118
mqtt,50,e2e,78,6616,29.4057,7.251,7.113
mqtt,50,e2e,79,6616,28.8313,6.407,6.255
mqtt,50,e2e,80,6616,28.6882,7.481,7.295
mqtt,50,e2e,81,6616,31.3011,7.502,7.39
mqtt,50,e2e,82,6616,28.487,6.592,6.476
mqtt,50,e2e,83,6616,28.2926,6.406,6.288
mqtt,50,e2e,84,6616,31.2809,7.305,7.097
mqtt,50,e2e,85,6616,31.5996,7.682,7.532
mqtt,50,e2e,86,6616,41.5145,7.819,7.69
mqtt,50,e2e,87,6616,28.0548,6.663,6.541
mqtt,50,e2e,88,6616,29.4959,6.919,6.799
mqtt,50,e2e,89,6616,30.5926,7.384,7.223
mqtt,50,e2e,90,6616,31.2819,8.242,8.113
mqtt,50,e2e,91,6616,30.5425,8.531,8.414
mqtt,50,e2e,92,6616,35.1483,9.758,9.61
mqtt,50,e2e,93,6616,38.1134,7.896,7.774
mqtt,50,e2e,94,6616,35.2987,8.038,7.888
mqtt,50,e2e,95,6616,33.8043,8.151,7.976
mqtt,50,e2e,96,6616,33.9214,7.394,7.252
mqtt,50,e2e,97,6616,38.304,9.58,9.329
mqtt,50,e2e,98,6616,34.8367,7.702,7.556
mqtt,50,e2e,99,6616,34.1783,7.724,7.58
