protocol,run,i,rtt_ms,ack_ms
ws,0,0,4.772,2.13
ws,0,1,4.002,2.466
ws,0,2,4.56,2.522
ws,0,3,4.078,1.875
ws,0,4,4.583,2.611
ws,0,5,3.766,1.836
ws,0,6,5.101,3.063
ws,0,7,4.788,2.234
ws,0,8,4.565,2.51
ws,0,9,4.179,2.047
ws,0,10,4.523,2.301
ws,0,11,4.571,3.057
ws,0,12,4.646,3.822
ws,0,13,5.214,3.157
ws,0,14,5.693,3.201
ws,0,15,4.674,2.988
ws,0,16,4.825,3.124
ws,0,17,4.707,2.109
ws,0,18,4.155,2.463
ws,0,19,4.74,2.878
ws,0,20,5.35,2.938
ws,0,21,4.68,2.025
ws,0,22,4.999,3.01
ws,0,23,4.425,2.134
ws,0,24,4.809,2.804
ws,0,25,5.259,3.484
ws,0,26,5.259,2.429
ws,0,27,5.656,3.425
ws,0,28,5.949,3.407
ws,0,29,4.4,1.904
ws,0,30,9.338,6.529
ws,0,31,5.611,3.172
ws,0,32,3.904,2.205
ws,0,33,4.119,1.819
ws,0,34,3.469,2.042
ws,0,35,4.758,2.659
ws,0,36,4.628,2.685
ws,0,37,3.982,2.425
ws,0,38,3.897,2.591
ws,0,39,3.635,1.949
ws,0,40,4.291,2.179
ws,0,41,5.357,3.33
ws,0,42,6.496,3.616
ws,0,43,4.352,2.415
ws,0,44,6.605,3.633
ws,0,45,4.535,2.573
ws,0,46,5.303,3.034
ws,0,47,3.764,1.906
ws,0,48,4.658,2.854
ws,0,49,4.707,2.863
ws,0,50,5.296,2.835
ws,0,51,4.813,3.004
ws,0,52,4.796,2.628
ws,0,53,5.21,2.685
ws,0,54,5.286,2.955
ws,0,55,6.053,3.52
ws,0,56,5.298,2.539
ws,0,57,4.935,3.425
ws,0,58,4.496,2.619
ws,0,59,5.302,2.798
ws,0,60,4.62,2.686
ws,0,61,5.563,3.122
ws,0,62,5.126,2.482
ws,0,63,5.814,3.522
ws,0,64,5.168,3.124
ws,0,65,5.561,2.693
ws,0,66,4.454,2.561
ws,0,67,5.01,2.957
ws,0,68,5.767,2.978
ws,0,69,5.055,3.269
ws,0,70,5.008,1.977
ws,0,71,4.772,2.958
ws,0,72,5.141,2.719
ws,0,73,6.869,3.761
ws,0,74,5.349,3.266
ws,0,75,6.053,3.681
ws,0,76,5.597,3.071
ws,0,77,3.987,1.76
ws,0,78,10.266,2.268
ws,0,79,4.932,2.538
ws,0,80,4.902,2.656
ws,0,81,5.671,3.501
ws,0,82,5.522,2.782
ws,0,83,5.236,3.218
ws,0,84,5.729,2.903
ws,0,85,4.561,2.498
ws,0,86,5.745,3.391
ws,0,87,5.309,2.926
ws,0,88,4.867,2.78
ws,0,89,5.53,3.47
ws,0,90,4.864,2.545
ws,0,91,5.268,3.335
ws,0,92,4.648,2.853
ws,0,93,3.793,1.99
ws,0,94,3.555,2.005
ws,0,95,4.522,2.714
ws,0,96,5.552,3.237
ws,0,97,3.494,2.025
ws,0,98,4.065,2.256
ws,0,99,4.165,2.276
ws,0,100,5.708,3.26
ws,0,101,4.155,2.441
ws,0,102,4.464,2.855
ws,0,103,5.066,2.707
ws,0,104,4.71,2.417
ws,0,105,5.1,2.849
ws,0,106,5.523,2.572
ws,0,107,3.882,2.069
ws,0,108,5.609,3.173
ws,0,109,7.76,2.6
ws,0,110,6.765,4.311
ws,0,111,5.181,2.432
ws,0,112,4.12,2.217
ws,0,113,5.184,2.472
ws,0,114,5.133,3.273
ws,0,115,5.587,3.055
ws,0,116,5.075,2.681
ws,0,117,5.209,3.415
ws,0,118,5.723,2.912
ws,0,119,6.024,3.509
ws,0,120,4.8,2.68
ws,0,121,2.9,1.63
ws,0,122,3.679,1.887
ws,0,123,3.47,1.546
ws,0,124,3.292,1.995
ws,0,125,4.142,2.573
ws,0,126,3.713,1.538
ws,0,127,2.965,1.863
ws,0,128,3.242,1.901
ws,0,129,3.667,1.713
ws,0,130,3.128,1.741
ws,0,131,3.979,2.236
ws,0,132,4.853,3.216
ws,0,133,4.624,2.523
ws,0,134,3.336,2.021
ws,0,135,3.805,1.929
ws,0,136,2.695,1.67
ws,0,137,3.766,1.886
ws,0,138,3.949,2.515
ws,0,139,4.309,2.268
ws,0,140,3.312,1.581
ws,0,141,3.769,2.048
ws,0,142,4.258,2.162
ws,0,143,3.516,1.976
ws,0,144,4.189,2.446
ws,0,145,6.674,2.895
ws,0,146,7.322,4.762
ws,0,147,5.094,2.802
ws,0,148,4.837,2.525
ws,0,149,5.392,2.866
ws,0,150,4.715,2.681
ws,0,151,5.403,2.428
ws,0,152,5.285,3.202
ws,0,153,6.278,3.335
ws,0,154,5.421,3.706
ws,0,155,4.04,2.123
ws,0,156,2.85,1.697
ws,0,157,3.581,1.811
ws,0,158,5.325,3.141
ws,0,159,4.023,2.374
ws,0,160,4.598,2.447
ws,0,161,3.735,2.227
ws,0,162,4.218,1.941
ws,0,163,5.431,3.028
ws,0,164,4.099,1.877
ws,0,165,3.804,2.155
ws,0,166,4.165,2.621
ws,0,167,3.86,2.059
ws,0,168,3.946,1.604
ws,0,169,4.083,2.53
ws,0,170,4.147,1.941
ws,0,171,4.186,2.54
ws,0,172,4.672,2.129
ws,0,173,3.783,2.286
ws,0,174,3.617,1.477
ws,0,175,4.335,2.392
ws,0,176,4.931,2.401
ws,0,177,3.74,2.229
ws,0,178,3.173,1.569
ws,0,179,4.464,1.969
ws,0,180,4.691,2.569
ws,0,181,5.354,2.837
ws,0,182,4.543,2.089
ws,0,183,4.658,2.74
ws,0,184,4.481,2.333
ws,0,185,3.599,2.172
ws,0,186,3.661,1.95
ws,0,187,8.42,4.731
ws,0,188,4.31,2.533
ws,0,189,4.364,2.552
ws,0,190,3.4,1.564
ws,0,191,4.619,2.376
ws,0,192,5.058,2.986
ws,0,193,4.855,2.325
ws,0,194,4.06,2.406
ws,0,195,4.849,2.851
ws,0,196,4.13,2.378
ws,0,197,5.726,2.877
ws,0,198,4.934,2.883
ws,0,199,4.487,2.305
ws,0,200,6.22,3.808
ws,0,201,3.901,2.206
ws,0,202,4.871,2.455
ws,0,203,4.866,2.455
ws,0,204,6.542,3.981
ws,0,205,3.791,2.175
ws,0,206,4.188,2.541
ws,0,207,5.709,2.966
ws,0,208,4.359,2.823
ws,0,209,4.884,2.171
ws,0,210,4.974,2.89
ws,0,211,4.747,2.412
ws,0,212,4.465,2.526
ws,0,213,5.084,2.455
ws,0,214,4.337,2.353
ws,0,215,3.206,1.66
ws,0,216,4.874,2.561
ws,0,217,4.397,2.416
ws,0,218,4.79,2.501
ws,0,219,3.452,1.748
ws,0,220,4.141,2.285
ws,0,221,5.155,2.416
ws,0,222,5.271,3.381
ws,0,223,5.602,2.888
ws,0,224,4.989,2.701
ws,0,225,5.084,2.67
ws,0,226,4.608,2.523
ws,0,227,5.446,3.456
ws,0,228,4.09,2.163
ws,0,229,4.736,2.353
ws,0,230,4.033,2.361
ws,0,231,5.23,2.984
ws,0,232,5.539,3.335
ws,0,233,4.034,1.797
ws,0,234,4.985,2.328
ws,0,235,4.631,3.091
ws,0,236,4.916,2.651
ws,0,237,5.517,2.819
ws,0,238,5.025,2.767
ws,0,239,5.196,2.398
ws,0,240,4.582,2.593
ws,0,241,4.522,2.302
ws,0,242,5.181,2.676
ws,0,243,4.327,2.517
ws,0,244,5.131,2.53
ws,0,245,5.391,2.583
ws,0,246,5.083,2.659
ws,0,247,4.306,2.524
ws,0,248,4.669,2.773
ws,0,249,6.136,3.32
ws,0,250,5.197,3.128
ws,0,251,4.415,1.845
ws,0,252,4.86,2.43
ws,0,253,4.312,2.52
ws,0,254,5.746,3.272
ws,0,255,4.722,2.687
ws,0,256,4.82,2.323
ws,0,257,4.14,2.69
ws,0,258,4.825,2.676
ws,0,259,5.08,2.91
ws,0,260,4.634,2.417
ws,0,261,3.438,1.686
ws,0,262,5.482,3.043
ws,0,263,4.176,2.191
ws,0,264,5,2.914
ws,0,265,9.963,6.628
ws,0,266,4.72,2.612
ws,0,267,4.663,2.551
ws,0,268,4.632,2.458
ws,0,269,5.669,3.213
ws,0,270,4.404,2.324
ws,0,271,5.827,2.989
ws,0,272,4.818,2.874
ws,0,273,5.173,3.072
ws,0,274,5.411,2.696
ws,0,275,5.623,2.874
ws,0,276,3.162,1.91
ws,0,277,3.777,2.031
ws,0,278,4.744,2.452
ws,0,279,4.475,2.415
ws,0,280,5.16,3.184
ws,0,281,4.969,2.473
ws,0,282,5.784,3.663
ws,0,283,4.584,2.186
ws,0,284,4.709,2.494
ws,0,285,5.587,2.352
ws,0,286,5.542,3.268
ws,0,287,4.952,2.281
ws,0,288,4.512,2.345
ws,0,289,5.569,3.101
ws,0,290,4.413,2.515
ws,0,291,4.086,2.153
ws,0,292,4.775,2.43
ws,0,293,3.946,2.316
ws,0,294,5.064,3.017
ws,0,295,5.05,2.439
ws,0,296,5.054,2.64
ws,0,297,4.762,2.793
ws,0,298,4.813,2.559
ws,0,299,5.224,3.005
mqtt,0,0,8.198,5.171
mqtt,0,1,8.741,4.859
mqtt,0,2,7.189,4.454
mqtt,0,3,6.167,4.248
mqtt,0,4,8.772,5.233
mqtt,0,5,7.055,4.346
mqtt,0,6,6.144,4.426
mqtt,0,7,6.768,3.776
mqtt,0,8,6.894,4.065
mqtt,0,9,7.246,4.196
mqtt,0,10,5.541,3.885
mqtt,0,11,6.652,3.754
mqtt,0,12,7.037,4.444
mqtt,0,13,5.857,3.938
mqtt,0,14,6.306,3.222
mqtt,0,15,6.77,4.495
mqtt,0,16,10.542,7.411
mqtt,0,17,8.321,4.569
mqtt,0,18,6.187,4.232
mqtt,0,19,7.2,4.817
mqtt,0,20,8.203,4.649
mqtt,0,21,7.638,6.089
mqtt,0,22,7.276,4.126
mqtt,0,23,7.02,4.638
mqtt,0,24,6.916,5.076
mqtt,0,25,5.686,4.157
mqtt,0,26,5.655,3.354
mqtt,0,27,4.873,3.374
mqtt,0,28,5.665,3.743
mqtt,0,29,6.653,4.383
mqtt,0,30,5.48,3.796
mqtt,0,31,5.659,2.825
mqtt,0,32,6.898,3.809
mqtt,0,33,7.724,4.164
mqtt,0,34,7.303,5.133
mqtt,0,35,8.169,5.664
mqtt,0,36,7.424,4.579
mqtt,0,37,8.174,4.486
mqtt,0,38,8.673,5.291
mqtt,0,39,6.871,4.853
mqtt,0,40,7.882,4.041
mqtt,0,41,8.905,5.785
mqtt,0,42,7.888,4.224
mqtt,0,43,8.075,5.369
mqtt,0,44,7.413,3.734
mqtt,0,45,5.496,3.689
mqtt,0,46,6.345,3.535
mqtt,0,47,6.999,4.72
mqtt,0,48,6.982,4.045
mqtt,0,49,7.667,5.422
mqtt,0,50,6.575,3.909
mqtt,0,51,7.446,4.696
mqtt,0,52,6.598,4.195
mqtt,0,53,7.548,4.682
mqtt,0,54,6.573,3.872
mqtt,0,55,8.106,4.961
mqtt,0,56,6.892,4.193
mqtt,0,57,6.269,3.838
mqtt,0,58,13.364,9.091
mqtt,0,59,6.763,4.239
mqtt,0,60,7.31,4.157
mqtt,0,61,9.049,5.483
mqtt,0,62,7.639,4.698
mqtt,0,63,7.038,4.539
mqtt,0,64,8.467,4.664
mqtt,0,65,7.4,5.076
mqtt,0,66,8.075,4.353
mqtt,0,67,7.908,4.965
mqtt,0,68,7.93,4.423
mqtt,0,69,7.755,4.969
mqtt,0,70,8.913,5.32
mqtt,0,71,8.358,4.959
mqtt,0,72,6.8,4.468
mqtt,0,73,8.088,5.165
mqtt,0,74,8.296,5.079
mqtt,0,75,8.031,4.324
mqtt,0,76,10.678,6.403
mqtt,0,77,9.322,6.084
mqtt,0,78,7.003,4.653
mqtt,0,79,6.286,3.328
mqtt,0,80,6.516,3.797
mqtt,0,81,7.288,4.072
mqtt,0,82,7.366,4.427
mqtt,0,83,7.413,4.512
mqtt,0,84,6.347,3.573
mqtt,0,85,5.68,3.615
mqtt,0,86,6.645,4.179
mqtt,0,87,6.866,4.047
mqtt,0,88,6.804,4.045
mqtt,0,89,7.464,4.338
mqtt,0,90,6.734,4.133
mqtt,0,91,6.62,3.363
mqtt,0,92,6.677,4.447
mqtt,0,93,6.179,3.173
mqtt,0,94,6.033,3.626
mqtt,0,95,6.2,3.571
mqtt,0,96,5.971,3.16
mqtt,0,97,7.485,4.506
mqtt,0,98,6.282,3.254
mqtt,0,99,8.463,4.492
mqtt,0,100,9.133,4.796
mqtt,0,101,8.431,4.999
mqtt,0,102,7.682,4.345
mqtt,0,103,7.953,5.063
mqtt,0,104,12.86,8.043
mqtt,0,105,8.297,5.367
mqtt,0,106,7.405,4.33
mqtt,0,107,7.162,3.746
mqtt,0,108,10.004,6.63
mqtt,0,109,7.4,4.92
mqtt,0,110,8.616,5.235
mqtt,0,111,7.065,4.059
mqtt,0,112,8.28,4.679
mqtt,0,113,10,5.135
mqtt,0,114,9.453,5.249
mqtt,0,115,8.145,4.747
mqtt,0,116,7.692,4.57
mqtt,0,117,6.89,4.231
mqtt,0,118,7.102,4.019
mqtt,0,119,8.066,4.347
mqtt,0,120,6.941,4.272
mqtt,0,121,5.689,3.046
mqtt,0,122,6.502,4.191
mqtt,0,123,7.563,4.172
mqtt,0,124,7.403,4.173
mqtt,0,125,6.832,4.034
mqtt,0,126,5.693,3.599
mqtt,0,127,6.793,4.323
mqtt,0,128,6.81,4.213
mqtt,0,129,6.07,3.609
mqtt,0,130,5.711,3.962
mqtt,0,131,5.369,3.228
mqtt,0,132,13.445,8.958
mqtt,0,133,6.569,4.067
mqtt,0,134,7.982,4.847
mqtt,0,135,6.74,4.199
mqtt,0,136,8.076,5.187
mqtt,0,137,6.14,4.196
mqtt,0,138,8.244,4.455
mqtt,0,139,8.412,4.936
mqtt,0,140,8.115,4.346
mqtt,0,141,7.16,4.125
mqtt,0,142,6.282,4.118
mqtt,0,143,6.84,4.168
mqtt,0,144,6.863,3.892
mqtt,0,145,6.969,4.704
mqtt,0,146,8.033,4.13
mqtt,0,147,7.552,4.948
mqtt,0,148,5.887,3.648
mqtt,0,149,6.885,4.007
mqtt,0,150,6.825,4.146
mqtt,0,151,7.828,4.926
mqtt,0,152,7.161,3.801
mqtt,0,153,6.984,4.287
mqtt,0,154,6.642,3.874
mqtt,0,155,6.824,4.128
mqtt,0,156,6.669,3.698
mqtt,0,157,7.009,4.569
mqtt,0,158,7.141,3.307
mqtt,0,159,6.986,4.126
mqtt,0,160,7.46,4.454
mqtt,0,161,6.296,3.545
mqtt,0,162,7.409,4.764
mqtt,0,163,6.333,3.752
mqtt,0,164,7.363,4.323
mqtt,0,165,7.49,4.373
mqtt,0,166,6.053,3.882
mqtt,0,167,7.83,5.296
mqtt,0,168,7.524,4.386
mqtt,0,169,7.017,4.043
mqtt,0,170,8.502,4.068
mqtt,0,171,7.384,4.862
mqtt,0,172,6.384,3.328
mqtt,0,173,6.189,3.649
mqtt,0,174,7.278,3.781
mqtt,0,175,5.939,3.706
mqtt,0,176,6.703,4.266
mqtt,0,177,7.474,4.162
mqtt,0,178,6.775,4.193
mqtt,0,179,7.92,4.165
mqtt,0,180,7.953,4.734
mqtt,0,181,7.475,4.192
mqtt,0,182,6.699,3.898
mqtt,0,183,6.905,3.709
mqtt,0,184,7.419,4.599
mqtt,0,185,7.699,3.809
mqtt,0,186,8.311,5.28
mqtt,0,187,7.37,4.222
mqtt,0,188,7.329,4.393
mqtt,0,189,5.309,2.833
mqtt,0,190,7.674,4.818
mqtt,0,191,6.28,3.981
mqtt,0,192,6.801,4.122
mqtt,0,193,5.955,3.635
mqtt,0,194,6.158,3.552
mqtt,0,195,6.96,3.701
mqtt,0,196,6.975,3.877
mqtt,0,197,8.321,4.979
mqtt,0,198,7.698,4.733
mqtt,0,199,7.499,4.818
mqtt,0,200,6.627,4.431
mqtt,0,201,7.023,3.564
mqtt,0,202,15.937,8.545
mqtt,0,203,17.539,13.4
mqtt,0,204,8.088,6.272
mqtt,0,205,7.907,4.508
mqtt,0,206,7.396,4.628
mqtt,0,207,7.191,3.709
mqtt,0,208,7.576,4.404
mqtt,0,209,7.026,4.246
mqtt,0,210,7.237,4.01
mqtt,0,211,6.741,3.804
mqtt,0,212,9.413,5.454
mqtt,0,213,8.09,4.696
mqtt,0,214,6.37,3.257
mqtt,0,215,7.43,4.095
mqtt,0,216,7.542,4.131
mqtt,0,217,8.165,5.013
mqtt,0,218,6.483,3.423
mqtt,0,219,8.526,5.327
mqtt,0,220,7.41,4.884
mqtt,0,221,7.984,4.381
mqtt,0,222,7.642,5.109
mqtt,0,223,7.25,4.503
mqtt,0,224,8.483,4.662
mqtt,0,225,7.55,4.542
mqtt,0,226,6.604,4.064
mqtt,0,227,6.934,4.13
mqtt,0,228,7.1,3.883
mqtt,0,229,5.874,3.429
mqtt,0,230,7.927,4.44
mqtt,0,231,6.003,3.5
mqtt,0,232,6.947,3.46
mqtt,0,233,6.88,3.894
mqtt,0,234,6.27,3.003
mqtt,0,235,6.46,3.538
mqtt,0,236,7.547,3.515
mqtt,0,237,6.619,3.973
mqtt,0,238,8.404,5.026
mqtt,0,239,6.943,4.272
mqtt,0,240,6.255,3.181
mqtt,0,241,7.035,4.039
mqtt,0,242,6.911,3.531
mqtt,0,243,7.214,3.849
mqtt,0,244,7.076,4.025
mqtt,0,245,6.822,3.93
mqtt,0,246,6.423,3.734
mqtt,0,247,6.823,3.679
mqtt,0,248,6.564,4.083
mqtt,0,249,6.479,3.768
mqtt,0,250,6.872,3.713
mqtt,0,251,6.607,4.279
mqtt,0,252,6.349,3.669
mqtt,0,253,7.203,4.223
mqtt,0,254,5.702,3.16
mqtt,0,255,6.675,3.816
mqtt,0,256,6.678,4.469
mqtt,0,257,7.126,3.452
mqtt,0,258,7.238,4.039
mqtt,0,259,6.766,4.294
mqtt,0,260,6.569,3.708
mqtt,0,261,7.474,4.366
mqtt,0,262,6.748,4.246
mqtt,0,263,6.844,3.805
mqtt,0,264,7.079,4.226
mqtt,0,265,6.416,3.786
mqtt,0,266,6.451,3.897
mqtt,0,267,6.126,3.805
mqtt,0,268,5.543,2.581
mqtt,0,269,6.584,3.743
mqtt,0,270,6.212,3.174
mqtt,0,271,6.765,4.113
mqtt,0,272,6.749,3.941
mqtt,0,273,5.854,3.401
mqtt,0,274,13.848,3.939
mqtt,0,275,9.965,5.873
mqtt,0,276,8.874,5.24
mqtt,0,277,7.225,4.778
mqtt,0,278,7.054,4.292
mqtt,0,279,7.992,4.928
mqtt,0,280,6.972,4.094
mqtt,0,281,7.322,4.253
mqtt,0,282,8.26,5.156
mqtt,0,283,7.645,4.271
mqtt,0,284,6.995,3.992
mqtt,0,285,6.646,3.814
mqtt,0,286,6.344,3.665
mqtt,0,287,6.871,3.703
mqtt,0,288,6.935,3.556
mqtt,0,289,6.403,3.846
mqtt,0,290,6.572,3.608
mqtt,0,291,5.561,3.027
mqtt,0,292,6.55,3.872
mqtt,0,293,7.893,4.799
mqtt,0,294,7.354,4.496
mqtt,0,295,7.361,4.348
mqtt,0,296,8.059,4.348
mqtt,0,297,6.83,4.129
mqtt,0,298,6.899,3.954
mqtt,0,299,6.252,3.808
mqtt,1,0,8.362,6.463
mqtt,1,1,5.94,3.236
mqtt,1,2,5.588,3.395
mqtt,1,3,7.066,3.884
mqtt,1,4,5.389,3.352
mqtt,1,5,6.158,3.066
mqtt,1,6,6.026,3.229
mqtt,1,7,7.047,4.664
mqtt,1,8,6.967,4.119
mqtt,1,9,7.371,4.089
mqtt,1,10,6.87,3.542
mqtt,1,11,6.505,3.782
mqtt,1,12,6.07,3.682
mqtt,1,13,7.155,3.713
mqtt,1,14,6.756,4.241
mqtt,1,15,6.487,3.258
mqtt,1,16,6.923,4.254
mqtt,1,17,7.589,4.18
mqtt,1,18,7.472,4.703
mqtt,1,19,7.935,4.685
mqtt,1,20,7.94,4.994
mqtt,1,21,7.665,4.527
mqtt,1,22,8.861,5.148
mqtt,1,23,7.833,4.922
mqtt,1,24,7.739,4.77
mqtt,1,25,9.763,5.682
mqtt,1,26,8.082,5.335
mqtt,1,27,8.339,4.262
mqtt,1,28,8.445,4.888
mqtt,1,29,8.774,5.027
mqtt,1,30,6.788,4.147
mqtt,1,31,7.992,4.046
mqtt,1,32,8.068,4.655
mqtt,1,33,6.76,4.089
mqtt,1,34,6.787,3.365
mqtt,1,35,7.468,4.04
mqtt,1,36,6.831,4.003
mqtt,1,37,8.221,4.638
mqtt,1,38,6.285,3.359
mqtt,1,39,7.703,4.675
mqtt,1,40,7.57,5.02
mqtt,1,41,7.123,4.548
mqtt,1,42,6.72,3.764
mqtt,1,43,6.52,3.975
mqtt,1,44,6.539,3.416
mqtt,1,45,6.27,3.487
mqtt,1,46,6.793,3.45
mqtt,1,47,6.026,3.745
mqtt,1,48,6.672,3.574
mqtt,1,49,7.383,3.443
mqtt,1,50,6.679,3.867
mqtt,1,51,8.566,4.643
mqtt,1,52,7.966,4.718
mqtt,1,53,6.138,3.419
mqtt,1,54,6.891,4.06
mqtt,1,55,6.527,3.336
mqtt,1,56,6.859,4.372
mqtt,1,57,7.464,4.114
mqtt,1,58,6.661,4.248
mqtt,1,59,7.263,3.924
mqtt,1,60,6.775,3.553
mqtt,1,61,5.89,3.402
mqtt,1,62,6.986,3.941
mqtt,1,63,6.244,3.683
mqtt,1,64,6.554,3.678
mqtt,1,65,7.364,4.72
mqtt,1,66,7.016,3.785
mqtt,1,67,6.466,3.919
mqtt,1,68,5.376,3.355
mqtt,1,69,6.255,3.922
mqtt,1,70,5.976,3.426
mqtt,1,71,15.087,3.355
mqtt,1,72,8.193,5.595
mqtt,1,73,6.607,4.224
mqtt,1,74,6.462,3.216
mqtt,1,75,6.808,4.11
mqtt,1,76,7.667,4.139
mqtt,1,77,6.27,3.484
mqtt,1,78,6.76,4.063
mqtt,1,79,7.24,4.178
mqtt,1,80,8.345,5.135
mqtt,1,81,7.243,4.435
mqtt,1,82,7.384,4.151
mqtt,1,83,6.688,4.078
mqtt,1,84,5.808,3.577
mqtt,1,85,7.838,4.662
mqtt,1,86,7.432,4.703
mqtt,1,87,7.378,4.033
mqtt,1,88,6.743,4.201
mqtt,1,89,7.812,4.21
mqtt,1,90,6.353,3.308
mqtt,1,91,7.242,4.508
mqtt,1,92,7.698,4.069
mqtt,1,93,8.038,4.765
mqtt,1,94,7.369,3.895
mqtt,1,95,6.741,4.081
mqtt,1,96,8.109,4.614
mqtt,1,97,8.233,5.03
mqtt,1,98,7.103,4.056
mqtt,1,99,8.358,5.085
mqtt,1,100,7.996,4.707
mqtt,1,101,7.138,4.171
mqtt,1,102,7.043,3.92
mqtt,1,103,7.213,4.385
mqtt,1,104,7.355,4.221
mqtt,1,105,6.431,3.456
mqtt,1,106,6.992,4.149
mqtt,1,107,5.669,3.328
mqtt,1,108,6.542,3.618
mqtt,1,109,7.487,4.308
mqtt,1,110,6.242,3.423
mqtt,1,111,7.219,4.17
mqtt,1,112,6.39,3.547
mqtt,1,113,8.913,5.155
mqtt,1,114,7.605,4.13
mqtt,1,115,7.033,4.363
mqtt,1,116,6.64,3.863
mqtt,1,117,8.299,4.935
mqtt,1,118,6.343,3.477
mqtt,1,119,6.762,4.02
mqtt,1,120,6.94,3.682
mqtt,1,121,7.462,4.401
mqtt,1,122,6.642,4.044
mqtt,1,123,7.227,3.625
mqtt,1,124,6.24,3.548
mqtt,1,125,8.262,4.6
mqtt,1,126,6.604,4.008
mqtt,1,127,6.527,4.039
mqtt,1,128,7.92,4.288
mqtt,1,129,7.431,4.485
mqtt,1,130,7.332,4.015
mqtt,1,131,7.371,4.376
mqtt,1,132,7.238,3.735
mqtt,1,133,6.944,4.141
mqtt,1,134,10.337,5.197
mqtt,1,135,7.516,4.264
mqtt,1,136,7.806,4.641
mqtt,1,137,7.282,3.736
mqtt,1,138,6.796,4.068
mqtt,1,139,19.352,15.174
mqtt,1,140,7.769,4.35
mqtt,1,141,6.374,3.669
mqtt,1,142,6.596,3.39
mqtt,1,143,7.395,4.203
mqtt,1,144,6.148,3.396
mqtt,1,145,7.399,3.687
mqtt,1,146,6.699,3.876
mqtt,1,147,6.618,3.196
mqtt,1,148,6.97,3.933
mqtt,1,149,7.294,4.273
mqtt,1,150,7.773,4.58
mqtt,1,151,6.862,3.811
mqtt,1,152,7.103,3.61
mqtt,1,153,5.992,3.361
mqtt,1,154,6.541,4.25
mqtt,1,155,7.44,4.468
mqtt,1,156,7.46,4.793
mqtt,1,157,7.334,3.955
mqtt,1,158,7.325,4.519
mqtt,1,159,39.652,3.554
mqtt,1,160,8.585,4.161
mqtt,1,161,6.884,4.072
mqtt,1,162,8.35,4.997
mqtt,1,163,7.411,4.795
mqtt,1,164,8.08,4.306
mqtt,1,165,7.443,4.563
mqtt,1,166,7.756,4.208
mqtt,1,167,7.657,4.235
mqtt,1,168,7.178,4.092
mqtt,1,169,6.728,3.449
mqtt,1,170,6.805,4.011
mqtt,1,171,6.3,3.561
mqtt,1,172,6.422,4.021
mqtt,1,173,7.411,3.942
mqtt,1,174,6.669,3.963
mqtt,1,175,6.967,3.658
mqtt,1,176,6.737,4.162
mqtt,1,177,6.773,3.883
mqtt,1,178,7.93,4.533
mqtt,1,179,7.438,3.985
mqtt,1,180,13.596,7.776
mqtt,1,181,7.06,3.975
mqtt,1,182,7.937,5.015
mqtt,1,183,7.706,4.21
mqtt,1,184,6.81,4.19
mqtt,1,185,7.797,4.365
mqtt,1,186,6.456,3.824
mqtt,1,187,6.416,4.218
mqtt,1,188,7.667,3.824
mqtt,1,189,7.838,4.334
mqtt,1,190,6.637,4.062
mqtt,1,191,6.742,4.245
mqtt,1,192,7.404,3.759
mqtt,1,193,7.841,4.769
mqtt,1,194,8.096,4.725
mqtt,1,195,8.081,5.251
mqtt,1,196,8.019,4.336
mqtt,1,197,6.97,4.105
mqtt,1,198,7.255,4.724
mqtt,1,199,7.423,4.32
mqtt,1,200,7.447,4.699
mqtt,1,201,8.587,5.396
mqtt,1,202,8.551,5.645
mqtt,1,203,7.556,4.482
mqtt,1,204,8.022,4.828
mqtt,1,205,6.791,4.099
mqtt,1,206,9.259,5.42
mqtt,1,207,7.768,4.578
mqtt,1,208,9.142,5.391
mqtt,1,209,7.928,5.263
mqtt,1,210,6.15,3.387
mqtt,1,211,8.012,4.022
mqtt,1,212,7.42,3.921
mqtt,1,213,6.086,3.478
mqtt,1,214,18.164,3.646
mqtt,1,215,8.317,5.265
mqtt,1,216,6.354,3.803
mqtt,1,217,6.735,3.856
mqtt,1,218,5.976,3.388
mqtt,1,219,8.336,4.85
mqtt,1,220,8.018,4.239
mqtt,1,221,6.722,4.477
mqtt,1,222,6.584,3.255
mqtt,1,223,6.818,4.312
mqtt,1,224,6.449,4.035
mqtt,1,225,7.026,3.633
mqtt,1,226,6.377,3.836
mqtt,1,227,6.766,4.08
mqtt,1,228,7.596,3.943
mqtt,1,229,8.873,5.51
mqtt,1,230,6.877,3.945
mqtt,1,231,6.806,4.317
mqtt,1,232,8.009,4.243
mqtt,1,233,8,4.549
mqtt,1,234,6.599,4.239
mqtt,1,235,7.372,4.292
mqtt,1,236,6.576,3.678
mqtt,1,237,7.411,4.279
mqtt,1,238,6.09,3.391
mqtt,1,239,6.886,3.879
mqtt,1,240,8.697,4.834
mqtt,1,241,7.109,4.504
mqtt,1,242,8.881,4.484
mqtt,1,243,7.798,4.624
mqtt,1,244,7.892,4.02
mqtt,1,245,7.331,4.18
mqtt,1,246,7.142,4.131
mqtt,1,247,8.589,5.294
mqtt,1,248,7.042,4.036
mqtt,1,249,7.151,4.513
mqtt,1,250,7.314,3.718
mqtt,1,251,7.223,4.538
mqtt,1,252,8.172,5.183
mqtt,1,253,6.309,3.871
mqtt,1,254,7.966,4.697
mqtt,1,255,6.492,3.775
mqtt,1,256,7.633,3.962
mqtt,1,257,7.956,4.691
mqtt,1,258,8.561,4.537
mqtt,1,259,7.899,4.768
mqtt,1,260,7.992,4.516
mqtt,1,261,7.632,4.143
mqtt,1,262,7.898,3.981
mqtt,1,263,7.311,4.51
mqtt,1,264,7.249,3.928
mqtt,1,265,8.667,4.628
mqtt,1,266,8.467,5.148
mqtt,1,267,8.327,4.614
mqtt,1,268,7.933,4.671
mqtt,1,269,5.875,3.791
mqtt,1,270,6.169,3.66
mqtt,1,271,7.629,3.676
mqtt,1,272,6.854,4.082
mqtt,1,273,6.743,3.632
mqtt,1,274,8.221,4.544
mqtt,1,275,6.785,4.148
mqtt,1,276,7.53,4.747
mqtt,1,277,8.439,4.627
mqtt,1,278,7.759,4.415
mqtt,1,279,8.816,4.907
mqtt,1,280,8.837,6.129
mqtt,1,281,7.886,4.591
mqtt,1,282,6.378,3.617
mqtt,1,283,6.82,4.145
mqtt,1,284,6.686,3.515
mqtt,1,285,19.77,14.854
mqtt,1,286,8.02,4.976
mqtt,1,287,7.253,4.479
mqtt,1,288,7.282,3.362
mqtt,1,289,6.134,3.575
mqtt,1,290,6.671,3.905
mqtt,1,291,7.191,3.988
mqtt,1,292,7,4.135
mqtt,1,293,8.209,5.201
mqtt,1,294,7.761,4.145
mqtt,1,295,8.45,4.977
mqtt,1,296,7.026,4.056
mqtt,1,297,9.528,5.427
mqtt,1,298,8.924,5.16
mqtt,1,299,7.988,4.838
ws,1,0,4.341,2.166
ws,1,1,4.541,2.649
ws,1,2,5.971,3.292
ws,1,3,4.812,2.601
ws,1,4,5.466,2.855
ws,1,5,4.878,2.727
ws,1,6,5.839,3.549
ws,1,7,5.177,2.8
ws,1,8,4.138,2.379
ws,1,9,17.4,13.339
ws,1,10,4.304,2.501
ws,1,11,6.434,3.274
ws,1,12,11.437,9.039
ws,1,13,8.89,4.121
ws,1,14,10.537,5.29
ws,1,15,8.033,5.223
ws,1,16,4.904,3.002
ws,1,17,4.475,2.386
ws,1,18,3.876,2.416
ws,1,19,5.168,3.126
ws,1,20,4.585,2.838
ws,1,21,4.13,2.169
ws,1,22,4.055,2.373
ws,1,23,4.269,2.151
ws,1,24,5.286,3.142
ws,1,25,5.103,2.834
ws,1,26,5.138,3.096
ws,1,27,5.368,2.921
ws,1,28,4.943,2.615
ws,1,29,5.934,3.153
ws,1,30,5.163,3.245
ws,1,31,4.373,2.396
ws,1,32,4.328,2.541
ws,1,33,3.681,2.172
ws,1,34,4.345,2.701
ws,1,35,4.476,2.363
ws,1,36,4.18,2.236
ws,1,37,5.139,2.257
ws,1,38,4.267,2.454
ws,1,39,4.613,2.23
ws,1,40,4.858,2.633
ws,1,41,4.782,2.577
ws,1,42,4.457,2.485
ws,1,43,4.981,2.428
ws,1,44,4.65,2.331
ws,1,45,6.331,3.318
ws,1,46,4.871,2.744
ws,1,47,4.617,2.706
ws,1,48,5.203,2.297
ws,1,49,5.097,2.876
ws,1,50,4.561,2.527
ws,1,51,5.382,2.932
ws,1,52,5.527,2.824
ws,1,53,4.897,2.912
ws,1,54,4.582,2.392
ws,1,55,4.886,2.884
ws,1,56,4.742,2.498
ws,1,57,5.491,3.162
ws,1,58,5.028,2.354
ws,1,59,4.895,2.986
ws,1,60,4.215,2.21
ws,1,61,5.202,3.12
ws,1,62,4.697,2.388
ws,1,63,4.848,2.659
ws,1,64,5.604,3.617
ws,1,65,5.519,3.132
ws,1,66,5.014,3.036
ws,1,67,5.262,3.219
ws,1,68,5.721,3.289
ws,1,69,4.55,2.728
ws,1,70,4.767,2.634
ws,1,71,4.827,2.598
ws,1,72,4.984,2.583
ws,1,73,5.121,2.553
ws,1,74,4.705,2.335
ws,1,75,4.667,2.652
ws,1,76,4.133,2.309
ws,1,77,5.049,2.872
ws,1,78,5.334,2.487
ws,1,79,4.504,2.379
ws,1,80,5.332,2.943
ws,1,81,5.718,2.99
ws,1,82,4.201,2.373
ws,1,83,15.543,11.689
ws,1,84,3.886,2.069
ws,1,85,4.956,2.86
ws,1,86,4.013,2.176
ws,1,87,4.708,2.769
ws,1,88,5.85,3.445
ws,1,89,4.679,2.43
ws,1,90,5.661,3.048
ws,1,91,5.378,2.567
ws,1,92,5.215,2.958
ws,1,93,5.333,2.583
ws,1,94,5.456,2.98
ws,1,95,5.179,2.719
ws,1,96,5.997,3.316
ws,1,97,5.135,3
ws,1,98,4.661,2.298
ws,1,99,6.479,3.706
ws,1,100,5.129,2.59
ws,1,101,4.544,2.619
ws,1,102,6.009,3.445
ws,1,103,5.147,2.999
ws,1,104,4.742,2.652
ws,1,105,5.348,3.24
ws,1,106,4.871,2.499
ws,1,107,4.482,2.515
ws,1,108,5.969,3.123
ws,1,109,6.38,3.594
ws,1,110,4.533,2.505
ws,1,111,4.588,2.522
ws,1,112,4.283,2.658
ws,1,113,4.728,2.754
ws,1,114,5.077,2.677
ws,1,115,4.167,2.126
ws,1,116,4.735,2.517
ws,1,117,4.688,2.412
ws,1,118,5.017,2.516
ws,1,119,5.417,3.347
ws,1,120,4.709,2.542
ws,1,121,4.981,2.708
ws,1,122,4.848,2.298
ws,1,123,5.063,2.702
ws,1,124,5.3,3.304
ws,1,125,4.196,2.205
ws,1,126,4.536,2.691
ws,1,127,4.956,2.634
ws,1,128,4.121,2.455
ws,1,129,4.474,2.938
ws,1,130,4.808,2.791
ws,1,131,4.672,2.322
ws,1,132,4.644,2.439
ws,1,133,5.43,3.141
ws,1,134,4.157,2.217
ws,1,135,5.055,2.859
ws,1,136,4.868,2.716
ws,1,137,5.194,2.665
ws,1,138,4.566,2.541
ws,1,139,5.369,2.916
ws,1,140,4.27,2.318
ws,1,141,5.09,2.81
ws,1,142,4.189,2.344
ws,1,143,3.767,1.658
ws,1,144,4.588,1.939
ws,1,145,4.079,2.144
ws,1,146,5.289,2.438
ws,1,147,4.754,2.804
ws,1,148,4.686,2.414
ws,1,149,3.785,2.282
ws,1,150,4.855,2.852
ws,1,151,4.362,2.416
ws,1,152,4.513,2.459
ws,1,153,5.438,2.825
ws,1,154,17.003,13.846
ws,1,155,5.029,2.619
ws,1,156,4.493,2.433
ws,1,157,5.245,2.444
ws,1,158,4.722,2.804
ws,1,159,4.525,2.245
ws,1,160,4.544,2.704
ws,1,161,4.284,2.19
ws,1,162,4.442,2.294
ws,1,163,5.034,2.981
ws,1,164,5.17,3.272
ws,1,165,4.256,2.526
ws,1,166,4.141,2.093
ws,1,167,5.392,3.11
ws,1,168,5.363,2.55
ws,1,169,4.984,2.702
ws,1,170,5.711,3.268
ws,1,171,6.182,2.596
ws,1,172,5.237,3.125
ws,1,173,5.512,3.309
ws,1,174,5.401,2.628
ws,1,175,5.363,3.016
ws,1,176,4.959,2.769
ws,1,177,4.921,2.945
ws,1,178,5.056,2.418
ws,1,179,4.658,2.87
ws,1,180,4.797,2.431
ws,1,181,4.423,2.555
ws,1,182,4.914,2.27
ws,1,183,4.314,2.534
ws,1,184,4.737,2.241
ws,1,185,5.063,2.796
ws,1,186,5.418,3.125
ws,1,187,5.526,2.916
ws,1,188,4.82,2.404
ws,1,189,4.335,2.382
ws,1,190,5.155,2.677
ws,1,191,4.631,2.645
ws,1,192,4.835,2.42
ws,1,193,4.068,2.124
ws,1,194,4.922,2.659
ws,1,195,4.174,2.475
ws,1,196,5.399,2.613
ws,1,197,5.129,3.2
ws,1,198,5.931,3.408
ws,1,199,4.492,2.419
ws,1,200,5.516,3.113
ws,1,201,5.297,3.047
ws,1,202,5.194,2.639
ws,1,203,4.393,2.296
ws,1,204,5.346,3.4
ws,1,205,3.876,2.306
ws,1,206,4.795,2.906
ws,1,207,4.96,2.993
ws,1,208,5.051,2.801
ws,1,209,4.619,2.404
ws,1,210,5.098,2.622
ws,1,211,5.721,3.073
ws,1,212,5.572,2.868
ws,1,213,4.442,2.637
ws,1,214,5.782,3.371
ws,1,215,5.274,2.843
ws,1,216,5.662,2.755
ws,1,217,5.262,2.842
ws,1,218,6.18,3.057
ws,1,219,5.637,2.946
ws,1,220,6.242,3.315
ws,1,221,5.815,3.478
ws,1,222,4.737,2.633
ws,1,223,5.449,2.622
ws,1,224,5.75,3.564
ws,1,225,5.108,2.423
ws,1,226,5.138,2.82
ws,1,227,5.987,3.753
ws,1,228,16.908,2.918
ws,1,229,6.014,3.408
ws,1,230,5.44,3.425
ws,1,231,4.67,2.051
ws,1,232,4.346,2.341
ws,1,233,5.846,2.783
ws,1,234,5.013,2.978
ws,1,235,4.274,2.037
ws,1,236,4.651,2.09
ws,1,237,4.487,2.825
ws,1,238,5.157,2.836
ws,1,239,3.986,2.359
ws,1,240,4.576,2.792
ws,1,241,4.33,2.168
ws,1,242,5.144,3.057
ws,1,243,4.939,2.492
ws,1,244,4.727,2.709
ws,1,245,5.402,2.552
ws,1,246,4.642,2.404
ws,1,247,4.821,2.945
ws,1,248,6.038,3.311
ws,1,249,5.933,3.656
ws,1,250,5.168,3.204
ws,1,251,4.885,2.415
ws,1,252,4.485,2.692
ws,1,253,5.421,3.121
ws,1,254,5.567,2.727
ws,1,255,5.129,3.077
ws,1,256,4.551,2.566
ws,1,257,3.764,2.12
ws,1,258,3.795,2.347
ws,1,259,2.824,1.667
ws,1,260,3.854,2.463
ws,1,261,3.122,1.449
ws,1,262,3.245,1.971
ws,1,263,3.298,1.53
ws,1,264,3.569,2.187
ws,1,265,2.653,1.639
ws,1,266,3.831,2.26
ws,1,267,3.451,1.584
ws,1,268,2.9,1.793
ws,1,269,3.667,2.126
ws,1,270,3.907,1.811
ws,1,271,3.88,2.285
ws,1,272,3.746,2.325
ws,1,273,3.523,1.836
ws,1,274,3.154,1.635
ws,1,275,3.281,1.753
ws,1,276,4.753,2.813
ws,1,277,3.297,1.766
ws,1,278,4.427,2.468
ws,1,279,3.743,1.919
ws,1,280,4.947,2.669
ws,1,281,3.636,2.081
ws,1,282,4.36,2.539
ws,1,283,4.939,2.747
ws,1,284,4.59,2.204
ws,1,285,11.087,6.443
ws,1,286,7.327,5.484
ws,1,287,4.007,2.128
ws,1,288,3.197,1.718
ws,1,289,4.567,2.796
ws,1,290,3.711,2.368
ws,1,291,3.63,1.559
ws,1,292,3.392,1.879
ws,1,293,4.575,2.546
ws,1,294,3.756,2.13
ws,1,295,4.147,1.701
ws,1,296,4.782,2.758
ws,1,297,3.427,1.857
ws,1,298,3.611,2.158
ws,1,299,3.873,1.983
ws,2,0,5.869,3.328
ws,2,1,4.837,2.511
ws,2,2,4.888,2.263
ws,2,3,5.334,2.588
ws,2,4,5.016,3.386
ws,2,5,4.702,2.662
ws,2,6,5.967,3.099
ws,2,7,5.363,3.222
ws,2,8,5.552,2.695
ws,2,9,5.238,2.615
ws,2,10,4.845,2.498
ws,2,11,6.327,3.293
ws,2,12,5.036,2.955
ws,2,13,4.994,2.421
ws,2,14,5.289,3.177
ws,2,15,6.319,4.138
ws,2,16,4.67,2.783
ws,2,17,5.441,3.249
ws,2,18,5.469,2.931
ws,2,19,4.885,2.688
ws,2,20,5.912,3.28
ws,2,21,4.547,2.346
ws,2,22,3.934,2.311
ws,2,23,15.547,12.203
ws,2,24,4.946,3.025
ws,2,25,4.141,2.063
ws,2,26,4.926,2.649
ws,2,27,5.238,2.507
ws,2,28,5.167,2.654
ws,2,29,4.468,2.387
ws,2,30,4.598,2.992
ws,2,31,5.005,2.956
ws,2,32,5.628,2.945
ws,2,33,4.989,2.99
ws,2,34,4.933,2.346
ws,2,35,4.75,2.597
ws,2,36,5.732,3.112
ws,2,37,5.336,2.635
ws,2,38,4.81,2.671
ws,2,39,5.378,2.736
ws,2,40,6.06,3.221
ws,2,41,4.29,2.439
ws,2,42,4.678,2.909
ws,2,43,5.25,2.257
ws,2,44,4.976,2.914
ws,2,45,6.178,3.506
ws,2,46,4.66,2.443
ws,2,47,5.526,3.493
ws,2,48,4.897,2.56
ws,2,49,5.796,3.155
ws,2,50,4.924,2.739
ws,2,51,5.204,3.15
ws,2,52,4.638,2.204
ws,2,53,4.008,2.228
ws,2,54,5.885,3.339
ws,2,55,5.244,2.219
ws,2,56,5.382,2.807
ws,2,57,5.012,2.398
ws,2,58,6.813,3.762
ws,2,59,4.756,2.791
ws,2,60,5.204,3.225
ws,2,61,4.761,2.186
ws,2,62,4.131,2.314
ws,2,63,5.521,2.617
ws,2,64,4.656,2.794
ws,2,65,4.175,2.05
ws,2,66,4.583,2.226
ws,2,67,4.462,2.39
ws,2,68,5.52,2.901
ws,2,69,4.659,2.778
ws,2,70,5.326,3.141
ws,2,71,5.047,2.311
ws,2,72,5.318,2.759
ws,2,73,5.553,2.994
ws,2,74,5.263,3.139
ws,2,75,4.468,2.411
ws,2,76,5.852,3.272
ws,2,77,4.985,2.937
ws,2,78,4.545,2.427
ws,2,79,6.545,3.244
ws,2,80,6.664,4.133
ws,2,81,4.623,2.365
ws,2,82,5.53,2.859
ws,2,83,4.182,2.608
ws,2,84,5.445,3.216
ws,2,85,4.562,2.27
ws,2,86,4.914,2.763
ws,2,87,4.93,2.412
ws,2,88,4.643,2.758
ws,2,89,5.151,1.978
ws,2,90,4.903,2.839
ws,2,91,5.02,2.348
ws,2,92,4.721,2.532
ws,2,93,4.897,2.189
ws,2,94,5.071,2.949
ws,2,95,19.5,16.166
ws,2,96,5.356,2.773
ws,2,97,5.376,3.001
ws,2,98,4.209,2.785
ws,2,99,3.456,1.991
ws,2,100,3.612,1.836
ws,2,101,3.573,1.65
ws,2,102,4.37,2.537
ws,2,103,4.389,2.155
ws,2,104,4.599,2.27
ws,2,105,3.709,1.88
ws,2,106,4.016,2.326
ws,2,107,3.672,1.736
ws,2,108,3.37,1.896
ws,2,109,4.414,2.21
ws,2,110,4.049,2.142
ws,2,111,4.707,2.775
ws,2,112,4.557,2.102
ws,2,113,4.997,2.925
ws,2,114,3.823,2.063
ws,2,115,5.028,2.785
ws,2,116,3.759,1.87
ws,2,117,4.864,2.763
ws,2,118,3.312,1.869
ws,2,119,5.031,2.815
ws,2,120,4.368,2.093
ws,2,121,3.855,2.372
ws,2,122,4.155,1.901
ws,2,123,4.048,2.406
ws,2,124,3.557,1.914
ws,2,125,3.924,2.394
ws,2,126,4.34,2.159
ws,2,127,3.968,2.116
ws,2,128,5.056,2.845
ws,2,129,3.898,2.393
ws,2,130,3.975,1.843
ws,2,131,3.294,1.7
ws,2,132,4.472,2.503
ws,2,133,4.126,1.932
ws,2,134,3.914,2.448
ws,2,135,4.036,1.89
ws,2,136,3.633,2.072
ws,2,137,3.362,1.49
ws,2,138,3.885,2.483
ws,2,139,3.251,1.79
ws,2,140,3.398,2.091
ws,2,141,3.427,1.41
ws,2,142,3.694,1.958
ws,2,143,4.068,2.424
ws,2,144,4.367,2.42
ws,2,145,3.981,1.679
ws,2,146,3.309,1.831
ws,2,147,3.83,1.978
ws,2,148,3.675,1.562
ws,2,149,3.382,1.8
ws,2,150,2.987,1.776
ws,2,151,3.394,1.681
ws,2,152,3.207,1.444
ws,2,153,3.376,1.486
ws,2,154,3.088,1.665
ws,2,155,4.39,2.615
ws,2,156,4.291,2.193
ws,2,157,4.171,2.129
ws,2,158,4.43,2.407
ws,2,159,4.607,2.413
ws,2,160,4.939,2.952
ws,2,161,3.935,2.319
ws,2,162,4.523,3.01
ws,2,163,4.881,2.473
ws,2,164,5.024,2.922
ws,2,165,5.652,2.75
ws,2,166,4.882,2.626
ws,2,167,4.889,2.199
ws,2,168,5.52,2.608
ws,2,169,5.294,3.092
ws,2,170,4.5,2.006
ws,2,171,13.821,2.384
ws,2,172,5.256,3.693
ws,2,173,5.389,3.03
ws,2,174,4.192,2.316
ws,2,175,5.816,3.104
ws,2,176,4.738,2.57
ws,2,177,4.501,2.346
ws,2,178,4.938,2.221
ws,2,179,4.898,2.948
ws,2,180,4.887,2.582
ws,2,181,4.136,2.425
ws,2,182,4.704,2.798
ws,2,183,4.227,1.98
ws,2,184,4.086,2.092
ws,2,185,5.336,3.002
ws,2,186,4.703,2.348
ws,2,187,4.315,2.446
ws,2,188,5.106,2.539
ws,2,189,5.24,2.4
ws,2,190,12.798,6.559
ws,2,191,11.937,6.814
ws,2,192,4.722,2.854
ws,2,193,4.212,2.302
ws,2,194,4.572,2.43
ws,2,195,4.174,1.963
ws,2,196,3.742,2.118
ws,2,197,4.353,2.562
ws,2,198,4.032,2.456
ws,2,199,5.496,3.186
ws,2,200,3.866,2.163
ws,2,201,4.979,2.529
ws,2,202,4.097,2.335
ws,2,203,4.6,2.59
ws,2,204,5.803,3.394
ws,2,205,4.995,2.538
ws,2,206,4.222,2.302
ws,2,207,5.278,3.253
ws,2,208,5.632,2.647
ws,2,209,4.504,2.85
ws,2,210,5.676,3.125
ws,2,211,4.885,2.44
ws,2,212,4.375,2.565
ws,2,213,4.874,2.845
ws,2,214,4.881,2.557
ws,2,215,4.575,2.747
ws,2,216,5.618,3.483
ws,2,217,5.599,3.435
ws,2,218,6.186,3.499
ws,2,219,3.985,2.371
ws,2,220,4.887,2.864
ws,2,221,6.21,3.454
ws,2,222,4.852,2.564
ws,2,223,5.928,3.315
ws,2,224,4.438,2.555
ws,2,225,5.69,3.261
ws,2,226,5.07,2.865
ws,2,227,4.373,2.528
ws,2,228,4.711,2.625
ws,2,229,4.563,2.389
ws,2,230,4.128,2.244
ws,2,231,3.998,1.861
ws,2,232,4.194,2.226
ws,2,233,4.753,2.622
ws,2,234,5.327,2.689
ws,2,235,5.161,3.09
ws,2,236,5.033,2.891
ws,2,237,4.876,2.71
ws,2,238,5.069,2.228
ws,2,239,5.294,3.201
ws,2,240,5.122,2.159
ws,2,241,4.633,2.579
ws,2,242,5.537,3.059
ws,2,243,4.76,2.496
ws,2,244,4.829,2.737
ws,2,245,4.575,2.051
ws,2,246,20.251,16.085
ws,2,247,4.876,2.532
ws,2,248,5.286,2.827
ws,2,249,4.792,2.854
ws,2,250,4.656,2.082
ws,2,251,4.934,2.552
ws,2,252,4.924,2.64
ws,2,253,5.44,2.927
ws,2,254,4.864,2.714
ws,2,255,4.947,2.522
ws,2,256,5.565,3.283
ws,2,257,5.4,2.861
ws,2,258,5.568,3.015
ws,2,259,5.14,2.91
ws,2,260,4.872,2.607
ws,2,261,4.55,2.456
ws,2,262,4.033,2.431
ws,2,263,4.77,2.791
ws,2,264,4.534,2.506
ws,2,265,4.608,2.337
ws,2,266,4.312,2.265
ws,2,267,4.685,2.725
ws,2,268,4.709,2.253
ws,2,269,5.506,2.732
ws,2,270,4.703,2.658
ws,2,271,4.975,2.953
ws,2,272,3.747,2.176
ws,2,273,4.979,2.737
ws,2,274,4.517,2.21
ws,2,275,4.497,2.689
ws,2,276,5.458,3.12
ws,2,277,4.91,2.91
ws,2,278,4.953,2.305
ws,2,279,4.604,2.426
ws,2,280,4.692,2.562
ws,2,281,5.283,2.993
ws,2,282,4.763,2.915
ws,2,283,4.072,1.996
ws,2,284,5.454,3.037
ws,2,285,4.179,2.407
ws,2,286,5.208,2.665
ws,2,287,5.069,2.567
ws,2,288,4.825,2.673
ws,2,289,5.737,2.778
ws,2,290,4.975,2.844
ws,2,291,5.188,2.461
ws,2,292,5.734,3.373
ws,2,293,4.362,2.53
ws,2,294,5.186,2.646
ws,2,295,4.59,2.437
ws,2,296,5.328,2.899
ws,2,297,4.975,2.844
ws,2,298,5.051,2.986
ws,2,299,5.068,2.621
mqtt,2,0,6.673,3.797
mqtt,2,1,6.133,3.476
mqtt,2,2,6.035,3.447
mqtt,2,3,6.57,3.848
mqtt,2,4,6.53,3.792
mqtt,2,5,6.749,4.11
mqtt,2,6,5.273,2.987
mqtt,2,7,6.223,3.322
mqtt,2,8,5.733,3.208
mqtt,2,9,5.986,3.344
mqtt,2,10,6.419,3.949
mqtt,2,11,5.701,3.433
mqtt,2,12,5.709,3.504
mqtt,2,13,6.82,4.003
mqtt,2,14,6.727,3.706
mqtt,2,15,6.21,3.64
mqtt,2,16,7.889,4.284
mqtt,2,17,7.278,4.232
mqtt,2,18,7.112,4.234
mqtt,2,19,6.306,3.727
mqtt,2,20,7.262,3.846
mqtt,2,21,7.609,4.321
mqtt,2,22,6.16,3.318
mqtt,2,23,6.055,3.378
mqtt,2,24,6.298,3.559
mqtt,2,25,6.049,3.566
mqtt,2,26,5.293,2.933
mqtt,2,27,6.245,3.399
mqtt,2,28,6.001,3.451
mqtt,2,29,6.447,3.985
mqtt,2,30,6.026,3.134
mqtt,2,31,5.566,3.18
mqtt,2,32,5.766,3.535
mqtt,2,33,5.807,3.548
mqtt,2,34,5.789,3.505
mqtt,2,35,7.526,4.542
mqtt,2,36,17.462,3.459
mqtt,2,37,7.784,5.383
mqtt,2,38,6.856,4.343
mqtt,2,39,5.963,3.281
mqtt,2,40,6.476,3.927
mqtt,2,41,6.727,3.436
mqtt,2,42,5.234,3.189
mqtt,2,43,6.197,3.78
mqtt,2,44,6.178,3.12
mqtt,2,45,6.115,3.152
mqtt,2,46,6.155,3.449
mqtt,2,47,7.651,4.584
mqtt,2,48,6.672,3.383
mqtt,2,49,5.57,3.424
mqtt,2,50,6.546,3.558
mqtt,2,51,6.713,4.065
mqtt,2,52,6.146,3.285
mqtt,2,53,6.181,4.027
mqtt,2,54,6.203,3.735
mqtt,2,55,5.872,3.469
mqtt,2,56,8.212,5.096
mqtt,2,57,6.445,3.618
mqtt,2,58,5.484,3.179
mqtt,2,59,5.395,3.261
mqtt,2,60,5.956,3.313
mqtt,2,61,6.813,4.077
mqtt,2,62,6.166,3.54
mqtt,2,63,6.784,3.511
mqtt,2,64,5.519,3.352
mqtt,2,65,7.081,3.899
mqtt,2,66,6.497,3.699
mqtt,2,67,5.676,3.055
mqtt,2,68,6.059,3.309
mqtt,2,69,5.418,3.306
mqtt,2,70,6.394,3.898
mqtt,2,71,6.744,4.05
mqtt,2,72,6.015,3.4
mqtt,2,73,7.852,4.872
mqtt,2,74,6.978,4.078
mqtt,2,75,7.293,3.771
mqtt,2,76,7.23,3.98
mqtt,2,77,7.367,3.957
mqtt,2,78,6.813,4.44
mqtt,2,79,7.042,3.932
mqtt,2,80,7.326,4.521
mqtt,2,81,7.285,4.582
mqtt,2,82,6.303,3.564
mqtt,2,83,6.198,3.443
mqtt,2,84,5.995,3.244
mqtt,2,85,6.376,3.919
mqtt,2,86,6.82,3.388
mqtt,2,87,6.356,3.284
mqtt,2,88,5.721,3.138
mqtt,2,89,6.267,3.144
mqtt,2,90,6.969,3.905
mqtt,2,91,5.189,3.029
mqtt,2,92,6.917,4.145
mqtt,2,93,5.694,3.35
mqtt,2,94,5.748,3.563
mqtt,2,95,5.141,3.15
mqtt,2,96,5.407,3.193
mqtt,2,97,5.667,3.524
mqtt,2,98,5.652,2.91
mqtt,2,99,5.058,3.042
mqtt,2,100,5.984,3.472
mqtt,2,101,4.859,2.803
mqtt,2,102,6.01,3.455
mqtt,2,103,5.497,3.075
mqtt,2,104,6.722,4.134
mqtt,2,105,6.089,3.139
mqtt,2,106,17.867,13.647
mqtt,2,107,5.435,3.376
mqtt,2,108,5.084,3.025
mqtt,2,109,5.192,3.226
mqtt,2,110,5.664,3.083
mqtt,2,111,8.034,4.809
mqtt,2,112,5.505,3.356
mqtt,2,113,7.277,4.462
mqtt,2,114,6.274,3.743
mqtt,2,115,7.002,4.251
mqtt,2,116,6.116,3.109
mqtt,2,117,5.694,3.494
mqtt,2,118,6.916,4.407
mqtt,2,119,5.571,2.997
mqtt,2,120,6.522,3.759
mqtt,2,121,6.58,3.628
mqtt,2,122,6.772,3.275
mqtt,2,123,6.278,4.105
mqtt,2,124,7.146,4.216
mqtt,2,125,6.606,3.293
mqtt,2,126,5.819,3.322
mqtt,2,127,7.1,4.043
mqtt,2,128,6.805,3.972
mqtt,2,129,6.044,3.346
mqtt,2,130,5.691,3.373
mqtt,2,131,6.604,4.212
mqtt,2,132,6.576,3.898
mqtt,2,133,6.349,3.383
mqtt,2,134,6.519,3.289
mqtt,2,135,6.896,3.907
mqtt,2,136,5.358,3.309
mqtt,2,137,6.982,3.934
mqtt,2,138,5.649,3.202
mqtt,2,139,6.609,4.1
mqtt,2,140,6.407,3.242
mqtt,2,141,6.786,3.801
mqtt,2,142,5.817,3.162
mqtt,2,143,6.384,4.056
mqtt,2,144,5.968,3.164
mqtt,2,145,5.907,3.326
mqtt,2,146,6.017,3.575
mqtt,2,147,6.265,3.828
mqtt,2,148,5.077,2.835
mqtt,2,149,6.239,3.312
mqtt,2,150,6.219,3.557
mqtt,2,151,5.67,3.576
mqtt,2,152,5.919,3.438
mqtt,2,153,7.493,4.932
mqtt,2,154,5.569,3.435
mqtt,2,155,5.939,3.322
mqtt,2,156,6.429,4.105
mqtt,2,157,6.125,3.539
mqtt,2,158,6.528,3.107
mqtt,2,159,6.025,3.423
mqtt,2,160,7.29,4.116
mqtt,2,161,6.415,3.304
mqtt,2,162,6.6,4.155
mqtt,2,163,6.29,3.355
mqtt,2,164,6.207,3.312
mqtt,2,165,5.971,3.321
mqtt,2,166,6.334,3.813
mqtt,2,167,6.515,3.458
mqtt,2,168,5.874,3.541
mqtt,2,169,5.785,3.424
mqtt,2,170,5.833,3.08
mqtt,2,171,6.828,3.896
mqtt,2,172,6.57,3.911
mqtt,2,173,7.01,4.216
mqtt,2,174,6.522,3.652
mqtt,2,175,5.762,3.051
mqtt,2,176,16.875,13.106
mqtt,2,177,6.466,3.461
mqtt,2,178,5.223,3.089
mqtt,2,179,5.89,3.523
mqtt,2,180,6.311,4.034
mqtt,2,181,6.498,4.224
mqtt,2,182,6.426,3.631
mqtt,2,183,6.75,3.445
mqtt,2,184,6.497,4.084
mqtt,2,185,6.395,3.923
mqtt,2,186,6.644,3.735
mqtt,2,187,5.968,3.697
mqtt,2,188,6.093,3.891
mqtt,2,189,4.828,2.998
mqtt,2,190,6.267,3.692
mqtt,2,191,6.115,3.254
mqtt,2,192,5.875,3.41
mqtt,2,193,6.773,4.054
mqtt,2,194,6.269,3.127
mqtt,2,195,5.234,3.159
mqtt,2,196,5.84,3.34
mqtt,2,197,6.084,3.821
mqtt,2,198,5.989,3.752
mqtt,2,199,6.604,3.373
mqtt,2,200,5.898,3.633
mqtt,2,201,6.501,3.577
mqtt,2,202,6.011,3.388
mqtt,2,203,5.367,3.09
mqtt,2,204,5.115,3.134
mqtt,2,205,6.327,3.866
mqtt,2,206,6.288,3.444
mqtt,2,207,6.255,3.889
mqtt,2,208,5.625,3.254
mqtt,2,209,5.417,3.273
mqtt,2,210,6.126,3.869
mqtt,2,211,5.952,3.061
mqtt,2,212,6.187,3.492
mqtt,2,213,5.854,3.636
mqtt,2,214,6.118,3.619
mqtt,2,215,7.026,3.682
mqtt,2,216,6.628,3.965
mqtt,2,217,6.344,4.023
mqtt,2,218,6.479,3.632
mqtt,2,219,6.185,3.091
mqtt,2,220,6.033,3.239
mqtt,2,221,6.442,3.784
mqtt,2,222,6.3,3.86
mqtt,2,223,5.725,3.008
mqtt,2,224,6.261,3.771
mqtt,2,225,5.828,2.856
mqtt,2,226,6.016,3.023
mqtt,2,227,6.116,3.727
mqtt,2,228,6.789,3.67
mqtt,2,229,6.635,3.253
mqtt,2,230,6.773,4.184
mqtt,2,231,6.786,4.139
mqtt,2,232,7.493,4.79
mqtt,2,233,7.832,4.059
mqtt,2,234,6.165,3.967
mqtt,2,235,6.361,4.007
mqtt,2,236,6.604,3.923
mqtt,2,237,6.144,3.797
mqtt,2,238,7.381,4.374
mqtt,2,239,5.265,3.234
mqtt,2,240,6.222,3.701
mqtt,2,241,5.402,2.913
mqtt,2,242,5.671,3.496
mqtt,2,243,6.2,3.802
mqtt,2,244,6.891,4.396
mqtt,2,245,6.26,3.369
mqtt,2,246,21.023,16.045
mqtt,2,247,7.172,3.781
mqtt,2,248,6.494,4.171
mqtt,2,249,5.902,3.141
mqtt,2,250,5.193,3.179
mqtt,2,251,6.241,4.44
mqtt,2,252,6.635,4.144
mqtt,2,253,6.905,3.433
mqtt,2,254,6.258,3.807
mqtt,2,255,6.958,4.237
mqtt,2,256,6.769,3.722
mqtt,2,257,6.567,3.696
mqtt,2,258,5.773,3.39
mqtt,2,259,5.539,3.155
mqtt,2,260,5.515,3.027
mqtt,2,261,6.361,3.294
mqtt,2,262,6.027,3.568
mqtt,2,263,6.378,3.699
mqtt,2,264,6.679,3.154
mqtt,2,265,6.387,3.843
mqtt,2,266,5.953,2.862
mqtt,2,267,5.645,3.04
mqtt,2,268,5.957,3.031
mqtt,2,269,6.291,3.371
mqtt,2,270,6.667,3.194
mqtt,2,271,6.105,3.46
mqtt,2,272,6.239,3.476
mqtt,2,273,6.087,3.872
mqtt,2,274,6.642,4.221
mqtt,2,275,6.333,3.741
mqtt,2,276,6.325,3.971
mqtt,2,277,6.157,3.697
mqtt,2,278,6.565,3.025
mqtt,2,279,5.831,3.35
mqtt,2,280,6.401,3.908
mqtt,2,281,6.129,3.728
mqtt,2,282,6.074,3.282
mqtt,2,283,6.771,3.927
mqtt,2,284,6.628,3.538
mqtt,2,285,6.467,3.31
mqtt,2,286,7.061,4.334
mqtt,2,287,5.757,3.337
mqtt,2,288,6.749,3.655
mqtt,2,289,5.7,3.251
mqtt,2,290,6.297,3.434
mqtt,2,291,5.532,3.013
mqtt,2,292,6.638,3.535
mqtt,2,293,5.988,3.182
mqtt,2,294,6.895,3.712
mqtt,2,295,6.317,3.726
mqtt,2,296,7.332,4.278
mqtt,2,297,6.756,3.743
mqtt,2,298,5.103,3.096
mqtt,2,299,6.015,3.605
mqtt,3,0,7.033,4.592
mqtt,3,1,6.712,3.319
mqtt,3,2,6.228,3.408
mqtt,3,3,6.668,4.035
mqtt,3,4,6.664,4.207
mqtt,3,5,7.061,3.607
mqtt,3,6,6.28,3.976
mqtt,3,7,7.097,4.164
mqtt,3,8,5.632,3.147
mqtt,3,9,7.07,4.032
mqtt,3,10,8.049,4.214
mqtt,3,11,6.499,3.988
mqtt,3,12,6.292,3.938
mqtt,3,13,6.33,3.87
mqtt,3,14,6.23,3.387
mqtt,3,15,6.346,3.869
mqtt,3,16,7.553,4.306
mqtt,3,17,6.089,3.631
mqtt,3,18,6.978,4.153
mqtt,3,19,6.899,4.225
mqtt,3,20,6.312,3.259
mqtt,3,21,6.789,3.428
mqtt,3,22,6.973,3.358
mqtt,3,23,5.817,3.403
mqtt,3,24,6.438,3.687
mqtt,3,25,7.149,4.385
mqtt,3,26,7.395,4.074
mqtt,3,27,6.64,3.974
mqtt,3,28,7.444,4.223
mqtt,3,29,6.211,3.42
mqtt,3,30,5.261,3.053
mqtt,3,31,6.087,3.475
mqtt,3,32,6.817,3.432
mqtt,3,33,6.344,3.847
mqtt,3,34,7.639,4.779
mqtt,3,35,6.972,4.053
mqtt,3,36,6.766,3.856
mqtt,3,37,7.797,4.13
mqtt,3,38,6.416,3.454
mqtt,3,39,8.067,5.148
mqtt,3,40,19.624,4.081
mqtt,3,41,9.597,5.581
mqtt,3,42,5.424,3.27
mqtt,3,43,5.369,3.108
mqtt,3,44,6.987,4.366
mqtt,3,45,7.074,3.322
mqtt,3,46,6.81,3.554
mqtt,3,47,6.247,3.87
mqtt,3,48,7.324,4.378
mqtt,3,49,8.036,4.969
mqtt,3,50,8.303,4.765
mqtt,3,51,5.862,3.745
mqtt,3,52,6.474,3.962
mqtt,3,53,6.224,3.404
mqtt,3,54,6.617,4.122
mqtt,3,55,7.107,4.091
mqtt,3,56,6.351,3.701
mqtt,3,57,6.943,3.885
mqtt,3,58,6.963,4.371
mqtt,3,59,5.598,3.036
mqtt,3,60,5.872,3.075
mqtt,3,61,6.239,3.337
mqtt,3,62,6.483,3.921
mqtt,3,63,6.954,4.27
mqtt,3,64,7.259,4.188
mqtt,3,65,6.758,4.119
mqtt,3,66,6.494,3.972
mqtt,3,67,6.679,3.881
mqtt,3,68,7.048,3.541
mqtt,3,69,6.211,3.596
mqtt,3,70,6.706,4.083
mqtt,3,71,5.928,3.291
mqtt,3,72,5.85,3.282
mqtt,3,73,6.089,3.068
mqtt,3,74,6.274,3.382
mqtt,3,75,7.42,4.688
mqtt,3,76,6.672,3.236
mqtt,3,77,6.27,3.678
mqtt,3,78,7.164,4.444
mqtt,3,79,6.678,3.302
mqtt,3,80,5.708,3.413
mqtt,3,81,6.034,3.499
mqtt,3,82,6.304,3.77
mqtt,3,83,6.518,3.937
mqtt,3,84,5.941,2.957
mqtt,3,85,7.304,3.699
mqtt,3,86,6.101,3.456
mqtt,3,87,5.714,3.317
mqtt,3,88,6.866,3.684
mqtt,3,89,6.66,3.558
mqtt,3,90,5.907,3.458
mqtt,3,91,6.487,4.086
mqtt,3,92,5.084,2.826
mqtt,3,93,5.673,3.038
mqtt,3,94,5.919,3.512
mqtt,3,95,6.605,3.723
mqtt,3,96,5.352,3.009
mqtt,3,97,6.126,3.322
mqtt,3,98,6.25,3.36
mqtt,3,99,6.295,3.328
mqtt,3,100,5.321,3.246
mqtt,3,101,5.191,3.091
mqtt,3,102,7.429,4.084
mqtt,3,103,7.459,3.962
mqtt,3,104,5.833,3.682
mqtt,3,105,5.845,3.092
mqtt,3,106,6.814,3.608
mqtt,3,107,5.316,3.195
mqtt,3,108,6.604,4.156
mqtt,3,109,5.773,2.883
mqtt,3,110,6.709,3.203
mqtt,3,111,18.745,3.042
mqtt,3,112,8.143,5.197
mqtt,3,113,6.378,3.275
mqtt,3,114,5.15,3.173
mqtt,3,115,5.484,3.349
mqtt,3,116,6.886,4.181
mqtt,3,117,7.191,4.699
mqtt,3,118,6.772,3.507
mqtt,3,119,6.729,4.247
mqtt,3,120,6.267,3.854
mqtt,3,121,7.412,4.255
mqtt,3,122,6.249,3.765
mqtt,3,123,6.716,4.237
mqtt,3,124,7.086,3.528
mqtt,3,125,6.134,3.777
mqtt,3,126,5.858,3.647
mqtt,3,127,5.707,2.739
mqtt,3,128,4.894,3.051
mqtt,3,129,5.932,3.659
mqtt,3,130,5.431,2.736
mqtt,3,131,4.809,3.007
mqtt,3,132,7.58,4.188
mqtt,3,133,5.661,3.253
mqtt,3,134,6.416,3.526
mqtt,3,135,5.514,3.001
mqtt,3,136,5.375,3.479
mqtt,3,137,5.056,3.102
mqtt,3,138,6.003,3.753
mqtt,3,139,4.855,2.707
mqtt,3,140,6.066,3.07
mqtt,3,141,5.971,3.909
mqtt,3,142,5.465,2.918
mqtt,3,143,5.357,3.235
mqtt,3,144,5.461,3.004
mqtt,3,145,5.745,3.082
mqtt,3,146,5.42,3.646
mqtt,3,147,5.452,2.675
mqtt,3,148,5.069,3.14
mqtt,3,149,5.915,3.56
mqtt,3,150,6.046,3.018
mqtt,3,151,6.09,3.273
mqtt,3,152,6.244,3.834
mqtt,3,153,6.184,3.911
mqtt,3,154,5.86,3.658
mqtt,3,155,6.315,3.871
mqtt,3,156,5.776,3.178
mqtt,3,157,5.93,3.389
mqtt,3,158,6.177,3.249
mqtt,3,159,5.199,3.031
mqtt,3,160,6.357,3.631
mqtt,3,161,5.74,3.543
mqtt,3,162,6.57,3.818
mqtt,3,163,5.487,3.117
mqtt,3,164,6.23,3.736
mqtt,3,165,5.953,3.723
mqtt,3,166,6.118,3.305
mqtt,3,167,5.964,3.523
mqtt,3,168,4.98,2.916
mqtt,3,169,4.861,3.033
mqtt,3,170,4.927,3.041
mqtt,3,171,6.096,3.791
mqtt,3,172,5.565,2.903
mqtt,3,173,5.703,3.67
mqtt,3,174,5.45,3.411
mqtt,3,175,5.492,3.417
mqtt,3,176,6.257,3.638
mqtt,3,177,5.944,3.558
mqtt,3,178,6.038,3.172
mqtt,3,179,4.874,2.985
mqtt,3,180,5.962,3.443
mqtt,3,181,5.879,3.622
mqtt,3,182,5.619,3.467
mqtt,3,183,5.068,2.773
mqtt,3,184,19.66,15.582
mqtt,3,185,5.814,3.309
mqtt,3,186,5.947,2.99
mqtt,3,187,5.272,3.149
mqtt,3,188,6.362,3.939
mqtt,3,189,6.894,4.123
mqtt,3,190,7.111,3.824
mqtt,3,191,7.425,3.908
mqtt,3,192,6.968,4.527
mqtt,3,193,7.157,4.462
mqtt,3,194,7.814,3.815
mqtt,3,195,6.551,4.003
mqtt,3,196,5.232,2.867
mqtt,3,197,6.8,3.823
mqtt,3,198,6.377,3.311
mqtt,3,199,5.403,3.229
mqtt,3,200,6.091,3.521
mqtt,3,201,5.75,2.929
mqtt,3,202,6.552,3.193
mqtt,3,203,6.597,3.962
mqtt,3,204,7.046,3.87
mqtt,3,205,6.501,3.789
mqtt,3,206,6.366,4.022
mqtt,3,207,6.778,3.441
mqtt,3,208,6.036,3.691
mqtt,3,209,6.318,3.954
mqtt,3,210,6.077,3.148
mqtt,3,211,7.182,4.337
mqtt,3,212,6.115,3.476
mqtt,3,213,5.506,3.17
mqtt,3,214,5.889,3.007
mqtt,3,215,5.22,3.216
mqtt,3,216,6.248,3.608
mqtt,3,217,7.192,4.037
mqtt,3,218,6.51,3.903
mqtt,3,219,5.336,3.034
mqtt,3,220,5.428,2.752
mqtt,3,221,5.265,3.388
mqtt,3,222,5.408,3.164
mqtt,3,223,6.01,3.754
mqtt,3,224,5.673,3.174
mqtt,3,225,6.008,3.054
mqtt,3,226,5.603,3.007
mqtt,3,227,6.176,3.612
mqtt,3,228,5.572,3.004
mqtt,3,229,5.898,2.989
mqtt,3,230,5.825,3.262
mqtt,3,231,7.024,4.474
mqtt,3,232,5.575,2.972
mqtt,3,233,6.017,3.793
mqtt,3,234,6.183,3.216
mqtt,3,235,5.652,2.931
mqtt,3,236,5.722,3.623
mqtt,3,237,6.302,4.027
mqtt,3,238,7.34,3.787
mqtt,3,239,6.856,4.067
mqtt,3,240,6.508,3.541
mqtt,3,241,6.057,3.658
mqtt,3,242,7.368,4.489
mqtt,3,243,5.291,3.282
mqtt,3,244,6.703,3.917
mqtt,3,245,6.593,3.595
mqtt,3,246,7.773,4.562
mqtt,3,247,7.012,3.825
mqtt,3,248,5.978,3.757
mqtt,3,249,5.72,3.523
mqtt,3,250,6.083,3.603
mqtt,3,251,5.935,3.397
mqtt,3,252,5.869,3.596
mqtt,3,253,6.232,4.024
mqtt,3,254,18.902,14.601
mqtt,3,255,6.032,3.38
mqtt,3,256,5.429,3.109
mqtt,3,257,6.302,3.941
mqtt,3,258,4.622,2.315
mqtt,3,259,5.454,3.328
mqtt,3,260,5.472,2.887
mqtt,3,261,5.892,3.304
mqtt,3,262,6.436,3.709
mqtt,3,263,6.15,3.84
mqtt,3,264,6.225,3.474
mqtt,3,265,6.593,3.671
mqtt,3,266,6.361,3.957
mqtt,3,267,5.77,3.157
mqtt,3,268,5.909,3.021
mqtt,3,269,6.521,3.693
mqtt,3,270,5.874,3.265
mqtt,3,271,4.993,2.883
mqtt,3,272,5.104,3.087
mqtt,3,273,5.574,3.612
mqtt,3,274,5.535,3.401
mqtt,3,275,6.066,3.826
mqtt,3,276,5.912,3.09
mqtt,3,277,5.733,3.238
mqtt,3,278,6.221,3.411
mqtt,3,279,5.535,2.949
mqtt,3,280,6.714,3.712
mqtt,3,281,5.22,3.046
mqtt,3,282,6.394,3.756
mqtt,3,283,4.867,2.973
mqtt,3,284,5.662,3.441
mqtt,3,285,5.388,3.485
mqtt,3,286,5.265,2.876
mqtt,3,287,6.367,3.461
mqtt,3,288,5.483,3.078
mqtt,3,289,6.777,3.96
mqtt,3,290,6.001,3.761
mqtt,3,291,7.627,3.969
mqtt,3,292,5.967,3.572
mqtt,3,293,5.25,2.887
mqtt,3,294,6.225,3.314
mqtt,3,295,5.808,3.577
mqtt,3,296,6.064,3.51
mqtt,3,297,6.356,3.935
mqtt,3,298,6.646,3.683
mqtt,3,299,5.919,3.191
ws,3,0,4.896,2.524
ws,3,1,4.975,2.572
ws,3,2,4.841,2.654
ws,3,3,4.958,2.335
ws,3,4,4.493,2.239
ws,3,5,4.424,2.209
ws,3,6,5.441,2.584
ws,3,7,4.695,2.798
ws,3,8,5.538,2.636
ws,3,9,4.498,2.612
ws,3,10,5.239,2.941
ws,3,11,4.768,2.938
ws,3,12,4.641,2.829
ws,3,13,4.983,1.853
ws,3,14,4.869,2.388
ws,3,15,5.45,2.781
ws,3,16,5.526,2.92
ws,3,17,28.264,2.511
ws,3,18,4.066,2.458
ws,3,19,4.51,2.612
ws,3,20,4.818,2.941
ws,3,21,3.761,1.856
ws,3,22,4.134,2.438
ws,3,23,5.118,2.94
ws,3,24,5.715,3.544
ws,3,25,5.05,2.675
ws,3,26,4.629,2.77
ws,3,27,4.11,2.168
ws,3,28,4.135,2.151
ws,3,29,4.972,2.316
ws,3,30,4.708,2.45
ws,3,31,4.669,2.125
ws,3,32,5.107,2.669
ws,3,33,5.816,2.966
ws,3,34,5.292,2.747
ws,3,35,4.547,2.69
ws,3,36,3.901,2.146
ws,3,37,4.635,2.841
ws,3,38,4.035,2.606
ws,3,39,3.57,2.091
ws,3,40,4.868,2.871
ws,3,41,4.93,2.229
ws,3,42,4.892,2.417
ws,3,43,4.182,2.213
ws,3,44,5.773,3.263
ws,3,45,5.82,2.724
ws,3,46,5.262,2.982
ws,3,47,5.384,2.981
ws,3,48,18.273,15.393
ws,3,49,4.093,2.44
ws,3,50,4.654,2.764
ws,3,51,4.75,2.568
ws,3,52,5.243,2.989
ws,3,53,5.441,2.835
ws,3,54,5.617,2.67
ws,3,55,4.544,2.512
ws,3,56,5.92,3.385
ws,3,57,5.207,2.973
ws,3,58,4.436,2.533
ws,3,59,4.861,2.666
ws,3,60,5.405,3.055
ws,3,61,5.153,2.317
ws,3,62,5.727,2.678
ws,3,63,5.452,2.623
ws,3,64,4.725,2.707
ws,3,65,4.871,2.494
ws,3,66,6.282,3.49
ws,3,67,5.923,2.934
ws,3,68,4.652,2.688
ws,3,69,5.181,2.75
ws,3,70,5.172,2.751
ws,3,71,5.696,3.239
ws,3,72,6.099,2.883
ws,3,73,4.777,2.636
ws,3,74,5.192,2.925
ws,3,75,5.325,3.076
ws,3,76,5.74,3.042
ws,3,77,5.168,2.678
ws,3,78,4.543,2.62
ws,3,79,4.856,2.584
ws,3,80,5.94,3.482
ws,3,81,5.187,2.49
ws,3,82,5.201,2.522
ws,3,83,4.969,2.371
ws,3,84,5.486,2.463
ws,3,85,5.193,2.946
ws,3,86,5.045,2.595
ws,3,87,4.831,2.904
ws,3,88,5.439,2.865
ws,3,89,5.114,2.59
ws,3,90,4.949,2.859
ws,3,91,5.415,3.169
ws,3,92,4.207,2.477
ws,3,93,4.422,2.521
ws,3,94,5.635,2.995
ws,3,95,5.332,2.384
ws,3,96,4.33,2.659
ws,3,97,4.708,2.762
ws,3,98,5.029,2.797
ws,3,99,5.237,3.12
ws,3,100,5.233,2.858
ws,3,101,4.643,2.414
ws,3,102,5.003,2.296
ws,3,103,5.075,2.674
ws,3,104,5.28,3.007
ws,3,105,5.397,3.091
ws,3,106,5.47,3.227
ws,3,107,4.783,2.608
ws,3,108,5.14,2.892
ws,3,109,4.071,2.139
ws,3,110,4.741,2.348
ws,3,111,5.638,2.729
ws,3,112,5.719,3.515
ws,3,113,5.557,2.757
ws,3,114,5.027,2.617
ws,3,115,4.928,2.814
ws,3,116,4.699,2.731
ws,3,117,4.801,2.749
ws,3,118,5.346,3.014
ws,3,119,5.888,3.594
ws,3,120,6.151,2.861
ws,3,121,5.145,2.702
ws,3,122,23.406,19.719
ws,3,123,3.99,2.328
ws,3,124,4.686,2.776
ws,3,125,4.265,2.54
ws,3,126,4.526,2.779
ws,3,127,4.946,2.572
ws,3,128,4.84,2.856
ws,3,129,5.018,2.993
ws,3,130,4.424,2.268
ws,3,131,5.698,3.431
ws,3,132,5.002,3.003
ws,3,133,5.291,3.276
ws,3,134,4.797,2.599
ws,3,135,5.106,2.809
ws,3,136,4.841,2.819
ws,3,137,4.71,2.686
ws,3,138,4.389,2.611
ws,3,139,5.106,2.619
ws,3,140,4.75,2.327
ws,3,141,5.488,2.574
ws,3,142,4.876,2.618
ws,3,143,4.891,2.807
ws,3,144,4.634,2.69
ws,3,145,4.778,2.772
ws,3,146,4.716,2.362
ws,3,147,4.826,2.581
ws,3,148,3.989,2.324
ws,3,149,3.868,2.272
ws,3,150,4.553,2.866
ws,3,151,4.645,2.333
ws,3,152,4.527,2.18
ws,3,153,4.258,2.277
ws,3,154,4.401,2.371
ws,3,155,3.877,1.945
ws,3,156,3.834,1.879
ws,3,157,4.294,1.935
ws,3,158,3.859,2.032
ws,3,159,3.681,1.764
ws,3,160,3.535,1.783
ws,3,161,5.152,2.862
ws,3,162,5.301,2.488
ws,3,163,4.459,2.438
ws,3,164,5.131,3.072
ws,3,165,4.254,2.193
ws,3,166,4.988,2.725
ws,3,167,5.063,2.548
ws,3,168,5.387,2.497
ws,3,169,4.511,2.663
ws,3,170,4.835,2.833
ws,3,171,5.053,2.858
ws,3,172,4.948,2.531
ws,3,173,4.309,2.263
ws,3,174,3.94,2.294
ws,3,175,4.504,2.436
ws,3,176,4.905,2.673
ws,3,177,4.751,2.939
ws,3,178,4.349,2.111
ws,3,179,4.256,2.163
ws,3,180,4.61,2.686
ws,3,181,3.885,1.869
ws,3,182,4.111,2.071
ws,3,183,4.682,2.198
ws,3,184,4.78,2.471
ws,3,185,4.632,2.704
ws,3,186,4.804,2.659
ws,3,187,5.234,2.749
ws,3,188,4.832,2.697
ws,3,189,5.094,2.508
ws,3,190,4.489,2.533
ws,3,191,5.264,3.079
ws,3,192,4.657,2.983
ws,3,193,4.16,2.079
ws,3,194,4.191,1.931
ws,3,195,4.174,2.007
ws,3,196,15.004,2.011
ws,3,197,5.382,3.659
ws,3,198,4.26,2.628
ws,3,199,3.569,1.69
ws,3,200,3.994,1.794
ws,3,201,4.345,2.085
ws,3,202,3.955,2.162
ws,3,203,4.642,2.612
ws,3,204,5.256,3.111
ws,3,205,4.225,2.582
ws,3,206,4.102,2.303
ws,3,207,4.653,2.829
ws,3,208,4.902,2.783
ws,3,209,5.6,3.301
ws,3,210,6.225,3.934
ws,3,211,5.359,2.671
ws,3,212,4.745,2.606
ws,3,213,4.63,2.778
ws,3,214,4.205,2.454
ws,3,215,4.121,1.989
ws,3,216,4.028,1.834
ws,3,217,4.122,2.124
ws,3,218,4.516,2.393
ws,3,219,4.829,2.838
ws,3,220,4.627,2.61
ws,3,221,4.319,1.866
ws,3,222,3.967,2.336
ws,3,223,4.333,2.453
ws,3,224,5.255,2.731
ws,3,225,5.087,2.311
ws,3,226,4.255,2.352
ws,3,227,4.755,2.76
ws,3,228,5.395,3.252
ws,3,229,4.302,2.276
ws,3,230,4.162,2.118
ws,3,231,4.018,2.383
ws,3,232,4.398,2.415
ws,3,233,4.718,2.834
ws,3,234,4.694,2.714
ws,3,235,3.81,2.183
ws,3,236,4.738,2.7
ws,3,237,4.536,2.197
ws,3,238,4.663,2.557
ws,3,239,4.696,2.769
ws,3,240,5.537,3.199
ws,3,241,4.726,2.699
ws,3,242,3.881,1.928
ws,3,243,4.917,2.321
ws,3,244,4.076,2.417
ws,3,245,4.824,2.77
ws,3,246,5.762,3.193
ws,3,247,5.084,3.046
ws,3,248,5.423,3.438
ws,3,249,4.99,2.181
ws,3,250,4.099,2.064
ws,3,251,5.683,2.953
ws,3,252,3.921,2.287
ws,3,253,3.954,2.199
ws,3,254,3.856,2.01
ws,3,255,4.436,2.662
ws,3,256,4.061,1.781
ws,3,257,4.394,2.288
ws,3,258,5.041,2.438
ws,3,259,4.825,2.46
ws,3,260,4.897,2.479
ws,3,261,3.539,1.855
ws,3,262,4.551,2.616
ws,3,263,3.832,1.912
ws,3,264,4.767,2.616
ws,3,265,3.965,2.182
ws,3,266,4.097,2.409
ws,3,267,5.014,2.559
ws,3,268,4.496,2.297
ws,3,269,4.89,2.824
ws,3,270,20.582,2.655
ws,3,271,6.076,3.697
ws,3,272,3.611,2.044
ws,3,273,3.934,2.135
ws,3,274,4.463,2.609
ws,3,275,4.508,2.12
ws,3,276,5.199,2.43
ws,3,277,4.555,2.642
ws,3,278,5.508,3.055
ws,3,279,5.153,2.452
ws,3,280,5.413,3.2
ws,3,281,6.073,3.559
ws,3,282,4.195,2.503
ws,3,283,4.412,2.582
ws,3,284,4.443,2.547
ws,3,285,6.008,3.243
ws,3,286,5.659,3.263
ws,3,287,3.993,2.126
ws,3,288,4.585,2.197
ws,3,289,4.992,2.56
ws,3,290,5.286,2.572
ws,3,291,4.375,2.642
ws,3,292,3.83,2.329
ws,3,293,3.77,2.013
ws,3,294,5.126,2.968
ws,3,295,4.624,2.678
ws,3,296,3.974,2.003
ws,3,297,4.59,1.99
ws,3,298,4.938,2.415
ws,3,299,5.665,2.849
ws,4,0,5.087,2.534
ws,4,1,5.921,3.139
ws,4,2,4.571,2.28
ws,4,3,4.057,2.21
ws,4,4,4.241,2.452
ws,4,5,4.627,2.623
ws,4,6,4.543,2.568
ws,4,7,4.02,1.826
ws,4,8,3.992,2.032
ws,4,9,4.299,2.2
ws,4,10,4.312,2.159
ws,4,11,4.118,2.235
ws,4,12,4.036,2.392
ws,4,13,4.71,2.46
ws,4,14,5.126,2.162
ws,4,15,3.723,2.083
ws,4,16,4.091,2.385
ws,4,17,4.3,2.265
ws,4,18,4.606,2.715
ws,4,19,4.496,1.951
ws,4,20,3.686,2.128
ws,4,21,4.332,2.526
ws,4,22,3.803,1.685
ws,4,23,4.269,2.132
ws,4,24,5.084,2.361
ws,4,25,5.355,2.712
ws,4,26,5.592,3.123
ws,4,27,4.217,2.447
ws,4,28,4.443,2.349
ws,4,29,5.146,3.012
ws,4,30,5.522,3.54
ws,4,31,4.668,2.353
ws,4,32,4.794,2.811
ws,4,33,5.176,2.92
ws,4,34,5.007,2.92
ws,4,35,5.397,3.196
ws,4,36,4.789,2.596
ws,4,37,5.665,2.5
ws,4,38,5.044,2.794
ws,4,39,4.427,2.335
ws,4,40,3.998,1.957
ws,4,41,5.141,2.228
ws,4,42,4.62,2.631
ws,4,43,4.892,2.792
ws,4,44,4.704,2.508
ws,4,45,4.608,2.7
ws,4,46,4.85,2.694
ws,4,47,5.377,2.784
ws,4,48,5.042,2.941
ws,4,49,5.564,3.244
ws,4,50,4.262,2.299
ws,4,51,4.496,2.634
ws,4,52,4.814,2.875
ws,4,53,3.834,2.019
ws,4,54,3.714,1.843
ws,4,55,4.978,2.282
ws,4,56,4.382,2.356
ws,4,57,4.583,2.665
ws,4,58,4.143,1.839
ws,4,59,4.313,2.059
ws,4,60,4.743,2.392
ws,4,61,5.215,3.21
ws,4,62,4.82,2.309
ws,4,63,4.226,2.319
ws,4,64,4.869,2.844
ws,4,65,5.129,3.157
ws,4,66,3.881,1.921
ws,4,67,18.64,2.473
ws,4,68,5.309,3.34
ws,4,69,4.034,2.32
ws,4,70,5.161,2.782
ws,4,71,4.745,2.459
ws,4,72,4.883,2.527
ws,4,73,4.762,2.318
ws,4,74,4.497,2.706
ws,4,75,4.469,2.319
ws,4,76,5.107,2.393
ws,4,77,4.348,2.512
ws,4,78,4.855,2.849
ws,4,79,4.825,2.771
ws,4,80,4.72,2.401
ws,4,81,5.14,2.269
ws,4,82,4.049,2.25
ws,4,83,6.071,3.497
ws,4,84,4.655,2.346
ws,4,85,4.94,2.239
ws,4,86,5.848,3.691
ws,4,87,4.578,2.63
ws,4,88,4.81,2.766
ws,4,89,5.778,3.139
ws,4,90,4.581,2.652
ws,4,91,5.033,2.729
ws,4,92,5.47,3.331
ws,4,93,4.732,2.049
ws,4,94,4.57,2.376
ws,4,95,5.669,3.369
ws,4,96,5.285,2.32
ws,4,97,5.242,3.075
ws,4,98,4.176,2.083
ws,4,99,4.341,2.081
ws,4,100,5.323,2.838
ws,4,101,4.524,2.199
ws,4,102,4.849,2.119
ws,4,103,5.048,2.662
ws,4,104,5.378,2.489
ws,4,105,4.515,2.312
ws,4,106,5.154,3.123
ws,4,107,4.356,1.912
ws,4,108,4.713,2.471
ws,4,109,5.188,2.421
ws,4,110,4.436,2.361
ws,4,111,4.634,2.682
ws,4,112,5.405,2.874
ws,4,113,4.107,2.17
ws,4,114,5.764,2.921
ws,4,115,4.122,2.21
ws,4,116,4.457,2.585
ws,4,117,4.019,2.025
ws,4,118,4.724,2.376
ws,4,119,4.791,2.084
ws,4,120,4.996,3.025
ws,4,121,4.89,2.703
ws,4,122,4.904,2.827
ws,4,123,5.082,2.635
ws,4,124,3.898,2.376
ws,4,125,4.813,2.649
ws,4,126,4.569,2.746
ws,4,127,5.998,3.298
ws,4,128,4.822,2.608
ws,4,129,4.446,2.286
ws,4,130,4.924,2.99
ws,4,131,5.154,2.447
ws,4,132,3.991,2.277
ws,4,133,3.94,2.269
ws,4,134,3.949,2.276
ws,4,135,4.746,2.758
ws,4,136,4.324,2.351
ws,4,137,5.16,2.807
ws,4,138,19.09,2.147
ws,4,139,6.577,4.399
ws,4,140,4.801,2.434
ws,4,141,4.966,2.647
ws,4,142,5.075,3.063
ws,4,143,5.275,3.015
ws,4,144,5.459,2.423
ws,4,145,4.053,2.365
ws,4,146,4.834,2.879
ws,4,147,5.22,3.042
ws,4,148,5.326,2.463
ws,4,149,4.763,2.505
ws,4,150,5.259,2.447
ws,4,151,4.944,2.956
ws,4,152,4.593,2.633
ws,4,153,4.914,2.665
ws,4,154,5.168,3.212
ws,4,155,4.631,2.24
ws,4,156,4.372,2.305
ws,4,157,5.526,3.369
ws,4,158,4.955,2.539
ws,4,159,4.276,2.271
ws,4,160,4.351,2.405
ws,4,161,5.805,3.448
ws,4,162,3.993,2.292
ws,4,163,4.695,2.794
ws,4,164,4.7,2.472
ws,4,165,4.724,2.77
ws,4,166,5.292,2.803
ws,4,167,4.93,2.404
ws,4,168,4.094,2.457
ws,4,169,4.144,2.287
ws,4,170,4.178,2.508
ws,4,171,4.408,2.702
ws,4,172,4.457,2.625
ws,4,173,5.675,2.929
ws,4,174,4.811,2.875
ws,4,175,4.579,2.436
ws,4,176,4.47,2.647
ws,4,177,3.69,1.787
ws,4,178,4.977,2.5
ws,4,179,5.189,2.737
ws,4,180,4.863,2.244
ws,4,181,4.953,2.573
ws,4,182,4.093,2.314
ws,4,183,4.07,2.367
ws,4,184,4.164,2.408
ws,4,185,4.684,2.721
ws,4,186,3.856,1.88
ws,4,187,5.239,2.421
ws,4,188,4.71,2.81
ws,4,189,4.784,2.673
ws,4,190,5.102,3.107
ws,4,191,4.672,2.568
ws,4,192,5,2.876
ws,4,193,5.303,2.975
ws,4,194,5.862,3.548
ws,4,195,4.875,2.871
ws,4,196,5.443,3.23
ws,4,197,5.525,2.742
ws,4,198,4.491,2.674
ws,4,199,5.159,2.983
ws,4,200,5.383,2.457
ws,4,201,4.968,2.932
ws,4,202,5.663,3.182
ws,4,203,4.427,2.387
ws,4,204,4.547,2.103
ws,4,205,4.965,2.268
ws,4,206,4.448,2.258
ws,4,207,4.819,2.718
ws,4,208,4.604,2.683
ws,4,209,5.377,3.064
ws,4,210,18.882,15.726
ws,4,211,3.979,2.395
ws,4,212,4.01,2.431
ws,4,213,4.584,2.74
ws,4,214,4.148,2.002
ws,4,215,3.937,2.22
ws,4,216,4.145,2.435
ws,4,217,4.756,2.441
ws,4,218,4.701,2.13
ws,4,219,4.993,3.055
ws,4,220,3.921,1.957
ws,4,221,4.699,2.041
ws,4,222,4.974,2.425
ws,4,223,4.565,2.521
ws,4,224,4.293,2.566
ws,4,225,4.608,2.71
ws,4,226,5.107,2.697
ws,4,227,5.825,3.332
ws,4,228,4.35,2.25
ws,4,229,5.21,2.494
ws,4,230,6.062,2.943
ws,4,231,4.923,2.435
ws,4,232,5.099,2.938
ws,4,233,4.303,2.163
ws,4,234,4.213,2.186
ws,4,235,4.584,2.469
ws,4,236,5.082,2.641
ws,4,237,3.871,2.362
ws,4,238,5.148,2.83
ws,4,239,4.794,2.949
ws,4,240,3.588,1.82
ws,4,241,4.718,2.457
ws,4,242,4.193,2.186
ws,4,243,4.695,2.382
ws,4,244,4.484,2.195
ws,4,245,4.593,2.236
ws,4,246,4.352,2.506
ws,4,247,4.94,2.456
ws,4,248,4.994,2.458
ws,4,249,4.958,2.699
ws,4,250,5.511,2.625
ws,4,251,4.17,2.383
ws,4,252,4.242,2.209
ws,4,253,4.7,2.426
ws,4,254,3.904,1.884
ws,4,255,3.897,1.86
ws,4,256,3.902,1.845
ws,4,257,3.919,1.895
ws,4,258,4.418,2.788
ws,4,259,4.295,2.025
ws,4,260,3.352,1.965
ws,4,261,4.045,2.378
ws,4,262,4.77,2.691
ws,4,263,3.846,1.806
ws,4,264,3.73,1.91
ws,4,265,3.564,1.945
ws,4,266,4.118,2.52
ws,4,267,3.303,1.705
ws,4,268,3.445,2.103
ws,4,269,3.197,1.93
ws,4,270,3.239,1.903
ws,4,271,3.992,2.353
ws,4,272,3.696,1.767
ws,4,273,3.839,2.367
ws,4,274,4.162,2.081
ws,4,275,3.527,1.918
ws,4,276,4.13,2.597
ws,4,277,3.504,1.948
ws,4,278,3.7,1.743
ws,4,279,3.91,1.994
ws,4,280,3.775,1.636
ws,4,281,3.582,1.923
ws,4,282,4.286,2.165
ws,4,283,13.692,10.813
ws,4,284,3.972,2.412
ws,4,285,3.565,1.935
ws,4,286,4.575,2.646
ws,4,287,3.458,1.896
ws,4,288,3.587,1.886
ws,4,289,4.087,2.398
ws,4,290,4.241,2.1
ws,4,291,3.773,1.609
ws,4,292,3.859,1.816
ws,4,293,3.653,1.946
ws,4,294,4.487,2.166
ws,4,295,3.972,2.418
ws,4,296,4.838,2.641
ws,4,297,4.058,1.869
ws,4,298,3.278,1.918
ws,4,299,3.94,2.299
mqtt,4,0,6.126,3.538
mqtt,4,1,6.003,3.955
mqtt,4,2,22.094,18.055
mqtt,4,3,6.219,3.788
mqtt,4,4,7.432,4.333
mqtt,4,5,6.773,3.454
mqtt,4,6,7.071,4.579
mqtt,4,7,6.45,3.529
mqtt,4,8,6.506,3.474
mqtt,4,9,5.797,3.535
mqtt,4,10,5.516,3.319
mqtt,4,11,5.457,3.334
mqtt,4,12,6.375,3.199
mqtt,4,13,6.139,3.765
mqtt,4,14,6.313,3.515
mqtt,4,15,5.411,3.202
mqtt,4,16,5.55,3.161
mqtt,4,17,6.656,3.796
mqtt,4,18,6.192,3.347
mqtt,4,19,5.376,3.296
mqtt,4,20,5.888,3.251
mqtt,4,21,6.324,3.793
mqtt,4,22,6.084,3.676
mqtt,4,23,6.114,3.581
mqtt,4,24,5.869,3.121
mqtt,4,25,6.852,3.684
mqtt,4,26,5.847,3.289
mqtt,4,27,5.957,3.348
mqtt,4,28,7.056,4.131
mqtt,4,29,7.353,4.48
mqtt,4,30,6.298,3.841
mqtt,4,31,6.536,3.973
mqtt,4,32,6.874,4.052
mqtt,4,33,6.5,3.801
mqtt,4,34,6.246,3.321
mqtt,4,35,6.042,3.425
mqtt,4,36,6.686,4.143
mqtt,4,37,6.143,3.004
mqtt,4,38,6.428,3.695
mqtt,4,39,5.622,3.272
mqtt,4,40,6.59,3.918
mqtt,4,41,7.11,3.735
mqtt,4,42,5.903,3.481
mqtt,4,43,6.033,3.741
mqtt,4,44,6.331,3.441
mqtt,4,45,6.464,3.513
mqtt,4,46,6.337,3.376
mqtt,4,47,5.418,3.256
mqtt,4,48,6.172,3.539
mqtt,4,49,6.28,3.81
mqtt,4,50,6.223,3.301
mqtt,4,51,6.585,3.719
mqtt,4,52,6.297,3.229
mqtt,4,53,5.767,3.364
mqtt,4,54,36.243,32.879
mqtt,4,55,6.424,3.723
mqtt,4,56,6.468,4.032
mqtt,4,57,6.692,4.131
mqtt,4,58,5.79,2.976
mqtt,4,59,6.817,3.632
mqtt,4,60,7.865,4.278
mqtt,4,61,6.899,4.076
mqtt,4,62,7.312,4.384
mqtt,4,63,6.938,4.219
mqtt,4,64,6.535,3.934
mqtt,4,65,5.684,3.013
mqtt,4,66,5.752,3.357
mqtt,4,67,6.097,3.732
mqtt,4,68,6.66,3.969
mqtt,4,69,6.773,3.6
mqtt,4,70,5.42,3.248
mqtt,4,71,5.923,3.66
mqtt,4,72,7.003,4.09
mqtt,4,73,5.435,3.553
mqtt,4,74,4.969,2.905
mqtt,4,75,6.001,3.822
mqtt,4,76,6.021,3.519
mqtt,4,77,17.592,3.123
mqtt,4,78,6.971,4.499
mqtt,4,79,5.552,3.381
mqtt,4,80,5.175,3.226
mqtt,4,81,5.647,3.137
mqtt,4,82,5.995,3.937
mqtt,4,83,6.064,3.581
mqtt,4,84,6.525,4.058
mqtt,4,85,6.781,4.016
mqtt,4,86,6.06,3.337
mqtt,4,87,5.851,3.495
mqtt,4,88,6.18,4.077
mqtt,4,89,4.876,2.985
mqtt,4,90,5.286,2.982
mqtt,4,91,5.721,3.219
mqtt,4,92,6.024,3.808
mqtt,4,93,5.863,2.98
mqtt,4,94,6.165,3.352
mqtt,4,95,7.318,4.486
mqtt,4,96,10.033,4.055
mqtt,4,97,8.231,4.81
mqtt,4,98,7.655,3.964
mqtt,4,99,6.524,3.773
mqtt,4,100,7.06,3.996
mqtt,4,101,7.161,3.711
mqtt,4,102,6.32,3.802
mqtt,4,103,5.997,3.389
mqtt,4,104,6.041,3.275
mqtt,4,105,5.521,3.377
mqtt,4,106,6.306,4.012
mqtt,4,107,4.873,2.694
mqtt,4,108,5.826,3.165
mqtt,4,109,5.307,3.04
mqtt,4,110,6.422,3.972
mqtt,4,111,6.538,3.04
mqtt,4,112,5.726,3.527
mqtt,4,113,5.765,3.694
mqtt,4,114,6.184,4.074
mqtt,4,115,5.794,2.891
mqtt,4,116,5.225,3.151
mqtt,4,117,6.026,3.931
mqtt,4,118,5.738,2.86
mqtt,4,119,5.665,3.277
mqtt,4,120,6.29,3.532
mqtt,4,121,6.115,3.877
mqtt,4,122,5.898,3.524
mqtt,4,123,5.963,3.378
mqtt,4,124,7.075,3.967
mqtt,4,125,6.508,3.661
mqtt,4,126,7.338,4.19
mqtt,4,127,6.548,3.596
mqtt,4,128,6.095,3.625
mqtt,4,129,6.162,3.917
mqtt,4,130,5,2.796
mqtt,4,131,5.692,3.053
mqtt,4,132,6.041,3.565
mqtt,4,133,6.124,3.354
mqtt,4,134,6.232,3.448
mqtt,4,135,6.255,3.825
mqtt,4,136,5.945,3.381
mqtt,4,137,6.313,3.796
mqtt,4,138,7.172,4.786
mqtt,4,139,6.943,4.103
mqtt,4,140,6.616,3.859
mqtt,4,141,7.086,4.265
mqtt,4,142,7.08,4.292
mqtt,4,143,6.872,3.83
mqtt,4,144,22.249,3.636
mqtt,4,145,8.461,5.788
mqtt,4,146,7.897,4.58
mqtt,4,147,5.899,3.459
mqtt,4,148,6.838,4.507
mqtt,4,149,6.382,3.792
mqtt,4,150,5.791,3.284
mqtt,4,151,6.354,4.211
mqtt,4,152,7.132,3.371
mqtt,4,153,5.895,4.032
mqtt,4,154,5.421,3.394
mqtt,4,155,5.274,3.055
mqtt,4,156,5.886,3.016
mqtt,4,157,4.837,3.017
mqtt,4,158,5.854,3.536
mqtt,4,159,4.632,2.472
mqtt,4,160,5.82,3.095
mqtt,4,161,5.71,3.438
mqtt,4,162,5.276,2.61
mqtt,4,163,5.297,2.886
mqtt,4,164,5.585,3.107
mqtt,4,165,5.545,3.025
mqtt,4,166,5.188,3.055
mqtt,4,167,5.481,2.676
mqtt,4,168,6.236,2.934
mqtt,4,169,5.659,3.658
mqtt,4,170,5.296,3.151
mqtt,4,171,4.901,2.605
mqtt,4,172,5.544,2.897
mqtt,4,173,5.643,3.385
mqtt,4,174,5.605,3.419
mqtt,4,175,5.538,3.391
mqtt,4,176,6.376,3.697
mqtt,4,177,5.248,3.146
mqtt,4,178,6.007,3.631
mqtt,4,179,6.447,3.595
mqtt,4,180,5.03,3.208
mqtt,4,181,5.427,3.123
mqtt,4,182,5.798,3.38
mqtt,4,183,5.914,2.987
mqtt,4,184,6.461,3.328
mqtt,4,185,5.856,3.299
mqtt,4,186,6.896,3.937
mqtt,4,187,6.146,3.104
mqtt,4,188,5.528,3.447
mqtt,4,189,5.928,3.79
mqtt,4,190,5.173,2.669
mqtt,4,191,5.463,2.66
mqtt,4,192,5.083,3.053
mqtt,4,193,6.2,3.946
mqtt,4,194,5.472,2.831
mqtt,4,195,5.775,3.323
mqtt,4,196,6.62,4.286
mqtt,4,197,5.049,2.801
mqtt,4,198,6.104,3.074
mqtt,4,199,6.134,3.327
mqtt,4,200,6.052,3.32
mqtt,4,201,6.111,3.206
mqtt,4,202,6.014,3.643
mqtt,4,203,6.432,4.043
mqtt,4,204,5.292,3.101
mqtt,4,205,5.784,3.506
mqtt,4,206,5.858,3.52
mqtt,4,207,6.566,3.69
mqtt,4,208,5.38,3.08
mqtt,4,209,6.117,3.954
mqtt,4,210,4.721,2.912
mqtt,4,211,4.904,2.984
mqtt,4,212,5.538,3.091
mqtt,4,213,6.053,3.778
mqtt,4,214,6.215,3.146
mqtt,4,215,4.956,3.117
mqtt,4,216,5.89,3.549
mqtt,4,217,5.162,2.757
mqtt,4,218,19.554,3.381
mqtt,4,219,7.909,5.043
mqtt,4,220,6.358,3.641
mqtt,4,221,6.54,3.518
mqtt,4,222,6.31,3.458
mqtt,4,223,5.712,3.218
mqtt,4,224,7.072,4.102
mqtt,4,225,6.914,3.811
mqtt,4,226,5.69,3.449
mqtt,4,227,7.055,4.174
mqtt,4,228,5.74,3.66
mqtt,4,229,6.104,3.809
mqtt,4,230,6.169,3.785
mqtt,4,231,5.814,3.207
mqtt,4,232,6.076,3.248
mqtt,4,233,6.54,3.27
mqtt,4,234,5.869,3.053
mqtt,4,235,6.074,3.139
mqtt,4,236,5.901,3.864
mqtt,4,237,6.552,3.709
mqtt,4,238,5.76,3.118
mqtt,4,239,5.623,3.208
mqtt,4,240,5.175,3.259
mqtt,4,241,5.4,3.131
mqtt,4,242,6.307,3.42
mqtt,4,243,6.166,3.645
mqtt,4,244,6.04,3.95
mqtt,4,245,5.986,3.218
mqtt,4,246,5.068,3.075
mqtt,4,247,5.243,3.315
mqtt,4,248,5.984,3.412
mqtt,4,249,6.401,3.313
mqtt,4,250,6.429,3.598
mqtt,4,251,5.306,3.311
mqtt,4,252,6.211,3.794
mqtt,4,253,6.073,3.198
mqtt,4,254,5.467,3.126
mqtt,4,255,6.486,3.768
mqtt,4,256,7.483,4.526
mqtt,4,257,7.351,4.305
mqtt,4,258,5.464,3.359
mqtt,4,259,6.253,4.1
mqtt,4,260,6.938,4.174
mqtt,4,261,7.442,4.287
mqtt,4,262,6.876,4.153
mqtt,4,263,6.512,4.139
mqtt,4,264,6.447,4.141
mqtt,4,265,5.166,2.819
mqtt,4,266,6.387,3.809
mqtt,4,267,6.286,3.994
mqtt,4,268,6.452,3.52
mqtt,4,269,6.938,3.877
mqtt,4,270,6.418,3.331
mqtt,4,271,5.349,2.939
mqtt,4,272,6.46,3.405
mqtt,4,273,5.703,3.185
mqtt,4,274,5.774,3.37
mqtt,4,275,6.791,3.993
mqtt,4,276,5.037,3.22
mqtt,4,277,5.74,3.707
mqtt,4,278,5.387,3.235
mqtt,4,279,7.204,4.282
mqtt,4,280,5.574,3.262
mqtt,4,281,6.276,3.556
mqtt,4,282,5.517,3.103
mqtt,4,283,6.099,3.097
mqtt,4,284,5.514,3.374
mqtt,4,285,5.583,3.445
mqtt,4,286,6.823,3.834
mqtt,4,287,4.669,2.918
mqtt,4,288,17.607,2.931
mqtt,4,289,6.341,4.169
mqtt,4,290,6.326,3.923
mqtt,4,291,5.591,2.813
mqtt,4,292,5.745,3.66
mqtt,4,293,5.432,2.967
mqtt,4,294,5.562,3.464
mqtt,4,295,6.01,3.622
mqtt,4,296,6.073,3.544
mqtt,4,297,6.674,3.262
mqtt,4,298,5.607,3.46
mqtt,4,299,7.087,4.545
