protocol,clients,run,i,rtt_ms
ws,0,0,0,4.922
ws,0,0,1,3.649
ws,0,0,2,4.883
ws,0,0,3,4.344
ws,0,0,4,5.059
ws,0,0,5,4.329
ws,0,0,6,4.872
ws,0,0,7,3.82
ws,0,0,8,3.716
ws,0,0,9,4.09
ws,0,0,10,4.204
ws,0,0,11,3.889
ws,0,0,12,4.391
ws,0,0,13,4.096
ws,0,0,14,4.977
ws,0,0,15,3.762
ws,0,0,16,2.859
ws,0,0,17,2.934
ws,0,0,18,4.384
ws,0,0,19,4.576
ws,0,0,20,3.966
ws,0,0,21,3.384
ws,0,0,22,3.637
ws,0,0,23,3.604
ws,0,0,24,2.791
ws,0,0,25,4.329
ws,0,0,26,3.739
ws,0,0,27,3.501
ws,0,0,28,3.698
ws,0,0,29,3.108
ws,0,0,30,2.96
ws,0,0,31,3.07
ws,0,0,32,3.385
ws,0,0,33,3.667
ws,0,0,34,3.339
ws,0,0,35,3.644
ws,0,0,36,3.544
ws,0,0,37,4.194
ws,0,0,38,3.577
ws,0,0,39,3.142
ws,0,0,40,3.397
ws,0,0,41,36.439
ws,0,0,42,4.497
ws,0,0,43,3.647
ws,0,0,44,3.764
ws,0,0,45,4.102
ws,0,0,46,3.877
ws,0,0,47,3.855
ws,0,0,48,3.436
ws,0,0,49,4.729
ws,0,0,50,3.843
ws,0,0,51,3.738
ws,0,0,52,3.606
ws,0,0,53,3.466
ws,0,0,54,3.893
ws,0,0,55,3.627
ws,0,0,56,3.839
ws,0,0,57,3.672
ws,0,0,58,3.813
ws,0,0,59,3.183
ws,0,0,60,3.75
ws,0,0,61,4.525
ws,0,0,62,3.922
ws,0,0,63,4.018
ws,0,0,64,4.396
ws,0,0,65,3.497
ws,0,0,66,3.768
ws,0,0,67,4.555
ws,0,0,68,3.741
ws,0,0,69,3.762
ws,0,0,70,4.05
ws,0,0,71,5.104
ws,0,0,72,3.645
ws,0,0,73,4.876
ws,0,0,74,5.509
ws,0,0,75,4.026
ws,0,0,76,3.899
ws,0,0,77,4.311
ws,0,0,78,3.835
ws,0,0,79,3.671
ws,0,0,80,2.42
ws,0,0,81,3.715
ws,0,0,82,4.322
ws,0,0,83,3.932
ws,0,0,84,4.182
ws,0,0,85,4.012
ws,0,0,86,3.43
ws,0,0,87,4.039
ws,0,0,88,3.473
ws,0,0,89,4.336
ws,0,0,90,4.785
ws,0,0,91,3.956
ws,0,0,92,4.06
ws,0,0,93,3.818
ws,0,0,94,3.668
ws,0,0,95,4.095
ws,0,0,96,4.357
ws,0,0,97,3.328
ws,0,0,98,4.95
ws,0,0,99,5.288
ws,0,0,100,3.768
ws,0,0,101,5.109
ws,0,0,102,4.06
ws,0,0,103,5.737
ws,0,0,104,5.376
ws,0,0,105,4.398
ws,0,0,106,6.06
ws,0,0,107,5.307
ws,0,0,108,5.457
ws,0,0,109,5.527
ws,0,0,110,4.278
ws,0,0,111,4.832
ws,0,0,112,4.197
ws,0,0,113,18.478
ws,0,0,114,4.414
ws,0,0,115,3.31
ws,0,0,116,4.676
ws,0,0,117,3.353
ws,0,0,118,5.369
ws,0,0,119,3.987
ws,0,0,120,7.121
ws,0,0,121,8.494
ws,0,0,122,4.003
ws,0,0,123,4.13
ws,0,0,124,5.997
ws,0,0,125,4.615
ws,0,0,126,6.755
ws,0,0,127,5.569
ws,0,0,128,5.198
ws,0,0,129,4.498
ws,0,0,130,5.845
ws,0,0,131,4.91
ws,0,0,132,5.498
ws,0,0,133,5.015
ws,0,0,134,5.441
ws,0,0,135,3.891
ws,0,0,136,3.428
ws,0,0,137,5.195
ws,0,0,138,3.742
ws,0,0,139,4.17
ws,0,0,140,5.151
ws,0,0,141,3.27
ws,0,0,142,2.776
ws,0,0,143,3.344
ws,0,0,144,4.652
ws,0,0,145,4.047
ws,0,0,146,2.957
ws,0,0,147,3.475
ws,0,0,148,2.484
ws,0,0,149,3.408
mqtt,0,0,0,3.493
mqtt,0,0,1,5.194
mqtt,0,0,2,3.693
mqtt,0,0,3,4.571
mqtt,0,0,4,4.07
mqtt,0,0,5,3.719
mqtt,0,0,6,4.534
mqtt,0,0,7,4.449
mqtt,0,0,8,16.496
mqtt,0,0,9,3.613
mqtt,0,0,10,3.834
mqtt,0,0,11,3.994
mqtt,0,0,12,3.711
mqtt,0,0,13,3.286
mqtt,0,0,14,4.94
mqtt,0,0,15,3.724
mqtt,0,0,16,2.937
mqtt,0,0,17,4.03
mqtt,0,0,18,4.541
mqtt,0,0,19,3.292
mqtt,0,0,20,4.28
mqtt,0,0,21,3.891
mqtt,0,0,22,4.773
mqtt,0,0,23,3.807
mqtt,0,0,24,4.73
mqtt,0,0,25,4.303
mqtt,0,0,26,6.094
mqtt,0,0,27,5.32
mqtt,0,0,28,4.817
mqtt,0,0,29,5.176
mqtt,0,0,30,5.088
mqtt,0,0,31,4.857
mqtt,0,0,32,5.863
mqtt,0,0,33,4.581
mqtt,0,0,34,4.938
mqtt,0,0,35,6.451
mqtt,0,0,36,6.139
mqtt,0,0,37,5.839
mqtt,0,0,38,6.453
mqtt,0,0,39,5.59
mqtt,0,0,40,6.255
mqtt,0,0,41,4.726
mqtt,0,0,42,4.537
mqtt,0,0,43,4.537
mqtt,0,0,44,3.649
mqtt,0,0,45,4.628
mqtt,0,0,46,4.197
mqtt,0,0,47,4.25
mqtt,0,0,48,5.23
mqtt,0,0,49,4.333
mqtt,0,0,50,3.7
mqtt,0,0,51,3.741
mqtt,0,0,52,4.797
mqtt,0,0,53,4.9
mqtt,0,0,54,3.51
mqtt,0,0,55,4.131
mqtt,0,0,56,4.657
mqtt,0,0,57,4.778
mqtt,0,0,58,4.398
mqtt,0,0,59,5.011
mqtt,0,0,60,4.666
mqtt,0,0,61,4.135
mqtt,0,0,62,3.404
mqtt,0,0,63,4.006
mqtt,0,0,64,6.289
mqtt,0,0,65,4.707
mqtt,0,0,66,4.33
mqtt,0,0,67,4.463
mqtt,0,0,68,4.603
mqtt,0,0,69,4.396
mqtt,0,0,70,4.839
mqtt,0,0,71,5.424
mqtt,0,0,72,5.572
mqtt,0,0,73,5.489
mqtt,0,0,74,6.1
mqtt,0,0,75,4.481
mqtt,0,0,76,5.635
mqtt,0,0,77,6.321
mqtt,0,0,78,5.967
mqtt,0,0,79,4.617
mqtt,0,0,80,6.256
mqtt,0,0,81,18.453
mqtt,0,0,82,6.794
mqtt,0,0,83,5.25
mqtt,0,0,84,4.2
mqtt,0,0,85,3.467
mqtt,0,0,86,4.953
mqtt,0,0,87,5.179
mqtt,0,0,88,4.307
mqtt,0,0,89,4.355
mqtt,0,0,90,4.7
mqtt,0,0,91,4.809
mqtt,0,0,92,4.428
mqtt,0,0,93,3.785
mqtt,0,0,94,4.338
mqtt,0,0,95,4.09
mqtt,0,0,96,3.292
mqtt,0,0,97,3.275
mqtt,0,0,98,5.365
mqtt,0,0,99,4.34
mqtt,0,0,100,3.884
mqtt,0,0,101,4.317
mqtt,0,0,102,4.025
mqtt,0,0,103,4.152
mqtt,0,0,104,4.12
mqtt,0,0,105,4.326
mqtt,0,0,106,3.843
mqtt,0,0,107,3.99
mqtt,0,0,108,4.215
mqtt,0,0,109,3.752
mqtt,0,0,110,4.706
mqtt,0,0,111,3.486
mqtt,0,0,112,4.236
mqtt,0,0,113,3.868
mqtt,0,0,114,5.411
mqtt,0,0,115,4.365
mqtt,0,0,116,3.819
mqtt,0,0,117,4.713
mqtt,0,0,118,4.502
mqtt,0,0,119,4.463
mqtt,0,0,120,2.949
mqtt,0,0,121,3.136
mqtt,0,0,122,2.96
mqtt,0,0,123,4.116
mqtt,0,0,124,3.897
mqtt,0,0,125,3.609
mqtt,0,0,126,4.151
mqtt,0,0,127,4.022
mqtt,0,0,128,4.57
mqtt,0,0,129,3.813
mqtt,0,0,130,3.431
mqtt,0,0,131,4.968
mqtt,0,0,132,3.158
mqtt,0,0,133,3.186
mqtt,0,0,134,3.511
mqtt,0,0,135,4.157
mqtt,0,0,136,4.822
mqtt,0,0,137,3.561
mqtt,0,0,138,3.354
mqtt,0,0,139,4.36
mqtt,0,0,140,4.966
mqtt,0,0,141,3.993
mqtt,0,0,142,3.124
mqtt,0,0,143,3.36
mqtt,0,0,144,5.442
mqtt,0,0,145,3.996
mqtt,0,0,146,5.177
mqtt,0,0,147,5.136
mqtt,0,0,148,5.485
mqtt,0,0,149,4.557
mqtt,0,1,0,3.562
mqtt,0,1,1,3.42
mqtt,0,1,2,4.218
mqtt,0,1,3,5.407
mqtt,0,1,4,4.81
mqtt,0,1,5,4.187
mqtt,0,1,6,4.952
mqtt,0,1,7,3.397
mqtt,0,1,8,4.195
mqtt,0,1,9,4.934
mqtt,0,1,10,5.123
mqtt,0,1,11,3.777
mqtt,0,1,12,4.105
mqtt,0,1,13,3.101
mqtt,0,1,14,4.533
mqtt,0,1,15,4.117
mqtt,0,1,16,5.227
mqtt,0,1,17,6.921
mqtt,0,1,18,5.577
mqtt,0,1,19,3.689
mqtt,0,1,20,5.168
mqtt,0,1,21,5.833
mqtt,0,1,22,4.488
mqtt,0,1,23,3.874
mqtt,0,1,24,5.257
mqtt,0,1,25,6.267
mqtt,0,1,26,5.197
mqtt,0,1,27,4.662
mqtt,0,1,28,4.302
mqtt,0,1,29,3.638
mqtt,0,1,30,3.496
mqtt,0,1,31,4.708
mqtt,0,1,32,4.275
mqtt,0,1,33,4.51
mqtt,0,1,34,4.541
mqtt,0,1,35,4.956
mqtt,0,1,36,4.712
mqtt,0,1,37,4.201
mqtt,0,1,38,3.363
mqtt,0,1,39,7.738
mqtt,0,1,40,6.906
mqtt,0,1,41,4.09
mqtt,0,1,42,4.76
mqtt,0,1,43,5.289
mqtt,0,1,44,7.002
mqtt,0,1,45,20.174
mqtt,0,1,46,5.916
mqtt,0,1,47,5.441
mqtt,0,1,48,5.964
mqtt,0,1,49,5.32
mqtt,0,1,50,3.575
mqtt,0,1,51,6.234
mqtt,0,1,52,2.975
mqtt,0,1,53,3.884
mqtt,0,1,54,4.496
mqtt,0,1,55,4.424
mqtt,0,1,56,3.07
mqtt,0,1,57,3.666
mqtt,0,1,58,4.182
mqtt,0,1,59,4.62
mqtt,0,1,60,3.854
mqtt,0,1,61,3.797
mqtt,0,1,62,4.099
mqtt,0,1,63,3.984
mqtt,0,1,64,4.014
mqtt,0,1,65,3.838
mqtt,0,1,66,3.933
mqtt,0,1,67,4.182
mqtt,0,1,68,4.075
mqtt,0,1,69,3.52
mqtt,0,1,70,4.512
mqtt,0,1,71,4.1
mqtt,0,1,72,3.878
mqtt,0,1,73,4.89
mqtt,0,1,74,3.7
mqtt,0,1,75,3.959
mqtt,0,1,76,3.22
mqtt,0,1,77,3.542
mqtt,0,1,78,3.321
mqtt,0,1,79,3.834
mqtt,0,1,80,5.88
mqtt,0,1,81,4.42
mqtt,0,1,82,4.449
mqtt,0,1,83,3.618
mqtt,0,1,84,3.931
mqtt,0,1,85,3.373
mqtt,0,1,86,3.449
mqtt,0,1,87,3.075
mqtt,0,1,88,4.392
mqtt,0,1,89,4.724
mqtt,0,1,90,4.535
mqtt,0,1,91,3.513
mqtt,0,1,92,4.202
mqtt,0,1,93,4.544
mqtt,0,1,94,3.579
mqtt,0,1,95,4.732
mqtt,0,1,96,4.347
mqtt,0,1,97,4.09
mqtt,0,1,98,3.321
mqtt,0,1,99,3.53
mqtt,0,1,100,4.183
mqtt,0,1,101,5.424
mqtt,0,1,102,3.728
mqtt,0,1,103,4.891
mqtt,0,1,104,5.794
mqtt,0,1,105,5.312
mqtt,0,1,106,3.591
mqtt,0,1,107,4.59
mqtt,0,1,108,4.34
mqtt,0,1,109,3.82
mqtt,0,1,110,3.605
mqtt,0,1,111,4.212
mqtt,0,1,112,4.215
mqtt,0,1,113,3.961
mqtt,0,1,114,2.862
mqtt,0,1,115,3.663
mqtt,0,1,116,4.158
mqtt,0,1,117,3.348
mqtt,0,1,118,3.722
mqtt,0,1,119,14.209
mqtt,0,1,120,3.893
mqtt,0,1,121,2.917
mqtt,0,1,122,4.954
mqtt,0,1,123,5.653
mqtt,0,1,124,5.106
mqtt,0,1,125,4.696
mqtt,0,1,126,3.916
mqtt,0,1,127,4.001
mqtt,0,1,128,4.635
mqtt,0,1,129,4.788
mqtt,0,1,130,5.728
mqtt,0,1,131,6.023
mqtt,0,1,132,4.87
mqtt,0,1,133,4.593
mqtt,0,1,134,3.858
mqtt,0,1,135,3.223
mqtt,0,1,136,3.787
mqtt,0,1,137,3.925
mqtt,0,1,138,4.047
mqtt,0,1,139,4.255
mqtt,0,1,140,4.235
mqtt,0,1,141,3.835
mqtt,0,1,142,3.822
mqtt,0,1,143,4.021
mqtt,0,1,144,2.994
mqtt,0,1,145,4.291
mqtt,0,1,146,4.689
mqtt,0,1,147,3.876
mqtt,0,1,148,4.284
mqtt,0,1,149,4.543
ws,0,1,0,3.692
ws,0,1,1,3.44
ws,0,1,2,3.222
ws,0,1,3,3.762
ws,0,1,4,4.112
ws,0,1,5,3.796
ws,0,1,6,3.538
ws,0,1,7,3.02
ws,0,1,8,2.975
ws,0,1,9,15.608
ws,0,1,10,3.262
ws,0,1,11,3.224
ws,0,1,12,2.84
ws,0,1,13,2.826
ws,0,1,14,2.693
ws,0,1,15,2.709
ws,0,1,16,3.156
ws,0,1,17,2.291
ws,0,1,18,2.416
ws,0,1,19,2.944
ws,0,1,20,3.323
ws,0,1,21,2.378
ws,0,1,22,3.632
ws,0,1,23,3.873
ws,0,1,24,2.898
ws,0,1,25,2.84
ws,0,1,26,3.073
ws,0,1,27,3.683
ws,0,1,28,3.242
ws,0,1,29,3.794
ws,0,1,30,2.438
ws,0,1,31,2.809
ws,0,1,32,5.028
ws,0,1,33,3.478
ws,0,1,34,2.911
ws,0,1,35,2.925
ws,0,1,36,3.249
ws,0,1,37,3.767
ws,0,1,38,3.078
ws,0,1,39,3.761
ws,0,1,40,2.383
ws,0,1,41,2.596
ws,0,1,42,3.042
ws,0,1,43,2.98
ws,0,1,44,2.76
ws,0,1,45,3.989
ws,0,1,46,2.36
ws,0,1,47,3.138
ws,0,1,48,4.12
ws,0,1,49,2.991
ws,0,1,50,2.528
ws,0,1,51,3.144
ws,0,1,52,3.881
ws,0,1,53,3.735
ws,0,1,54,3.542
ws,0,1,55,3.81
ws,0,1,56,3.105
ws,0,1,57,4.365
ws,0,1,58,3.939
ws,0,1,59,3.165
ws,0,1,60,4.322
ws,0,1,61,4.017
ws,0,1,62,4.934
ws,0,1,63,3.231
ws,0,1,64,3.184
ws,0,1,65,3.401
ws,0,1,66,4.393
ws,0,1,67,2.963
ws,0,1,68,3.541
ws,0,1,69,3.267
ws,0,1,70,3.783
ws,0,1,71,4.29
ws,0,1,72,3.596
ws,0,1,73,2.53
ws,0,1,74,3.353
ws,0,1,75,2.961
ws,0,1,76,4.204
ws,0,1,77,3.862
ws,0,1,78,16.135
ws,0,1,79,2.527
ws,0,1,80,3.545
ws,0,1,81,2.916
ws,0,1,82,2.454
ws,0,1,83,2.618
ws,0,1,84,3.227
ws,0,1,85,2.596
ws,0,1,86,2.653
ws,0,1,87,4.141
ws,0,1,88,3.011
ws,0,1,89,2.638
ws,0,1,90,4.101
ws,0,1,91,2.657
ws,0,1,92,4.756
ws,0,1,93,3.535
ws,0,1,94,3.497
ws,0,1,95,2.719
ws,0,1,96,3.351
ws,0,1,97,3.45
ws,0,1,98,2.789
ws,0,1,99,3.064
ws,0,1,100,2.931
ws,0,1,101,3.902
ws,0,1,102,3.879
ws,0,1,103,3.292
ws,0,1,104,3.82
ws,0,1,105,2.807
ws,0,1,106,2.751
ws,0,1,107,3.394
ws,0,1,108,4.105
ws,0,1,109,3.256
ws,0,1,110,3.086
ws,0,1,111,4.05
ws,0,1,112,3.601
ws,0,1,113,3.435
ws,0,1,114,2.473
ws,0,1,115,3.33
ws,0,1,116,2.312
ws,0,1,117,4.082
ws,0,1,118,4.174
ws,0,1,119,3.33
ws,0,1,120,3.032
ws,0,1,121,4.075
ws,0,1,122,4.785
ws,0,1,123,4.026
ws,0,1,124,3.485
ws,0,1,125,3.47
ws,0,1,126,4.513
ws,0,1,127,5.582
ws,0,1,128,4.716
ws,0,1,129,5.034
ws,0,1,130,4.455
ws,0,1,131,3.889
ws,0,1,132,3.746
ws,0,1,133,4.331
ws,0,1,134,3.477
ws,0,1,135,2.604
ws,0,1,136,3.428
ws,0,1,137,3.14
ws,0,1,138,3.308
ws,0,1,139,4.274
ws,0,1,140,2.861
ws,0,1,141,2.475
ws,0,1,142,3.346
ws,0,1,143,3.968
ws,0,1,144,2.987
ws,0,1,145,3.48
ws,0,1,146,3.172
ws,0,1,147,15.465
ws,0,1,148,2.892
ws,0,1,149,3.94
ws,0,2,0,4.169
ws,0,2,1,4.616
ws,0,2,2,3.011
ws,0,2,3,2.466
ws,0,2,4,2.892
ws,0,2,5,3.763
ws,0,2,6,4.017
ws,0,2,7,3.12
ws,0,2,8,2.415
ws,0,2,9,3.117
ws,0,2,10,2.37
ws,0,2,11,3.741
ws,0,2,12,2.993
ws,0,2,13,2.231
ws,0,2,14,6.512
ws,0,2,15,7.646
ws,0,2,16,5.584
ws,0,2,17,3.416
ws,0,2,18,4.656
ws,0,2,19,2.523
ws,0,2,20,2.983
ws,0,2,21,4.36
ws,0,2,22,4.49
ws,0,2,23,3.311
ws,0,2,24,3.054
ws,0,2,25,3.621
ws,0,2,26,3.157
ws,0,2,27,3.991
ws,0,2,28,3.274
ws,0,2,29,3.323
ws,0,2,30,4.27
ws,0,2,31,3.371
ws,0,2,32,4.639
ws,0,2,33,3.148
ws,0,2,34,3.014
ws,0,2,35,4.045
ws,0,2,36,3.073
ws,0,2,37,5.029
ws,0,2,38,23.285
ws,0,2,39,2.764
ws,0,2,40,3.329
ws,0,2,41,3.063
ws,0,2,42,3.14
ws,0,2,43,2.162
ws,0,2,44,2.699
ws,0,2,45,3.681
ws,0,2,46,3.528
ws,0,2,47,2.242
ws,0,2,48,3.072
ws,0,2,49,3.131
ws,0,2,50,2.748
ws,0,2,51,4.204
ws,0,2,52,3.328
ws,0,2,53,2.961
ws,0,2,54,3.053
ws,0,2,55,2.531
ws,0,2,56,3.241
ws,0,2,57,3.256
ws,0,2,58,2.966
ws,0,2,59,2.843
ws,0,2,60,3.568
ws,0,2,61,3.347
ws,0,2,62,2.79
ws,0,2,63,2.929
ws,0,2,64,3.542
ws,0,2,65,2.933
ws,0,2,66,2.797
ws,0,2,67,3.545
ws,0,2,68,3.345
ws,0,2,69,2.94
ws,0,2,70,3.206
ws,0,2,71,3.01
ws,0,2,72,3.466
ws,0,2,73,3.076
ws,0,2,74,3.365
ws,0,2,75,2.312
ws,0,2,76,2.773
ws,0,2,77,3.493
ws,0,2,78,4.069
ws,0,2,79,3.018
ws,0,2,80,2.469
ws,0,2,81,4.024
ws,0,2,82,3.226
ws,0,2,83,3.152
ws,0,2,84,2.81
ws,0,2,85,3.535
ws,0,2,86,2.407
ws,0,2,87,3.083
ws,0,2,88,3.479
ws,0,2,89,3.889
ws,0,2,90,2.784
ws,0,2,91,2.91
ws,0,2,92,3.268
ws,0,2,93,3.985
ws,0,2,94,3.093
ws,0,2,95,2.862
ws,0,2,96,2.866
ws,0,2,97,2.335
ws,0,2,98,3.521
ws,0,2,99,3.367
ws,0,2,100,2.841
ws,0,2,101,3.809
ws,0,2,102,2.494
ws,0,2,103,3.194
ws,0,2,104,2.673
ws,0,2,105,3.003
ws,0,2,106,3.233
ws,0,2,107,2.958
ws,0,2,108,1.961
ws,0,2,109,4.127
ws,0,2,110,11.668
ws,0,2,111,3.911
ws,0,2,112,3.039
ws,0,2,113,3.419
ws,0,2,114,3.202
ws,0,2,115,2.49
ws,0,2,116,2.999
ws,0,2,117,4.382
ws,0,2,118,3.079
ws,0,2,119,3.116
ws,0,2,120,3.469
ws,0,2,121,4.354
ws,0,2,122,4.724
ws,0,2,123,3.684
ws,0,2,124,3.665
ws,0,2,125,3.81
ws,0,2,126,4.392
ws,0,2,127,4.451
ws,0,2,128,3.868
ws,0,2,129,4.313
ws,0,2,130,3.889
ws,0,2,131,3.726
ws,0,2,132,3.908
ws,0,2,133,3.424
ws,0,2,134,4.467
ws,0,2,135,4.049
ws,0,2,136,3.512
ws,0,2,137,4.414
ws,0,2,138,4.615
ws,0,2,139,2.535
ws,0,2,140,3.874
ws,0,2,141,3.578
ws,0,2,142,3.677
ws,0,2,143,3.785
ws,0,2,144,3.927
ws,0,2,145,3.488
ws,0,2,146,4.165
ws,0,2,147,4.2
ws,0,2,148,3.352
ws,0,2,149,2.973
mqtt,0,2,0,4.676
mqtt,0,2,1,21.035
mqtt,0,2,2,4.515
mqtt,0,2,3,3.572
mqtt,0,2,4,3.793
mqtt,0,2,5,3.34
mqtt,0,2,6,3.94
mqtt,0,2,7,3.625
mqtt,0,2,8,3.493
mqtt,0,2,9,4.124
mqtt,0,2,10,3.4
mqtt,0,2,11,4.79
mqtt,0,2,12,3.96
mqtt,0,2,13,4.481
mqtt,0,2,14,3.522
mqtt,0,2,15,4.985
mqtt,0,2,16,3.962
mqtt,0,2,17,3.522
mqtt,0,2,18,4.291
mqtt,0,2,19,4.844
mqtt,0,2,20,3.845
mqtt,0,2,21,3.064
mqtt,0,2,22,3.403
mqtt,0,2,23,4.283
mqtt,0,2,24,4.176
mqtt,0,2,25,4.589
mqtt,0,2,26,3.821
mqtt,0,2,27,4.734
mqtt,0,2,28,3.997
mqtt,0,2,29,3.938
mqtt,0,2,30,4.559
mqtt,0,2,31,4.207
mqtt,0,2,32,4.785
mqtt,0,2,33,4.834
mqtt,0,2,34,5.709
mqtt,0,2,35,5.209
mqtt,0,2,36,6.049
mqtt,0,2,37,6.357
mqtt,0,2,38,4.572
mqtt,0,2,39,4.567
mqtt,0,2,40,4.677
mqtt,0,2,41,5.78
mqtt,0,2,42,4.414
mqtt,0,2,43,5.359
mqtt,0,2,44,5.584
mqtt,0,2,45,5.195
mqtt,0,2,46,4.774
mqtt,0,2,47,4.337
mqtt,0,2,48,5.076
mqtt,0,2,49,3.591
mqtt,0,2,50,5.002
mqtt,0,2,51,3.939
mqtt,0,2,52,3.842
mqtt,0,2,53,4.094
mqtt,0,2,54,3.11
mqtt,0,2,55,4.613
mqtt,0,2,56,3.896
mqtt,0,2,57,3.113
mqtt,0,2,58,4.274
mqtt,0,2,59,3.583
mqtt,0,2,60,3.837
mqtt,0,2,61,4.249
mqtt,0,2,62,5.684
mqtt,0,2,63,5.614
mqtt,0,2,64,5.2
mqtt,0,2,65,5.143
mqtt,0,2,66,5.254
mqtt,0,2,67,5.61
mqtt,0,2,68,5.164
mqtt,0,2,69,5.585
mqtt,0,2,70,5.121
mqtt,0,2,71,5.112
mqtt,0,2,72,7.178
mqtt,0,2,73,21.782
mqtt,0,2,74,5.427
mqtt,0,2,75,3.784
mqtt,0,2,76,4.231
mqtt,0,2,77,4.612
mqtt,0,2,78,4.012
mqtt,0,2,79,4.829
mqtt,0,2,80,4.645
mqtt,0,2,81,4.468
mqtt,0,2,82,3.772
mqtt,0,2,83,4.879
mqtt,0,2,84,3.34
mqtt,0,2,85,4.411
mqtt,0,2,86,4.228
mqtt,0,2,87,3.986
mqtt,0,2,88,3.765
mqtt,0,2,89,4.125
mqtt,0,2,90,3.82
mqtt,0,2,91,4.886
mqtt,0,2,92,4.898
mqtt,0,2,93,3.731
mqtt,0,2,94,4.409
mqtt,0,2,95,4.377
mqtt,0,2,96,3.724
mqtt,0,2,97,4.607
mqtt,0,2,98,3.714
mqtt,0,2,99,5.006
mqtt,0,2,100,3.698
mqtt,0,2,101,4.677
mqtt,0,2,102,3.532
mqtt,0,2,103,4.681
mqtt,0,2,104,3.384
mqtt,0,2,105,3.438
mqtt,0,2,106,3.219
mqtt,0,2,107,4.919
mqtt,0,2,108,4.063
mqtt,0,2,109,3.696
mqtt,0,2,110,3.76
mqtt,0,2,111,4.66
mqtt,0,2,112,4.119
mqtt,0,2,113,4.189
mqtt,0,2,114,2.901
mqtt,0,2,115,3.817
mqtt,0,2,116,4.888
mqtt,0,2,117,3.417
mqtt,0,2,118,3.646
mqtt,0,2,119,4.065
mqtt,0,2,120,6.49
mqtt,0,2,121,6.471
mqtt,0,2,122,4.693
mqtt,0,2,123,5.418
mqtt,0,2,124,5.412
mqtt,0,2,125,4.334
mqtt,0,2,126,4.598
mqtt,0,2,127,2.881
mqtt,0,2,128,4.233
mqtt,0,2,129,3.003
mqtt,0,2,130,4.852
mqtt,0,2,131,3.766
mqtt,0,2,132,3.516
mqtt,0,2,133,3.654
mqtt,0,2,134,5.313
mqtt,0,2,135,4.88
mqtt,0,2,136,3.707
mqtt,0,2,137,3.041
mqtt,0,2,138,4.422
mqtt,0,2,139,4.345
mqtt,0,2,140,4.234
mqtt,0,2,141,2.948
mqtt,0,2,142,3.92
mqtt,0,2,143,15.333
mqtt,0,2,144,6.056
mqtt,0,2,145,3.989
mqtt,0,2,146,4.207
mqtt,0,2,147,3.503
mqtt,0,2,148,4.981
mqtt,0,2,149,3.788
ws,10,0,0,2.888
ws,10,0,1,3.711
ws,10,0,2,4.597
ws,10,0,3,4.147
ws,10,0,4,3.781
ws,10,0,5,3.914
ws,10,0,6,3.777
ws,10,0,7,4.304
ws,10,0,8,4.658
ws,10,0,9,3.084
ws,10,0,10,3.501
ws,10,0,11,3.261
ws,10,0,12,4.245
ws,10,0,13,4.198
ws,10,0,14,2.809
ws,10,0,15,3.719
ws,10,0,16,3.329
ws,10,0,17,4.738
ws,10,0,18,3.266
ws,10,0,19,3.82
ws,10,0,20,2.59
ws,10,0,21,3.126
ws,10,0,22,3.575
ws,10,0,23,2.931
ws,10,0,24,3.566
ws,10,0,25,2.573
ws,10,0,26,3.263
ws,10,0,27,4.472
ws,10,0,28,3.568
ws,10,0,29,3.107
ws,10,0,30,3.391
ws,10,0,31,3.955
ws,10,0,32,3.242
ws,10,0,33,3.422
ws,10,0,34,4.445
ws,10,0,35,12.846
ws,10,0,36,3.646
ws,10,0,37,3.539
ws,10,0,38,4.691
ws,10,0,39,3.429
ws,10,0,40,3.798
ws,10,0,41,2.852
ws,10,0,42,4.408
ws,10,0,43,3.383
ws,10,0,44,2.413
ws,10,0,45,2.659
ws,10,0,46,3.506
ws,10,0,47,3.393
ws,10,0,48,2.517
ws,10,0,49,2.811
ws,10,0,50,4.032
ws,10,0,51,2.757
ws,10,0,52,3.236
ws,10,0,53,3.341
ws,10,0,54,2.907
ws,10,0,55,3.235
ws,10,0,56,3.027
ws,10,0,57,2.683
ws,10,0,58,3.443
ws,10,0,59,4.326
ws,10,0,60,2.88
ws,10,0,61,2.36
ws,10,0,62,3.078
ws,10,0,63,4.361
ws,10,0,64,2.924
ws,10,0,65,2.839
ws,10,0,66,2.675
ws,10,0,67,3.386
ws,10,0,68,5.554
ws,10,0,69,2.416
ws,10,0,70,3.481
ws,10,0,71,3.024
ws,10,0,72,3.712
ws,10,0,73,5.033
ws,10,0,74,3.217
ws,10,0,75,3.435
ws,10,0,76,3.435
ws,10,0,77,4.68
ws,10,0,78,4.435
ws,10,0,79,2.438
ws,10,0,80,3.261
ws,10,0,81,2.432
ws,10,0,82,6.189
ws,10,0,83,4.093
ws,10,0,84,3.838
ws,10,0,85,4.174
ws,10,0,86,4.722
ws,10,0,87,3.11
ws,10,0,88,2.979
ws,10,0,89,4.726
ws,10,0,90,4.857
ws,10,0,91,2.433
ws,10,0,92,3.101
ws,10,0,93,3.455
ws,10,0,94,3.22
ws,10,0,95,5.132
ws,10,0,96,3.682
ws,10,0,97,4.031
ws,10,0,98,3.721
ws,10,0,99,46.38
ws,10,0,100,22.441
ws,10,0,101,4.296
ws,10,0,102,3.269
ws,10,0,103,7.071
ws,10,0,104,5.408
ws,10,0,105,5.925
ws,10,0,106,4.631
ws,10,0,107,4.989
ws,10,0,108,4.066
ws,10,0,109,3.708
ws,10,0,110,4.003
ws,10,0,111,5.034
ws,10,0,112,4.45
ws,10,0,113,4.382
ws,10,0,114,4.954
ws,10,0,115,5.246
ws,10,0,116,3.296
ws,10,0,117,5.427
ws,10,0,118,5.008
ws,10,0,119,3.716
ws,10,0,120,3.756
ws,10,0,121,4.108
ws,10,0,122,3.357
ws,10,0,123,3.801
ws,10,0,124,3.318
ws,10,0,125,3.803
ws,10,0,126,4.026
ws,10,0,127,3.123
ws,10,0,128,4.134
ws,10,0,129,3.08
ws,10,0,130,3.252
ws,10,0,131,3.447
ws,10,0,132,3.195
ws,10,0,133,3.213
ws,10,0,134,3.781
ws,10,0,135,4.304
ws,10,0,136,3.476
ws,10,0,137,2.948
ws,10,0,138,3.309
ws,10,0,139,4.179
ws,10,0,140,3.903
ws,10,0,141,3.561
ws,10,0,142,3.3
ws,10,0,143,3.672
ws,10,0,144,3.276
ws,10,0,145,3.135
ws,10,0,146,3.514
ws,10,0,147,3.252
ws,10,0,148,3.295
ws,10,0,149,3.491
mqtt,10,0,0,4.446
mqtt,10,0,1,4.384
mqtt,10,0,2,3.713
mqtt,10,0,3,5.198
mqtt,10,0,4,5.29
mqtt,10,0,5,6.217
mqtt,10,0,6,7.781
mqtt,10,0,7,4.537
mqtt,10,0,8,5.87
mqtt,10,0,9,6.684
mqtt,10,0,10,3.642
mqtt,10,0,11,4.554
mqtt,10,0,12,5.208
mqtt,10,0,13,4.158
mqtt,10,0,14,4.105
mqtt,10,0,15,5.256
mqtt,10,0,16,4.82
mqtt,10,0,17,4.708
mqtt,10,0,18,3.946
mqtt,10,0,19,5.548
mqtt,10,0,20,3.571
mqtt,10,0,21,3.798
mqtt,10,0,22,3.621
mqtt,10,0,23,4.933
mqtt,10,0,24,4.93
mqtt,10,0,25,4.548
mqtt,10,0,26,3.277
mqtt,10,0,27,4.118
mqtt,10,0,28,3.128
mqtt,10,0,29,4.292
mqtt,10,0,30,3.539
mqtt,10,0,31,4.653
mqtt,10,0,32,4.017
mqtt,10,0,33,3.268
mqtt,10,0,34,3.815
mqtt,10,0,35,3.881
mqtt,10,0,36,3.877
mqtt,10,0,37,3.044
mqtt,10,0,38,3.424
mqtt,10,0,39,3.712
mqtt,10,0,40,4.823
mqtt,10,0,41,3.513
mqtt,10,0,42,4.06
mqtt,10,0,43,4.456
mqtt,10,0,44,3.788
mqtt,10,0,45,3.494
mqtt,10,0,46,3.912
mqtt,10,0,47,4.069
mqtt,10,0,48,4.899
mqtt,10,0,49,3.73
mqtt,10,0,50,3.677
mqtt,10,0,51,3.831
mqtt,10,0,52,12.373
mqtt,10,0,53,3.846
mqtt,10,0,54,2.935
mqtt,10,0,55,5.572
mqtt,10,0,56,3.387
mqtt,10,0,57,3.439
mqtt,10,0,58,3.51
mqtt,10,0,59,3.445
mqtt,10,0,60,2.864
mqtt,10,0,61,3.54
mqtt,10,0,62,3.728
mqtt,10,0,63,3.026
mqtt,10,0,64,7.742
mqtt,10,0,65,2.924
mqtt,10,0,66,4.866
mqtt,10,0,67,4.663
mqtt,10,0,68,3.653
mqtt,10,0,69,2.777
mqtt,10,0,70,2.837
mqtt,10,0,71,3.713
mqtt,10,0,72,4.075
mqtt,10,0,73,3.487
mqtt,10,0,74,4.158
mqtt,10,0,75,3.141
mqtt,10,0,76,3.693
mqtt,10,0,77,4.118
mqtt,10,0,78,3.263
mqtt,10,0,79,3.171
mqtt,10,0,80,3.403
mqtt,10,0,81,3.422
mqtt,10,0,82,4.002
mqtt,10,0,83,3.082
mqtt,10,0,84,3.883
mqtt,10,0,85,4.574
mqtt,10,0,86,3.222
mqtt,10,0,87,2.745
mqtt,10,0,88,3.583
mqtt,10,0,89,3.517
mqtt,10,0,90,6.194
mqtt,10,0,91,3.958
mqtt,10,0,92,3.24
mqtt,10,0,93,3.599
mqtt,10,0,94,3.594
mqtt,10,0,95,4.177
mqtt,10,0,96,3.888
mqtt,10,0,97,3.909
mqtt,10,0,98,3.411
mqtt,10,0,99,4.369
mqtt,10,0,100,4.513
mqtt,10,0,101,3.886
mqtt,10,0,102,4.121
mqtt,10,0,103,4.906
mqtt,10,0,104,3.97
mqtt,10,0,105,4.676
mqtt,10,0,106,4.099
mqtt,10,0,107,5.437
mqtt,10,0,108,4.444
mqtt,10,0,109,6.544
mqtt,10,0,110,5.552
mqtt,10,0,111,3.712
mqtt,10,0,112,4.507
mqtt,10,0,113,6.215
mqtt,10,0,114,4.986
mqtt,10,0,115,5.736
mqtt,10,0,116,4.889
mqtt,10,0,117,17.344
mqtt,10,0,118,5.473
mqtt,10,0,119,3.704
mqtt,10,0,120,4.288
mqtt,10,0,121,11.116
mqtt,10,0,122,4.03
mqtt,10,0,123,4.235
mqtt,10,0,124,3.756
mqtt,10,0,125,3.582
mqtt,10,0,126,3.547
mqtt,10,0,127,4.325
mqtt,10,0,128,4.619
mqtt,10,0,129,3.663
mqtt,10,0,130,3.904
mqtt,10,0,131,4.676
mqtt,10,0,132,4.033
mqtt,10,0,133,3.949
mqtt,10,0,134,3.425
mqtt,10,0,135,4.58
mqtt,10,0,136,3.826
mqtt,10,0,137,3.588
mqtt,10,0,138,4.161
mqtt,10,0,139,4.207
mqtt,10,0,140,4.745
mqtt,10,0,141,3.396
mqtt,10,0,142,3.453
mqtt,10,0,143,3.879
mqtt,10,0,144,4.206
mqtt,10,0,145,3.079
mqtt,10,0,146,4.164
mqtt,10,0,147,3.849
mqtt,10,0,148,3.561
mqtt,10,0,149,3.07
mqtt,10,1,0,4.513
mqtt,10,1,1,4.48
mqtt,10,1,2,4.908
mqtt,10,1,3,5.605
mqtt,10,1,4,4.068
mqtt,10,1,5,27.717
mqtt,10,1,6,5.756
mqtt,10,1,7,5.916
mqtt,10,1,8,5.137
mqtt,10,1,9,4.142
mqtt,10,1,10,5.346
mqtt,10,1,11,4.747
mqtt,10,1,12,5.699
mqtt,10,1,13,5.322
mqtt,10,1,14,7.088
mqtt,10,1,15,6.267
mqtt,10,1,16,7.725
mqtt,10,1,17,5.102
mqtt,10,1,18,4.512
mqtt,10,1,19,9.684
mqtt,10,1,20,7.304
mqtt,10,1,21,4.812
mqtt,10,1,22,5.09
mqtt,10,1,23,4.029
mqtt,10,1,24,4.901
mqtt,10,1,25,4.888
mqtt,10,1,26,4.103
mqtt,10,1,27,3.759
mqtt,10,1,28,3.777
mqtt,10,1,29,4.126
mqtt,10,1,30,5.692
mqtt,10,1,31,4.282
mqtt,10,1,32,9.709
mqtt,10,1,33,4.251
mqtt,10,1,34,5.925
mqtt,10,1,35,5.917
mqtt,10,1,36,5.373
mqtt,10,1,37,4.957
mqtt,10,1,38,4.49
mqtt,10,1,39,5.606
mqtt,10,1,40,7.535
mqtt,10,1,41,6.258
mqtt,10,1,42,5.263
mqtt,10,1,43,8.627
mqtt,10,1,44,6.301
mqtt,10,1,45,6.403
mqtt,10,1,46,5.336
mqtt,10,1,47,4.798
mqtt,10,1,48,6.916
mqtt,10,1,49,4.863
mqtt,10,1,50,4.662
mqtt,10,1,51,5.964
mqtt,10,1,52,6.181
mqtt,10,1,53,3.853
mqtt,10,1,54,4.041
mqtt,10,1,55,5.399
mqtt,10,1,56,4.009
mqtt,10,1,57,8.574
mqtt,10,1,58,8.398
mqtt,10,1,59,5.92
mqtt,10,1,60,7.85
mqtt,10,1,61,6.64
mqtt,10,1,62,6.78
mqtt,10,1,63,5.931
mqtt,10,1,64,6.484
mqtt,10,1,65,6.625
mqtt,10,1,66,6.1
mqtt,10,1,67,9.237
mqtt,10,1,68,6.275
mqtt,10,1,69,8.538
mqtt,10,1,70,6.032
mqtt,10,1,71,27.872
mqtt,10,1,72,8.054
mqtt,10,1,73,5.762
mqtt,10,1,74,5.212
mqtt,10,1,75,5.796
mqtt,10,1,76,3.754
mqtt,10,1,77,5.222
mqtt,10,1,78,5.61
mqtt,10,1,79,4.69
mqtt,10,1,80,7.473
mqtt,10,1,81,6.927
mqtt,10,1,82,6.375
mqtt,10,1,83,5.801
mqtt,10,1,84,8.075
mqtt,10,1,85,4.326
mqtt,10,1,86,4.296
mqtt,10,1,87,5.802
mqtt,10,1,88,4.218
mqtt,10,1,89,4.656
mqtt,10,1,90,4.606
mqtt,10,1,91,3.441
mqtt,10,1,92,5.268
mqtt,10,1,93,4.744
mqtt,10,1,94,6.537
mqtt,10,1,95,3.964
mqtt,10,1,96,5.123
mqtt,10,1,97,3.521
mqtt,10,1,98,3.775
mqtt,10,1,99,4.944
mqtt,10,1,100,4.589
mqtt,10,1,101,4.672
mqtt,10,1,102,3.396
mqtt,10,1,103,4.957
mqtt,10,1,104,4.75
mqtt,10,1,105,3.214
mqtt,10,1,106,4.089
mqtt,10,1,107,5.606
mqtt,10,1,108,3.635
mqtt,10,1,109,3.995
mqtt,10,1,110,4.216
mqtt,10,1,111,6.043
mqtt,10,1,112,4.27
mqtt,10,1,113,2.983
mqtt,10,1,114,4.625
mqtt,10,1,115,4.439
mqtt,10,1,116,3.503
mqtt,10,1,117,3.307
mqtt,10,1,118,6.321
mqtt,10,1,119,3.382
mqtt,10,1,120,4.134
mqtt,10,1,121,3.351
mqtt,10,1,122,5.958
mqtt,10,1,123,4.282
mqtt,10,1,124,4.743
mqtt,10,1,125,4.025
mqtt,10,1,126,6.418
mqtt,10,1,127,6.727
mqtt,10,1,128,6.552
mqtt,10,1,129,5.9
mqtt,10,1,130,4.163
mqtt,10,1,131,5.652
mqtt,10,1,132,5.705
mqtt,10,1,133,5.093
mqtt,10,1,134,5.815
mqtt,10,1,135,8.102
mqtt,10,1,136,4.403
mqtt,10,1,137,6.351
mqtt,10,1,138,5.469
mqtt,10,1,139,4.429
mqtt,10,1,140,5.777
mqtt,10,1,141,22.652
mqtt,10,1,142,4.191
mqtt,10,1,143,5.127
mqtt,10,1,144,4.051
mqtt,10,1,145,4.343
mqtt,10,1,146,4.331
mqtt,10,1,147,4.933
mqtt,10,1,148,3.712
mqtt,10,1,149,3.908
ws,10,1,0,3.496
ws,10,1,1,3.608
ws,10,1,2,3.695
ws,10,1,3,3.127
ws,10,1,4,2.319
ws,10,1,5,3.186
ws,10,1,6,3.99
ws,10,1,7,3.476
ws,10,1,8,3.217
ws,10,1,9,3.316
ws,10,1,10,3.626
ws,10,1,11,2.856
ws,10,1,12,2.951
ws,10,1,13,2.562
ws,10,1,14,3.215
ws,10,1,15,3.058
ws,10,1,16,5.392
ws,10,1,17,3.282
ws,10,1,18,3.411
ws,10,1,19,2.708
ws,10,1,20,3.756
ws,10,1,21,2.98
ws,10,1,22,2.166
ws,10,1,23,2.599
ws,10,1,24,3.112
ws,10,1,25,2.75
ws,10,1,26,2.841
ws,10,1,27,3.146
ws,10,1,28,2.791
ws,10,1,29,3.143
ws,10,1,30,3.688
ws,10,1,31,11.819
ws,10,1,32,4.316
ws,10,1,33,2.55
ws,10,1,34,3.838
ws,10,1,35,3.258
ws,10,1,36,2.854
ws,10,1,37,3.356
ws,10,1,38,2.672
ws,10,1,39,3.136
ws,10,1,40,3.052
ws,10,1,41,2.157
ws,10,1,42,2.984
ws,10,1,43,2.935
ws,10,1,44,3.551
ws,10,1,45,3.358
ws,10,1,46,2.905
ws,10,1,47,3.037
ws,10,1,48,3.025
ws,10,1,49,7.24
ws,10,1,50,9.248
ws,10,1,51,5.314
ws,10,1,52,2.574
ws,10,1,53,3.293
ws,10,1,54,2.816
ws,10,1,55,2.954
ws,10,1,56,3.407
ws,10,1,57,2.666
ws,10,1,58,2.613
ws,10,1,59,2.558
ws,10,1,60,2.664
ws,10,1,61,2.571
ws,10,1,62,2.326
ws,10,1,63,3.955
ws,10,1,64,3.077
ws,10,1,65,3.276
ws,10,1,66,3.674
ws,10,1,67,3.066
ws,10,1,68,2.743
ws,10,1,69,3.209
ws,10,1,70,2.346
ws,10,1,71,2.563
ws,10,1,72,3.164
ws,10,1,73,2.987
ws,10,1,74,4.064
ws,10,1,75,3.386
ws,10,1,76,3.13
ws,10,1,77,3.294
ws,10,1,78,3.313
ws,10,1,79,4.09
ws,10,1,80,2.758
ws,10,1,81,3.071
ws,10,1,82,3.633
ws,10,1,83,2.371
ws,10,1,84,5.598
ws,10,1,85,3.324
ws,10,1,86,2.989
ws,10,1,87,2.844
ws,10,1,88,3.897
ws,10,1,89,3.872
ws,10,1,90,3.079
ws,10,1,91,2.921
ws,10,1,92,3.212
ws,10,1,93,3.861
ws,10,1,94,6.236
ws,10,1,95,2.58
ws,10,1,96,2.423
ws,10,1,97,3.369
ws,10,1,98,3.32
ws,10,1,99,3.258
ws,10,1,100,3.079
ws,10,1,101,3.504
ws,10,1,102,3.545
ws,10,1,103,12.805
ws,10,1,104,4.507
ws,10,1,105,3.777
ws,10,1,106,2.724
ws,10,1,107,3.017
ws,10,1,108,3.465
ws,10,1,109,3.194
ws,10,1,110,4.033
ws,10,1,111,4.36
ws,10,1,112,3.267
ws,10,1,113,2.556
ws,10,1,114,3.269
ws,10,1,115,3.277
ws,10,1,116,4.499
ws,10,1,117,3.765
ws,10,1,118,3.479
ws,10,1,119,4.991
ws,10,1,120,4.807
ws,10,1,121,5.761
ws,10,1,122,5.11
ws,10,1,123,4.503
ws,10,1,124,4.146
ws,10,1,125,3.212
ws,10,1,126,4.011
ws,10,1,127,3.176
ws,10,1,128,3.427
ws,10,1,129,2.24
ws,10,1,130,3.563
ws,10,1,131,4.136
ws,10,1,132,2.951
ws,10,1,133,2.823
ws,10,1,134,2.864
ws,10,1,135,2.645
ws,10,1,136,3.523
ws,10,1,137,4.178
ws,10,1,138,2.806
ws,10,1,139,2.992
ws,10,1,140,2.641
ws,10,1,141,2.771
ws,10,1,142,3.822
ws,10,1,143,2.726
ws,10,1,144,2.415
ws,10,1,145,3.314
ws,10,1,146,3.403
ws,10,1,147,3.31
ws,10,1,148,3.148
ws,10,1,149,3.221
ws,10,2,0,3.335
ws,10,2,1,4.654
ws,10,2,2,4.542
ws,10,2,3,4.022
ws,10,2,4,4.022
ws,10,2,5,3.305
ws,10,2,6,4.809
ws,10,2,7,3.913
ws,10,2,8,4.151
ws,10,2,9,3.596
ws,10,2,10,5.618
ws,10,2,11,3.735
ws,10,2,12,2.52
ws,10,2,13,3.429
ws,10,2,14,3.504
ws,10,2,15,3.371
ws,10,2,16,4.6
ws,10,2,17,3.793
ws,10,2,18,3.343
ws,10,2,19,4.188
ws,10,2,20,2.934
ws,10,2,21,3.308
ws,10,2,22,2.826
ws,10,2,23,3.586
ws,10,2,24,3.624
ws,10,2,25,3.568
ws,10,2,26,3.092
ws,10,2,27,3.745
ws,10,2,28,4.82
ws,10,2,29,3.292
ws,10,2,30,3.615
ws,10,2,31,4.723
ws,10,2,32,4.628
ws,10,2,33,3.482
ws,10,2,34,3.579
ws,10,2,35,3.019
ws,10,2,36,3.851
ws,10,2,37,3.87
ws,10,2,38,3.707
ws,10,2,39,3.977
ws,10,2,40,3.251
ws,10,2,41,4.376
ws,10,2,42,2.902
ws,10,2,43,3.416
ws,10,2,44,3.158
ws,10,2,45,2.863
ws,10,2,46,4.056
ws,10,2,47,2.984
ws,10,2,48,3.741
ws,10,2,49,3.095
ws,10,2,50,3.654
ws,10,2,51,3.188
ws,10,2,52,3.17
ws,10,2,53,2.437
ws,10,2,54,3.17
ws,10,2,55,3.21
ws,10,2,56,3.706
ws,10,2,57,3.923
ws,10,2,58,3.091
ws,10,2,59,3.613
ws,10,2,60,3.82
ws,10,2,61,3.99
ws,10,2,62,21.67
ws,10,2,63,2.897
ws,10,2,64,4.061
ws,10,2,65,4.285
ws,10,2,66,4.434
ws,10,2,67,2.707
ws,10,2,68,4.17
ws,10,2,69,5.531
ws,10,2,70,2.914
ws,10,2,71,3.304
ws,10,2,72,3.102
ws,10,2,73,6.585
ws,10,2,74,3.984
ws,10,2,75,4.257
ws,10,2,76,5.86
ws,10,2,77,4.67
ws,10,2,78,3.518
ws,10,2,79,4.478
ws,10,2,80,4.245
ws,10,2,81,4.393
ws,10,2,82,3.634
ws,10,2,83,4.167
ws,10,2,84,4.378
ws,10,2,85,40.809
ws,10,2,86,4.86
ws,10,2,87,3.133
ws,10,2,88,4.701
ws,10,2,89,5.06
ws,10,2,90,3.778
ws,10,2,91,3.839
ws,10,2,92,5.83
ws,10,2,93,6.634
ws,10,2,94,4.982
ws,10,2,95,7.49
ws,10,2,96,4.338
ws,10,2,97,4.116
ws,10,2,98,4.69
ws,10,2,99,5.134
ws,10,2,100,5.432
ws,10,2,101,5.346
ws,10,2,102,4.318
ws,10,2,103,3.081
ws,10,2,104,4.366
ws,10,2,105,9.125
ws,10,2,106,7.055
ws,10,2,107,4.493
ws,10,2,108,4.183
ws,10,2,109,4.804
ws,10,2,110,4.636
ws,10,2,111,4.534
ws,10,2,112,3.721
ws,10,2,113,4.777
ws,10,2,114,4.197
ws,10,2,115,4.47
ws,10,2,116,3.278
ws,10,2,117,3.69
ws,10,2,118,4.1
ws,10,2,119,4.378
ws,10,2,120,3.606
ws,10,2,121,5.239
ws,10,2,122,5.406
ws,10,2,123,4.272
ws,10,2,124,5.701
ws,10,2,125,9.024
ws,10,2,126,4.658
ws,10,2,127,3.464
ws,10,2,128,20.007
ws,10,2,129,9.065
ws,10,2,130,4.395
ws,10,2,131,3.877
ws,10,2,132,4.111
ws,10,2,133,3.498
ws,10,2,134,5.392
ws,10,2,135,4.026
ws,10,2,136,3.836
ws,10,2,137,4.751
ws,10,2,138,6.305
ws,10,2,139,3.242
ws,10,2,140,4.601
ws,10,2,141,3.904
ws,10,2,142,3.51
ws,10,2,143,3.167
ws,10,2,144,4.126
ws,10,2,145,3.499
ws,10,2,146,3.102
ws,10,2,147,3.174
ws,10,2,148,2.542
ws,10,2,149,3.154
mqtt,10,2,0,4.335
mqtt,10,2,1,2.765
mqtt,10,2,2,4.179
mqtt,10,2,3,3.727
mqtt,10,2,4,3.953
mqtt,10,2,5,3.945
mqtt,10,2,6,3.953
mqtt,10,2,7,6.116
mqtt,10,2,8,4.727
mqtt,10,2,9,4.255
mqtt,10,2,10,6.67
mqtt,10,2,11,3.344
mqtt,10,2,12,15.706
mqtt,10,2,13,3.798
mqtt,10,2,14,3.595
mqtt,10,2,15,4.459
mqtt,10,2,16,3.599
mqtt,10,2,17,4.096
mqtt,10,2,18,3.996
mqtt,10,2,19,4.215
mqtt,10,2,20,3.015
mqtt,10,2,21,2.889
mqtt,10,2,22,2.875
mqtt,10,2,23,3.794
mqtt,10,2,24,4.927
mqtt,10,2,25,3.569
mqtt,10,2,26,3.373
mqtt,10,2,27,4.006
mqtt,10,2,28,4.245
mqtt,10,2,29,5.223
mqtt,10,2,30,3.011
mqtt,10,2,31,3.116
mqtt,10,2,32,4.703
mqtt,10,2,33,4.541
mqtt,10,2,34,4.393
mqtt,10,2,35,4.144
mqtt,10,2,36,4.872
mqtt,10,2,37,3.837
mqtt,10,2,38,3.481
mqtt,10,2,39,3.368
mqtt,10,2,40,5.252
mqtt,10,2,41,4.192
mqtt,10,2,42,4.158
mqtt,10,2,43,6.577
mqtt,10,2,44,6.454
mqtt,10,2,45,4.538
mqtt,10,2,46,3.795
mqtt,10,2,47,5.307
mqtt,10,2,48,4.109
mqtt,10,2,49,3.799
mqtt,10,2,50,3.457
mqtt,10,2,51,4.358
mqtt,10,2,52,3.412
mqtt,10,2,53,3.927
mqtt,10,2,54,3.825
mqtt,10,2,55,4.748
mqtt,10,2,56,5.003
mqtt,10,2,57,3.75
mqtt,10,2,58,3.523
mqtt,10,2,59,7.104
mqtt,10,2,60,3.624
mqtt,10,2,61,3.93
mqtt,10,2,62,6.856
mqtt,10,2,63,3.949
mqtt,10,2,64,4.397
mqtt,10,2,65,3.733
mqtt,10,2,66,5.698
mqtt,10,2,67,3.38
mqtt,10,2,68,4.07
mqtt,10,2,69,3.318
mqtt,10,2,70,4.716
mqtt,10,2,71,5.299
mqtt,10,2,72,4.147
mqtt,10,2,73,4.341
mqtt,10,2,74,8.616
mqtt,10,2,75,4.749
mqtt,10,2,76,8.082
mqtt,10,2,77,6.551
mqtt,10,2,78,21.12
mqtt,10,2,79,4.082
mqtt,10,2,80,4.783
mqtt,10,2,81,3.599
mqtt,10,2,82,3.512
mqtt,10,2,83,6.223
mqtt,10,2,84,5.156
mqtt,10,2,85,3.808
mqtt,10,2,86,5.325
mqtt,10,2,87,3.693
mqtt,10,2,88,3.627
mqtt,10,2,89,4.475
mqtt,10,2,90,5.649
mqtt,10,2,91,3.538
mqtt,10,2,92,4.04
mqtt,10,2,93,4.895
mqtt,10,2,94,4.479
mqtt,10,2,95,5.041
mqtt,10,2,96,3.68
mqtt,10,2,97,4.462
mqtt,10,2,98,5.34
mqtt,10,2,99,4.011
mqtt,10,2,100,4.164
mqtt,10,2,101,4.751
mqtt,10,2,102,4.5
mqtt,10,2,103,3.474
mqtt,10,2,104,4.619
mqtt,10,2,105,4.738
mqtt,10,2,106,4.695
mqtt,10,2,107,3.933
mqtt,10,2,108,3.673
mqtt,10,2,109,5.679
mqtt,10,2,110,3.641
mqtt,10,2,111,4.305
mqtt,10,2,112,4.695
mqtt,10,2,113,5.129
mqtt,10,2,114,4.579
mqtt,10,2,115,4.807
mqtt,10,2,116,6.672
mqtt,10,2,117,3.752
mqtt,10,2,118,4.063
mqtt,10,2,119,8.222
mqtt,10,2,120,3.548
mqtt,10,2,121,3.859
mqtt,10,2,122,5.378
mqtt,10,2,123,3.274
mqtt,10,2,124,3.151
mqtt,10,2,125,4.04
mqtt,10,2,126,4.431
mqtt,10,2,127,3.713
mqtt,10,2,128,3.735
mqtt,10,2,129,3.152
mqtt,10,2,130,3.106
mqtt,10,2,131,4.061
mqtt,10,2,132,4.418
mqtt,10,2,133,4.828
mqtt,10,2,134,4.273
mqtt,10,2,135,4.326
mqtt,10,2,136,4.034
mqtt,10,2,137,3.794
mqtt,10,2,138,4.405
mqtt,10,2,139,4.021
mqtt,10,2,140,4.08
mqtt,10,2,141,4.832
mqtt,10,2,142,3.751
mqtt,10,2,143,3.727
mqtt,10,2,144,4.813
mqtt,10,2,145,3.446
mqtt,10,2,146,3.967
mqtt,10,2,147,5.88
mqtt,10,2,148,4.996
mqtt,10,2,149,5.014
ws,50,0,0,4.636
ws,50,0,1,3.327
ws,50,0,2,4.713
ws,50,0,3,3.955
ws,50,0,4,3.99
ws,50,0,5,4.889
ws,50,0,6,10.353
ws,50,0,7,5.661
ws,50,0,8,4.372
ws,50,0,9,4.978
ws,50,0,10,4.156
ws,50,0,11,4.581
ws,50,0,12,5.911
ws,50,0,13,3.933
ws,50,0,14,3.922
ws,50,0,15,4.261
ws,50,0,16,4.153
ws,50,0,17,3.559
ws,50,0,18,2.934
ws,50,0,19,4.103
ws,50,0,20,3.113
ws,50,0,21,3.716
ws,50,0,22,3.401
ws,50,0,23,11.803
ws,50,0,24,6.326
ws,50,0,25,2.84
ws,50,0,26,4.613
ws,50,0,27,11.476
ws,50,0,28,10.362
ws,50,0,29,2.913
ws,50,0,30,2.536
ws,50,0,31,4.38
ws,50,0,32,3.611
ws,50,0,33,3.064
ws,50,0,34,3.383
ws,50,0,35,2.742
ws,50,0,36,3.118
ws,50,0,37,3.786
ws,50,0,38,2.293
ws,50,0,39,3.27
ws,50,0,40,2.595
ws,50,0,41,2.114
ws,50,0,42,5.027
ws,50,0,43,2.736
ws,50,0,44,2.794
ws,50,0,45,3.415
ws,50,0,46,2.481
ws,50,0,47,3.802
ws,50,0,48,2.609
ws,50,0,49,2.698
ws,50,0,50,3.808
ws,50,0,51,2.819
ws,50,0,52,6.254
ws,50,0,53,4.009
ws,50,0,54,3.424
ws,50,0,55,2.856
ws,50,0,56,3.959
ws,50,0,57,2.976
ws,50,0,58,2.068
ws,50,0,59,2.781
ws,50,0,60,3.481
ws,50,0,61,3.575
ws,50,0,62,3.993
ws,50,0,63,3.14
ws,50,0,64,4.421
ws,50,0,65,3.068
ws,50,0,66,5.067
ws,50,0,67,4.286
ws,50,0,68,3.444
ws,50,0,69,2.718
ws,50,0,70,6.906
ws,50,0,71,2.706
ws,50,0,72,3.158
ws,50,0,73,3.469
ws,50,0,74,4.377
ws,50,0,75,2.666
ws,50,0,76,3.193
ws,50,0,77,2.82
ws,50,0,78,2.704
ws,50,0,79,3.29
ws,50,0,80,3.282
ws,50,0,81,2.871
ws,50,0,82,2.855
ws,50,0,83,2.243
ws,50,0,84,3.264
ws,50,0,85,6.401
ws,50,0,86,3.943
ws,50,0,87,2.729
ws,50,0,88,2.114
ws,50,0,89,4.264
ws,50,0,90,11.945
ws,50,0,91,2.683
ws,50,0,92,4.765
ws,50,0,93,2.584
ws,50,0,94,3.361
ws,50,0,95,2.708
ws,50,0,96,3.291
ws,50,0,97,4.469
ws,50,0,98,2.813
ws,50,0,99,2.987
ws,50,0,100,2.251
ws,50,0,101,2.223
ws,50,0,102,4.506
ws,50,0,103,3.038
ws,50,0,104,2.586
ws,50,0,105,2.775
ws,50,0,106,3.224
ws,50,0,107,2.736
ws,50,0,108,4.5
ws,50,0,109,2.835
ws,50,0,110,3.424
ws,50,0,111,4.161
ws,50,0,112,3.506
ws,50,0,113,3.635
ws,50,0,114,3.139
ws,50,0,115,2.792
ws,50,0,116,2.684
ws,50,0,117,5.885
ws,50,0,118,2.59
ws,50,0,119,2.664
ws,50,0,120,3.106
ws,50,0,121,3.148
ws,50,0,122,5.131
ws,50,0,123,3.592
ws,50,0,124,3.485
ws,50,0,125,3.569
ws,50,0,126,4.7
ws,50,0,127,2.963
ws,50,0,128,2.938
ws,50,0,129,3.037
ws,50,0,130,3.546
ws,50,0,131,2.601
ws,50,0,132,3.146
ws,50,0,133,3.14
ws,50,0,134,2.654
ws,50,0,135,2.883
ws,50,0,136,2.369
ws,50,0,137,3.775
ws,50,0,138,2.714
ws,50,0,139,2.242
ws,50,0,140,2.558
ws,50,0,141,2.805
ws,50,0,142,2.581
ws,50,0,143,3.106
ws,50,0,144,3.331
ws,50,0,145,3.346
ws,50,0,146,2.503
ws,50,0,147,3.119
ws,50,0,148,3.135
ws,50,0,149,2.245
mqtt,50,0,0,3.259
mqtt,50,0,1,3.385
mqtt,50,0,2,4.02
mqtt,50,0,3,3.849
mqtt,50,0,4,3.239
mqtt,50,0,5,4.164
mqtt,50,0,6,3.741
mqtt,50,0,7,3.344
mqtt,50,0,8,3.474
mqtt,50,0,9,3.143
mqtt,50,0,10,3.568
mqtt,50,0,11,6.536
mqtt,50,0,12,4.547
mqtt,50,0,13,3.266
mqtt,50,0,14,3.48
mqtt,50,0,15,11.381
mqtt,50,0,16,3.694
mqtt,50,0,17,3.518
mqtt,50,0,18,3.471
mqtt,50,0,19,4.071
mqtt,50,0,20,3.726
mqtt,50,0,21,2.993
mqtt,50,0,22,4.333
mqtt,50,0,23,3.365
mqtt,50,0,24,3.101
mqtt,50,0,25,3.466
mqtt,50,0,26,3.165
mqtt,50,0,27,2.976
mqtt,50,0,28,2.615
mqtt,50,0,29,3.558
mqtt,50,0,30,3.318
mqtt,50,0,31,3.229
mqtt,50,0,32,6.69
mqtt,50,0,33,2.516
mqtt,50,0,34,3.754
mqtt,50,0,35,3.001
mqtt,50,0,36,4.104
mqtt,50,0,37,2.744
mqtt,50,0,38,3.367
mqtt,50,0,39,3.633
mqtt,50,0,40,3.604
mqtt,50,0,41,4.672
mqtt,50,0,42,3.115
mqtt,50,0,43,2.553
mqtt,50,0,44,3.428
mqtt,50,0,45,3.23
mqtt,50,0,46,5.308
mqtt,50,0,47,3.357
mqtt,50,0,48,3.203
mqtt,50,0,49,2.995
mqtt,50,0,50,3.638
mqtt,50,0,51,3.668
mqtt,50,0,52,4.441
mqtt,50,0,53,3.91
mqtt,50,0,54,3.896
mqtt,50,0,55,5.254
mqtt,50,0,56,2.967
mqtt,50,0,57,2.888
mqtt,50,0,58,3.055
mqtt,50,0,59,3.932
mqtt,50,0,60,3.667
mqtt,50,0,61,3.307
mqtt,50,0,62,3.515
mqtt,50,0,63,3.102
mqtt,50,0,64,3.163
mqtt,50,0,65,2.699
mqtt,50,0,66,2.93
mqtt,50,0,67,3.433
mqtt,50,0,68,3.224
mqtt,50,0,69,5.166
mqtt,50,0,70,2.877
mqtt,50,0,71,3.212
mqtt,50,0,72,3.754
mqtt,50,0,73,3.826
mqtt,50,0,74,3.072
mqtt,50,0,75,3.202
mqtt,50,0,76,3.484
mqtt,50,0,77,2.772
mqtt,50,0,78,2.67
mqtt,50,0,79,5.078
mqtt,50,0,80,3.338
mqtt,50,0,81,13.344
mqtt,50,0,82,9.493
mqtt,50,0,83,3.642
mqtt,50,0,84,3.984
mqtt,50,0,85,3.53
mqtt,50,0,86,3.523
mqtt,50,0,87,3.578
mqtt,50,0,88,8.155
mqtt,50,0,89,3.911
mqtt,50,0,90,4.313
mqtt,50,0,91,8.341
mqtt,50,0,92,4.25
mqtt,50,0,93,3.245
mqtt,50,0,94,6.027
mqtt,50,0,95,3.845
mqtt,50,0,96,4.041
mqtt,50,0,97,2.676
mqtt,50,0,98,3.444
mqtt,50,0,99,4.492
mqtt,50,0,100,3.697
mqtt,50,0,101,3.327
mqtt,50,0,102,2.71
mqtt,50,0,103,6.225
mqtt,50,0,104,3.69
mqtt,50,0,105,3.633
mqtt,50,0,106,3.7
mqtt,50,0,107,3.53
mqtt,50,0,108,3.851
mqtt,50,0,109,4.454
mqtt,50,0,110,4.487
mqtt,50,0,111,4.245
mqtt,50,0,112,4.392
mqtt,50,0,113,3.331
mqtt,50,0,114,3.707
mqtt,50,0,115,6.259
mqtt,50,0,116,3.742
mqtt,50,0,117,3.846
mqtt,50,0,118,5.832
mqtt,50,0,119,5.136
mqtt,50,0,120,5.229
mqtt,50,0,121,4.379
mqtt,50,0,122,6.668
mqtt,50,0,123,4.709
mqtt,50,0,124,5.026
mqtt,50,0,125,7.665
mqtt,50,0,126,4.503
mqtt,50,0,127,4.458
mqtt,50,0,128,8.775
mqtt,50,0,129,4.544
mqtt,50,0,130,5.106
mqtt,50,0,131,4.168
mqtt,50,0,132,4.766
mqtt,50,0,133,6.114
mqtt,50,0,134,5.95
mqtt,50,0,135,5.097
mqtt,50,0,136,4.36
mqtt,50,0,137,5.076
mqtt,50,0,138,5.032
mqtt,50,0,139,4.412
mqtt,50,0,140,4.485
mqtt,50,0,141,8.956
mqtt,50,0,142,22.509
mqtt,50,0,143,6.508
mqtt,50,0,144,4.465
mqtt,50,0,145,4.834
mqtt,50,0,146,5.727
mqtt,50,0,147,4.836
mqtt,50,0,148,4.164
mqtt,50,0,149,6.102
mqtt,50,1,0,3.465
mqtt,50,1,1,3.798
mqtt,50,1,2,3.757
mqtt,50,1,3,9.535
mqtt,50,1,4,4.518
mqtt,50,1,5,3.744
mqtt,50,1,6,3.991
mqtt,50,1,7,4.598
mqtt,50,1,8,4.663
mqtt,50,1,9,6.148
mqtt,50,1,10,13.511
mqtt,50,1,11,4.991
mqtt,50,1,12,3.874
mqtt,50,1,13,4.195
mqtt,50,1,14,10.096
mqtt,50,1,15,3.926
mqtt,50,1,16,4.007
mqtt,50,1,17,3.603
mqtt,50,1,18,4.055
mqtt,50,1,19,5.052
mqtt,50,1,20,4.076
mqtt,50,1,21,4.791
mqtt,50,1,22,5.705
mqtt,50,1,23,4.472
mqtt,50,1,24,4.954
mqtt,50,1,25,9.38
mqtt,50,1,26,3.561
mqtt,50,1,27,4.51
mqtt,50,1,28,6.951
mqtt,50,1,29,4.13
mqtt,50,1,30,4.32
mqtt,50,1,31,9.215
mqtt,50,1,32,4.442
mqtt,50,1,33,4.258
mqtt,50,1,34,4.444
mqtt,50,1,35,4.972
mqtt,50,1,36,4.507
mqtt,50,1,37,4.425
mqtt,50,1,38,10.309
mqtt,50,1,39,4.814
mqtt,50,1,40,7.109
mqtt,50,1,41,4.352
mqtt,50,1,42,4.049
mqtt,50,1,43,5.288
mqtt,50,1,44,5.867
mqtt,50,1,45,4.058
mqtt,50,1,46,4.658
mqtt,50,1,47,4.919
mqtt,50,1,48,5.216
mqtt,50,1,49,3.944
mqtt,50,1,50,7.859
mqtt,50,1,51,4.682
mqtt,50,1,52,5.001
mqtt,50,1,53,5.103
mqtt,50,1,54,4.72
mqtt,50,1,55,4.794
mqtt,50,1,56,7.915
mqtt,50,1,57,4.405
mqtt,50,1,58,5.084
mqtt,50,1,59,5.872
mqtt,50,1,60,3.125
mqtt,50,1,61,3.842
mqtt,50,1,62,4.681
mqtt,50,1,63,4.494
mqtt,50,1,64,4.139
mqtt,50,1,65,4.03
mqtt,50,1,66,3.805
mqtt,50,1,67,7.017
mqtt,50,1,68,3.98
mqtt,50,1,69,14.228
mqtt,50,1,70,4.645
mqtt,50,1,71,5.032
mqtt,50,1,72,6.692
mqtt,50,1,73,3.678
mqtt,50,1,74,4.277
mqtt,50,1,75,6.485
mqtt,50,1,76,3.571
mqtt,50,1,77,3.498
mqtt,50,1,78,3.985
mqtt,50,1,79,8.417
mqtt,50,1,80,3.623
mqtt,50,1,81,4.143
mqtt,50,1,82,5.911
mqtt,50,1,83,4.813
mqtt,50,1,84,4.082
mqtt,50,1,85,6.52
mqtt,50,1,86,3.891
mqtt,50,1,87,4.299
mqtt,50,1,88,5.438
mqtt,50,1,89,6.074
mqtt,50,1,90,4.296
mqtt,50,1,91,5.54
mqtt,50,1,92,4.325
mqtt,50,1,93,4.151
mqtt,50,1,94,4.81
mqtt,50,1,95,4.064
mqtt,50,1,96,4.147
mqtt,50,1,97,4.546
mqtt,50,1,98,4.94
mqtt,50,1,99,3.538
mqtt,50,1,100,4.153
mqtt,50,1,101,4.556
mqtt,50,1,102,4.016
mqtt,50,1,103,6.725
mqtt,50,1,104,5.104
mqtt,50,1,105,4.885
mqtt,50,1,106,8.956
mqtt,50,1,107,3.975
mqtt,50,1,108,4.406
mqtt,50,1,109,5.717
mqtt,50,1,110,4.451
mqtt,50,1,111,5.114
mqtt,50,1,112,7.633
mqtt,50,1,113,5.603
mqtt,50,1,114,4.71
mqtt,50,1,115,4.825
mqtt,50,1,116,4.575
mqtt,50,1,117,3.899
mqtt,50,1,118,4.815
mqtt,50,1,119,5.132
mqtt,50,1,120,3.404
mqtt,50,1,121,3.793
mqtt,50,1,122,4.422
mqtt,50,1,123,6.253
mqtt,50,1,124,3.978
mqtt,50,1,125,4.355
mqtt,50,1,126,4.314
mqtt,50,1,127,4.031
mqtt,50,1,128,4.072
mqtt,50,1,129,3.65
mqtt,50,1,130,8.341
mqtt,50,1,131,4.293
mqtt,50,1,132,4.188
mqtt,50,1,133,17.908
mqtt,50,1,134,6.806
mqtt,50,1,135,3.237
mqtt,50,1,136,3.302
mqtt,50,1,137,4.284
mqtt,50,1,138,6.391
mqtt,50,1,139,4.108
mqtt,50,1,140,3.421
mqtt,50,1,141,6.197
mqtt,50,1,142,4.736
mqtt,50,1,143,4.305
mqtt,50,1,144,4.897
mqtt,50,1,145,9.902
mqtt,50,1,146,4.544
mqtt,50,1,147,5.495
mqtt,50,1,148,4.35
mqtt,50,1,149,4.394
ws,50,1,0,3.11
ws,50,1,1,2.746
ws,50,1,2,3.207
ws,50,1,3,4.043
ws,50,1,4,5.931
ws,50,1,5,3.154
ws,50,1,6,3.592
ws,50,1,7,16.094
ws,50,1,8,2.913
ws,50,1,9,3.887
ws,50,1,10,2.354
ws,50,1,11,2.625
ws,50,1,12,3.007
ws,50,1,13,2.385
ws,50,1,14,7.674
ws,50,1,15,4.234
ws,50,1,16,3.636
ws,50,1,17,3.563
ws,50,1,18,6.915
ws,50,1,19,5.241
ws,50,1,20,3.884
ws,50,1,21,3.443
ws,50,1,22,3.598
ws,50,1,23,3.101
ws,50,1,24,3.371
ws,50,1,25,2.756
ws,50,1,26,6.106
ws,50,1,27,3.358
ws,50,1,28,2.567
ws,50,1,29,2.652
ws,50,1,30,2.948
ws,50,1,31,5.349
ws,50,1,32,3.522
ws,50,1,33,3.325
ws,50,1,34,3.56
ws,50,1,35,9.545
ws,50,1,36,3.383
ws,50,1,37,3.246
ws,50,1,38,6.274
ws,50,1,39,3.669
ws,50,1,40,2.979
ws,50,1,41,2.963
ws,50,1,42,5.3
ws,50,1,43,6.278
ws,50,1,44,3.286
ws,50,1,45,2.976
ws,50,1,46,4.686
ws,50,1,47,4.663
ws,50,1,48,3.459
ws,50,1,49,3.31
ws,50,1,50,6.699
ws,50,1,51,3.974
ws,50,1,52,3.597
ws,50,1,53,4.099
ws,50,1,54,6.004
ws,50,1,55,5.025
ws,50,1,56,3.091
ws,50,1,57,3.579
ws,50,1,58,4.551
ws,50,1,59,4.615
ws,50,1,60,4.763
ws,50,1,61,4.418
ws,50,1,62,4.17
ws,50,1,63,3.743
ws,50,1,64,3.375
ws,50,1,65,2.968
ws,50,1,66,4.105
ws,50,1,67,3.861
ws,50,1,68,3.698
ws,50,1,69,2.582
ws,50,1,70,14.361
ws,50,1,71,2.981
ws,50,1,72,4.093
ws,50,1,73,3.222
ws,50,1,74,2.854
ws,50,1,75,3.932
ws,50,1,76,3.609
ws,50,1,77,4.828
ws,50,1,78,2.811
ws,50,1,79,2.906
ws,50,1,80,3.396
ws,50,1,81,3.039
ws,50,1,82,4.952
ws,50,1,83,3.063
ws,50,1,84,3.009
ws,50,1,85,2.378
ws,50,1,86,3.153
ws,50,1,87,3.999
ws,50,1,88,3.451
ws,50,1,89,2.548
ws,50,1,90,3.286
ws,50,1,91,4.107
ws,50,1,92,3.63
ws,50,1,93,3.723
ws,50,1,94,3.38
ws,50,1,95,3.366
ws,50,1,96,7.448
ws,50,1,97,3.138
ws,50,1,98,2.835
ws,50,1,99,3.774
ws,50,1,100,3.049
ws,50,1,101,2.734
ws,50,1,102,2.918
ws,50,1,103,3.577
ws,50,1,104,3.425
ws,50,1,105,5.541
ws,50,1,106,3.72
ws,50,1,107,3.775
ws,50,1,108,2.845
ws,50,1,109,4.632
ws,50,1,110,3.725
ws,50,1,111,2.966
ws,50,1,112,3.236
ws,50,1,113,4.668
ws,50,1,114,5.455
ws,50,1,115,2.936
ws,50,1,116,3.527
ws,50,1,117,3.85
ws,50,1,118,5.355
ws,50,1,119,3.652
ws,50,1,120,3.56
ws,50,1,121,3.601
ws,50,1,122,4.733
ws,50,1,123,3.049
ws,50,1,124,3.606
ws,50,1,125,3.568
ws,50,1,126,7.877
ws,50,1,127,3.341
ws,50,1,128,4.324
ws,50,1,129,3.297
ws,50,1,130,3.696
ws,50,1,131,2.876
ws,50,1,132,3.138
ws,50,1,133,2.691
ws,50,1,134,3.427
ws,50,1,135,6.762
ws,50,1,136,16.11
ws,50,1,137,3.187
ws,50,1,138,3.534
ws,50,1,139,3.14
ws,50,1,140,2.997
ws,50,1,141,2.951
ws,50,1,142,4.114
ws,50,1,143,3.216
ws,50,1,144,3.276
ws,50,1,145,4.119
ws,50,1,146,3.426
ws,50,1,147,3.813
ws,50,1,148,3.516
ws,50,1,149,4.089
ws,50,2,0,4.059
ws,50,2,1,4.679
ws,50,2,2,3.625
ws,50,2,3,3.726
ws,50,2,4,5.609
ws,50,2,5,4.068
ws,50,2,6,4.057
ws,50,2,7,4.261
ws,50,2,8,7.834
ws,50,2,9,3.611
ws,50,2,10,18.196
ws,50,2,11,6.66
ws,50,2,12,4.266
ws,50,2,13,4.345
ws,50,2,14,5.375
ws,50,2,15,8.178
ws,50,2,16,7.831
ws,50,2,17,3.274
ws,50,2,18,4.922
ws,50,2,19,4.248
ws,50,2,20,12.627
ws,50,2,21,4.828
ws,50,2,22,4.553
ws,50,2,23,4.874
ws,50,2,24,4.436
ws,50,2,25,6.439
ws,50,2,26,4.175
ws,50,2,27,4.578
ws,50,2,28,4.479
ws,50,2,29,4.619
ws,50,2,30,3.647
ws,50,2,31,3.936
ws,50,2,32,6.44
ws,50,2,33,4.303
ws,50,2,34,4.442
ws,50,2,35,4.804
ws,50,2,36,3.425
ws,50,2,37,3.509
ws,50,2,38,10.086
ws,50,2,39,3.818
ws,50,2,40,6.436
ws,50,2,41,3.681
ws,50,2,42,4.115
ws,50,2,43,4.31
ws,50,2,44,5.025
ws,50,2,45,4.587
ws,50,2,46,4.402
ws,50,2,47,3.799
ws,50,2,48,3.8
ws,50,2,49,3.976
ws,50,2,50,5.184
ws,50,2,51,4.668
ws,50,2,52,4.685
ws,50,2,53,4.624
ws,50,2,54,4.753
ws,50,2,55,4.547
ws,50,2,56,4.623
ws,50,2,57,4.433
ws,50,2,58,7.396
ws,50,2,59,4.459
ws,50,2,60,4.836
ws,50,2,61,5.273
ws,50,2,62,4.058
ws,50,2,63,3.701
ws,50,2,64,4.831
ws,50,2,65,5.778
ws,50,2,66,4.948
ws,50,2,67,4.257
ws,50,2,68,6.963
ws,50,2,69,4.451
ws,50,2,70,4.356
ws,50,2,71,5.192
ws,50,2,72,8.093
ws,50,2,73,4.804
ws,50,2,74,17.35
ws,50,2,75,4.666
ws,50,2,76,2.552
ws,50,2,77,3.136
ws,50,2,78,3.457
ws,50,2,79,2.677
ws,50,2,80,6.332
ws,50,2,81,3.641
ws,50,2,82,3.845
ws,50,2,83,4.516
ws,50,2,84,6.344
ws,50,2,85,5.296
ws,50,2,86,5.245
ws,50,2,87,3.924
ws,50,2,88,3.942
ws,50,2,89,4.642
ws,50,2,90,4.335
ws,50,2,91,4.659
ws,50,2,92,5.059
ws,50,2,93,4.883
ws,50,2,94,4.783
ws,50,2,95,4.663
ws,50,2,96,4.687
ws,50,2,97,5.232
ws,50,2,98,4.528
ws,50,2,99,4.228
ws,50,2,100,4.405
ws,50,2,101,3.859
ws,50,2,102,4.717
ws,50,2,103,4.566
ws,50,2,104,3.867
ws,50,2,105,4.085
ws,50,2,106,5.123
ws,50,2,107,4.567
ws,50,2,108,5.324
ws,50,2,109,3.959
ws,50,2,110,4.832
ws,50,2,111,4.791
ws,50,2,112,5.246
ws,50,2,113,5.217
ws,50,2,114,4.545
ws,50,2,115,4.047
ws,50,2,116,5.972
ws,50,2,117,4.612
ws,50,2,118,4.296
ws,50,2,119,5.774
ws,50,2,120,4.002
ws,50,2,121,4.815
ws,50,2,122,7.001
ws,50,2,123,5.408
ws,50,2,124,4.958
ws,50,2,125,6.682
ws,50,2,126,4.614
ws,50,2,127,4.78
ws,50,2,128,7.629
ws,50,2,129,3.978
ws,50,2,130,4.171
ws,50,2,131,4.99
ws,50,2,132,4.431
ws,50,2,133,4.818
ws,50,2,134,4.314
ws,50,2,135,27.216
ws,50,2,136,4.293
ws,50,2,137,3.191
ws,50,2,138,9.902
ws,50,2,139,4.438
ws,50,2,140,5.027
ws,50,2,141,3.964
ws,50,2,142,4.126
ws,50,2,143,5.019
ws,50,2,144,7.134
ws,50,2,145,3.788
ws,50,2,146,3.858
ws,50,2,147,4.005
ws,50,2,148,4.427
ws,50,2,149,4.62
mqtt,50,2,0,2.835
mqtt,50,2,1,3.796
mqtt,50,2,2,2.925
mqtt,50,2,3,3.985
mqtt,50,2,4,7.133
mqtt,50,2,5,3.352
mqtt,50,2,6,3.335
mqtt,50,2,7,3.228
mqtt,50,2,8,5.268
mqtt,50,2,9,4.566
mqtt,50,2,10,5.007
mqtt,50,2,11,9.583
mqtt,50,2,12,4.483
mqtt,50,2,13,5.29
mqtt,50,2,14,5.861
mqtt,50,2,15,4.821
mqtt,50,2,16,4.809
mqtt,50,2,17,5.5
mqtt,50,2,18,4.879
mqtt,50,2,19,3.985
mqtt,50,2,20,10.294
mqtt,50,2,21,4.058
mqtt,50,2,22,4.425
mqtt,50,2,23,7.107
mqtt,50,2,24,3.509
mqtt,50,2,25,3.816
mqtt,50,2,26,9.044
mqtt,50,2,27,7.161
mqtt,50,2,28,4.92
mqtt,50,2,29,4.737
mqtt,50,2,30,3.83
mqtt,50,2,31,4.044
mqtt,50,2,32,7.235
mqtt,50,2,33,4.927
mqtt,50,2,34,4.761
mqtt,50,2,35,4.982
mqtt,50,2,36,4.36
mqtt,50,2,37,5.399
mqtt,50,2,38,5.6
mqtt,50,2,39,5.323
mqtt,50,2,40,4.916
mqtt,50,2,41,9.182
mqtt,50,2,42,5.764
mqtt,50,2,43,11.719
mqtt,50,2,44,7.07
mqtt,50,2,45,4.595
mqtt,50,2,46,4.032
mqtt,50,2,47,3.848
mqtt,50,2,48,8.428
mqtt,50,2,49,5.73
mqtt,50,2,50,8.414
mqtt,50,2,51,4.241
mqtt,50,2,52,4.292
mqtt,50,2,53,4.998
mqtt,50,2,54,3.716
mqtt,50,2,55,9.91
mqtt,50,2,56,5.683
mqtt,50,2,57,3.772
mqtt,50,2,58,3.533
mqtt,50,2,59,14.102
mqtt,50,2,60,3.286
mqtt,50,2,61,3.573
mqtt,50,2,62,3.495
mqtt,50,2,63,4.217
mqtt,50,2,64,7.629
mqtt,50,2,65,4.647
mqtt,50,2,66,3.709
mqtt,50,2,67,4.941
mqtt,50,2,68,4.35
mqtt,50,2,69,5.206
mqtt,50,2,70,7.134
mqtt,50,2,71,4.903
mqtt,50,2,72,4.016
mqtt,50,2,73,5.236
mqtt,50,2,74,3.744
mqtt,50,2,75,3.514
mqtt,50,2,76,4.508
mqtt,50,2,77,5.421
mqtt,50,2,78,5.396
mqtt,50,2,79,5.092
mqtt,50,2,80,8.3
mqtt,50,2,81,6.743
mqtt,50,2,82,4.837
mqtt,50,2,83,4.318
mqtt,50,2,84,4.468
mqtt,50,2,85,4.172
mqtt,50,2,86,4.29
mqtt,50,2,87,3.957
mqtt,50,2,88,4.218
mqtt,50,2,89,4.811
mqtt,50,2,90,7.617
mqtt,50,2,91,9.072
mqtt,50,2,92,4.203
mqtt,50,2,93,4.556
mqtt,50,2,94,4.928
mqtt,50,2,95,5.245
mqtt,50,2,96,5.155
mqtt,50,2,97,4.294
mqtt,50,2,98,4.37
mqtt,50,2,99,5.871
mqtt,50,2,100,4.945
mqtt,50,2,101,4.76
mqtt,50,2,102,4.762
mqtt,50,2,103,4.414
mqtt,50,2,104,4.542
mqtt,50,2,105,4.777
mqtt,50,2,106,4.989
mqtt,50,2,107,3.802
mqtt,50,2,108,4.869
mqtt,50,2,109,11.202
mqtt,50,2,110,4.581
mqtt,50,2,111,3.757
mqtt,50,2,112,8.383
mqtt,50,2,113,4.493
mqtt,50,2,114,4.22
mqtt,50,2,115,4.829
mqtt,50,2,116,5.628
mqtt,50,2,117,4.255
mqtt,50,2,118,8.98
mqtt,50,2,119,8.641
mqtt,50,2,120,5.14
mqtt,50,2,121,3.908
mqtt,50,2,122,4.533
mqtt,50,2,123,18.417
mqtt,50,2,124,4.375
mqtt,50,2,125,4.41
mqtt,50,2,126,2.837
mqtt,50,2,127,3.261
mqtt,50,2,128,4.13
mqtt,50,2,129,4.423
mqtt,50,2,130,3.924
mqtt,50,2,131,4.225
mqtt,50,2,132,4.517
mqtt,50,2,133,3.97
mqtt,50,2,134,3.051
mqtt,50,2,135,3.702
mqtt,50,2,136,3.832
mqtt,50,2,137,11.047
mqtt,50,2,138,5.007
mqtt,50,2,139,5.011
mqtt,50,2,140,3.216
mqtt,50,2,141,3.414
mqtt,50,2,142,3.721
mqtt,50,2,143,4.215
mqtt,50,2,144,4.926
mqtt,50,2,145,4.419
mqtt,50,2,146,4.942
mqtt,50,2,147,8.726
mqtt,50,2,148,4.908
mqtt,50,2,149,6.277
ws,100,0,0,7.735
ws,100,0,1,6.821
ws,100,0,2,5.346
ws,100,0,3,5.313
ws,100,0,4,6.728
ws,100,0,5,11.342
ws,100,0,6,4.512
ws,100,0,7,5.577
ws,100,0,8,4.43
ws,100,0,9,7.969
ws,100,0,10,4.802
ws,100,0,11,5.199
ws,100,0,12,9.841
ws,100,0,13,5.627
ws,100,0,14,4.505
ws,100,0,15,3.002
ws,100,0,16,3.999
ws,100,0,17,4.505
ws,100,0,18,4.935
ws,100,0,19,9.479
ws,100,0,20,5.991
ws,100,0,21,4.728
ws,100,0,22,4.795
ws,100,0,23,5.136
ws,100,0,24,12.623
ws,100,0,25,5.06
ws,100,0,26,5.032
ws,100,0,27,4.519
ws,100,0,28,4.424
ws,100,0,29,6.3
ws,100,0,30,3.71
ws,100,0,31,5.717
ws,100,0,32,3.686
ws,100,0,33,3.059
ws,100,0,34,3.563
ws,100,0,35,2.321
ws,100,0,36,2.616
ws,100,0,37,3.242
ws,100,0,38,2.349
ws,100,0,39,15.452
ws,100,0,40,3.522
ws,100,0,41,2.465
ws,100,0,42,2.63
ws,100,0,43,2.925
ws,100,0,44,3.326
ws,100,0,45,4.385
ws,100,0,46,13.342
ws,100,0,47,3.225
ws,100,0,48,3.255
ws,100,0,49,4.344
ws,100,0,50,4.987
ws,100,0,51,5.834
ws,100,0,52,8.418
ws,100,0,53,4.402
ws,100,0,54,4.42
ws,100,0,55,6.779
ws,100,0,56,4.777
ws,100,0,57,9.007
ws,100,0,58,3.681
ws,100,0,59,3.898
ws,100,0,60,4.441
ws,100,0,61,4.722
ws,100,0,62,4.499
ws,100,0,63,5.628
ws,100,0,64,3.954
ws,100,0,65,4.284
ws,100,0,66,4.136
ws,100,0,67,4.215
ws,100,0,68,5.855
ws,100,0,69,4.364
ws,100,0,70,3.939
ws,100,0,71,6.003
ws,100,0,72,6.528
ws,100,0,73,4.958
ws,100,0,74,6.421
ws,100,0,75,5.165
ws,100,0,76,3.894
ws,100,0,77,6.849
ws,100,0,78,8.407
ws,100,0,79,5.567
ws,100,0,80,5.648
ws,100,0,81,6.191
ws,100,0,82,7.074
ws,100,0,83,4.097
ws,100,0,84,10.632
ws,100,0,85,3.829
ws,100,0,86,4.181
ws,100,0,87,4.155
ws,100,0,88,6.603
ws,100,0,89,2.942
ws,100,0,90,3.827
ws,100,0,91,5.223
ws,100,0,92,15.095
ws,100,0,93,4.218
ws,100,0,94,4.804
ws,100,0,95,4.843
ws,100,0,96,4.322
ws,100,0,97,24.296
ws,100,0,98,14.601
ws,100,0,99,7.95
ws,100,0,100,5.392
ws,100,0,101,3.195
ws,100,0,102,4.046
ws,100,0,103,2.928
ws,100,0,104,4.933
ws,100,0,105,3.963
ws,100,0,106,3.762
ws,100,0,107,5.116
ws,100,0,108,6.001
ws,100,0,109,4.173
ws,100,0,110,3.707
ws,100,0,111,2.461
ws,100,0,112,3.39
ws,100,0,113,2.689
ws,100,0,114,2.667
ws,100,0,115,3.493
ws,100,0,116,4.021
ws,100,0,117,3.578
ws,100,0,118,2.928
ws,100,0,119,2.679
ws,100,0,120,2.902
ws,100,0,121,5.193
ws,100,0,122,3.504
ws,100,0,123,2.198
ws,100,0,124,2.477
ws,100,0,125,4.207
ws,100,0,126,5.75
ws,100,0,127,3.504
ws,100,0,128,2.628
ws,100,0,129,2.464
ws,100,0,130,2.53
ws,100,0,131,3.248
ws,100,0,132,4.74
ws,100,0,133,4.894
ws,100,0,134,2.769
ws,100,0,135,3.17
ws,100,0,136,4.322
ws,100,0,137,3.995
ws,100,0,138,2.686
ws,100,0,139,3.112
ws,100,0,140,3.396
ws,100,0,141,5.552
ws,100,0,142,5.051
ws,100,0,143,3.243
ws,100,0,144,2.696
ws,100,0,145,3.679
ws,100,0,146,2.872
ws,100,0,147,2.728
ws,100,0,148,3.568
ws,100,0,149,2.956
mqtt,100,0,0,3.464
mqtt,100,0,1,3.002
mqtt,100,0,2,3.505
mqtt,100,0,3,4.985
mqtt,100,0,4,8.178
mqtt,100,0,5,3.1
mqtt,100,0,6,5.482
mqtt,100,0,7,3.661
mqtt,100,0,8,3.959
mqtt,100,0,9,3.534
mqtt,100,0,10,6.426
mqtt,100,0,11,3.555
mqtt,100,0,12,4.058
mqtt,100,0,13,7.556
mqtt,100,0,14,4.805
mqtt,100,0,15,4.11
mqtt,100,0,16,5.751
mqtt,100,0,17,5.056
mqtt,100,0,18,4.842
mqtt,100,0,19,5.021
mqtt,100,0,20,12.622
mqtt,100,0,21,7.419
mqtt,100,0,22,5.279
mqtt,100,0,23,4.853
mqtt,100,0,24,8.005
mqtt,100,0,25,4.124
mqtt,100,0,26,4.919
mqtt,100,0,27,5.44
mqtt,100,0,28,4.845
mqtt,100,0,29,6.221
mqtt,100,0,30,12.069
mqtt,100,0,31,5.198
mqtt,100,0,32,16.806
mqtt,100,0,33,8.208
mqtt,100,0,34,4.012
mqtt,100,0,35,3.794
mqtt,100,0,36,4.951
mqtt,100,0,37,4.857
mqtt,100,0,38,15.99
mqtt,100,0,39,6.091
mqtt,100,0,40,4.62
mqtt,100,0,41,5.023
mqtt,100,0,42,9.813
mqtt,100,0,43,4.637
mqtt,100,0,44,4.207
mqtt,100,0,45,22.592
mqtt,100,0,46,5.039
mqtt,100,0,47,6.184
mqtt,100,0,48,4.707
mqtt,100,0,49,4.153
mqtt,100,0,50,5.628
mqtt,100,0,51,4.132
mqtt,100,0,52,4.512
mqtt,100,0,53,4.723
mqtt,100,0,54,5.118
mqtt,100,0,55,5.856
mqtt,100,0,56,7.035
mqtt,100,0,57,12.89
mqtt,100,0,58,6.451
mqtt,100,0,59,5.119
mqtt,100,0,60,5.207
mqtt,100,0,61,6.089
mqtt,100,0,62,6.024
mqtt,100,0,63,6.938
mqtt,100,0,64,6.148
mqtt,100,0,65,6.124
mqtt,100,0,66,7.446
mqtt,100,0,67,6.217
mqtt,100,0,68,6.046
mqtt,100,0,69,15.094
mqtt,100,0,70,7.541
mqtt,100,0,71,3.618
mqtt,100,0,72,4.937
mqtt,100,0,73,11.701
mqtt,100,0,74,5.416
mqtt,100,0,75,10.71
mqtt,100,0,76,3.4
mqtt,100,0,77,5.138
mqtt,100,0,78,8.985
mqtt,100,0,79,4.191
mqtt,100,0,80,6.462
mqtt,100,0,81,3.884
mqtt,100,0,82,4.097
mqtt,100,0,83,3.636
mqtt,100,0,84,21.289
mqtt,100,0,85,3.995
mqtt,100,0,86,2.877
mqtt,100,0,87,3.971
mqtt,100,0,88,4.408
mqtt,100,0,89,3.461
mqtt,100,0,90,4.024
mqtt,100,0,91,3.798
mqtt,100,0,92,9.305
mqtt,100,0,93,4.943
mqtt,100,0,94,3.53
mqtt,100,0,95,11.364
mqtt,100,0,96,5.257
mqtt,100,0,97,4.06
mqtt,100,0,98,3.934
mqtt,100,0,99,2.886
mqtt,100,0,100,3.811
mqtt,100,0,101,5.193
mqtt,100,0,102,6.201
mqtt,100,0,103,3.245
mqtt,100,0,104,4.364
mqtt,100,0,105,3.549
mqtt,100,0,106,3.463
mqtt,100,0,107,3.24
mqtt,100,0,108,3.778
mqtt,100,0,109,7.398
mqtt,100,0,110,3.705
mqtt,100,0,111,4.102
mqtt,100,0,112,4.718
mqtt,100,0,113,6.384
mqtt,100,0,114,3.98
mqtt,100,0,115,3.714
mqtt,100,0,116,9.635
mqtt,100,0,117,11.089
mqtt,100,0,118,3.703
mqtt,100,0,119,4.425
mqtt,100,0,120,4.383
mqtt,100,0,121,5.264
mqtt,100,0,122,5.208
mqtt,100,0,123,4.75
mqtt,100,0,124,6.944
mqtt,100,0,125,4.202
mqtt,100,0,126,4.432
mqtt,100,0,127,4.597
mqtt,100,0,128,4.639
mqtt,100,0,129,4.556
mqtt,100,0,130,4.712
mqtt,100,0,131,9.354
mqtt,100,0,132,12.813
mqtt,100,0,133,4.076
mqtt,100,0,134,4.47
mqtt,100,0,135,5.225
mqtt,100,0,136,4.747
mqtt,100,0,137,4.755
mqtt,100,0,138,4.032
mqtt,100,0,139,24.564
mqtt,100,0,140,10.293
mqtt,100,0,141,4.14
mqtt,100,0,142,4.307
mqtt,100,0,143,4.542
mqtt,100,0,144,5.132
mqtt,100,0,145,5.909
mqtt,100,0,146,4.478
mqtt,100,0,147,4.963
mqtt,100,0,148,4.486
mqtt,100,0,149,4.464
mqtt,100,1,0,3.065
mqtt,100,1,1,3.126
mqtt,100,1,2,3.299
mqtt,100,1,3,2.78
mqtt,100,1,4,6.565
mqtt,100,1,5,4.139
mqtt,100,1,6,3.22
mqtt,100,1,7,3.217
mqtt,100,1,8,5.518
mqtt,100,1,9,3.13
mqtt,100,1,10,3.264
mqtt,100,1,11,3.667
mqtt,100,1,12,8.342
mqtt,100,1,13,3.827
mqtt,100,1,14,3.979
mqtt,100,1,15,3.862
mqtt,100,1,16,3.743
mqtt,100,1,17,3.965
mqtt,100,1,18,2.875
mqtt,100,1,19,4.07
mqtt,100,1,20,3.384
mqtt,100,1,21,4.877
mqtt,100,1,22,3.202
mqtt,100,1,23,3.366
mqtt,100,1,24,4.205
mqtt,100,1,25,3.243
mqtt,100,1,26,2.806
mqtt,100,1,27,3.451
mqtt,100,1,28,6.25
mqtt,100,1,29,6.546
mqtt,100,1,30,3.236
mqtt,100,1,31,14.461
mqtt,100,1,32,4.409
mqtt,100,1,33,3.192
mqtt,100,1,34,3.66
mqtt,100,1,35,3.099
mqtt,100,1,36,3.043
mqtt,100,1,37,4.875
mqtt,100,1,38,3.797
mqtt,100,1,39,3.097
mqtt,100,1,40,3.701
mqtt,100,1,41,4.78
mqtt,100,1,42,2.777
mqtt,100,1,43,2.835
mqtt,100,1,44,2.82
mqtt,100,1,45,2.645
mqtt,100,1,46,3.833
mqtt,100,1,47,3.303
mqtt,100,1,48,3.753
mqtt,100,1,49,3.213
mqtt,100,1,50,3.264
mqtt,100,1,51,14.78
mqtt,100,1,52,3.655
mqtt,100,1,53,2.59
mqtt,100,1,54,3.215
mqtt,100,1,55,3.223
mqtt,100,1,56,3.566
mqtt,100,1,57,8.51
mqtt,100,1,58,2.712
mqtt,100,1,59,2.698
mqtt,100,1,60,6.023
mqtt,100,1,61,4.702
mqtt,100,1,62,4.107
mqtt,100,1,63,3.583
mqtt,100,1,64,3.351
mqtt,100,1,65,3.874
mqtt,100,1,66,3.121
mqtt,100,1,67,3.46
mqtt,100,1,68,6.549
mqtt,100,1,69,3.786
mqtt,100,1,70,3.64
mqtt,100,1,71,3.274
mqtt,100,1,72,3.622
mqtt,100,1,73,3.673
mqtt,100,1,74,2.782
mqtt,100,1,75,3.462
mqtt,100,1,76,9.452
mqtt,100,1,77,6.473
mqtt,100,1,78,3.49
mqtt,100,1,79,2.963
mqtt,100,1,80,3.045
mqtt,100,1,81,3.922
mqtt,100,1,82,2.965
mqtt,100,1,83,7.409
mqtt,100,1,84,2.893
mqtt,100,1,85,3.881
mqtt,100,1,86,2.662
mqtt,100,1,87,2.994
mqtt,100,1,88,3.482
mqtt,100,1,89,2.515
mqtt,100,1,90,11.851
mqtt,100,1,91,4.332
mqtt,100,1,92,2.951
mqtt,100,1,93,3.214
mqtt,100,1,94,6.323
mqtt,100,1,95,4.241
mqtt,100,1,96,3.33
mqtt,100,1,97,2.968
mqtt,100,1,98,4.647
mqtt,100,1,99,4.512
mqtt,100,1,100,5.123
mqtt,100,1,101,4.406
mqtt,100,1,102,6.392
mqtt,100,1,103,4.273
mqtt,100,1,104,6.942
mqtt,100,1,105,3.788
mqtt,100,1,106,5.977
mqtt,100,1,107,5.951
mqtt,100,1,108,6.09
mqtt,100,1,109,4.655
mqtt,100,1,110,4.945
mqtt,100,1,111,5.077
mqtt,100,1,112,4.883
mqtt,100,1,113,3.848
mqtt,100,1,114,4.334
mqtt,100,1,115,3.672
mqtt,100,1,116,3.312
mqtt,100,1,117,4.866
mqtt,100,1,118,6.622
mqtt,100,1,119,4.761
mqtt,100,1,120,10.796
mqtt,100,1,121,4.889
mqtt,100,1,122,3.975
mqtt,100,1,123,3.822
mqtt,100,1,124,4.341
mqtt,100,1,125,9.413
mqtt,100,1,126,3.542
mqtt,100,1,127,3.731
mqtt,100,1,128,3.619
mqtt,100,1,129,3.912
mqtt,100,1,130,4.676
mqtt,100,1,131,3.952
mqtt,100,1,132,10.357
mqtt,100,1,133,3.923
mqtt,100,1,134,3.81
mqtt,100,1,135,4.09
mqtt,100,1,136,3.92
mqtt,100,1,137,3.593
mqtt,100,1,138,4.904
mqtt,100,1,139,3.918
mqtt,100,1,140,3.704
mqtt,100,1,141,3.415
mqtt,100,1,142,3.753
mqtt,100,1,143,10.217
mqtt,100,1,144,4.364
mqtt,100,1,145,3.988
mqtt,100,1,146,6.777
mqtt,100,1,147,4.674
mqtt,100,1,148,24.425
mqtt,100,1,149,6.329
ws,100,1,0,3.392
ws,100,1,1,4.404
ws,100,1,2,4.843
ws,100,1,3,3.16
ws,100,1,4,3.783
ws,100,1,5,4.934
ws,100,1,6,7.57
ws,100,1,7,3.784
ws,100,1,8,3.546
ws,100,1,9,11.369
ws,100,1,10,3.693
ws,100,1,11,19.462
ws,100,1,12,7.981
ws,100,1,13,3.587
ws,100,1,14,3.962
ws,100,1,15,3.769
ws,100,1,16,3.723
ws,100,1,17,4.454
ws,100,1,18,11.531
ws,100,1,19,8.938
ws,100,1,20,6.021
ws,100,1,21,3.792
ws,100,1,22,4.603
ws,100,1,23,7.565
ws,100,1,24,4.591
ws,100,1,25,5.839
ws,100,1,26,5.155
ws,100,1,27,5.234
ws,100,1,28,5.507
ws,100,1,29,6.593
ws,100,1,30,5.857
ws,100,1,31,12.696
ws,100,1,32,4.964
ws,100,1,33,2.71
ws,100,1,34,2.944
ws,100,1,35,3.45
ws,100,1,36,2.996
ws,100,1,37,7.814
ws,100,1,38,7.202
ws,100,1,39,5.466
ws,100,1,40,5.392
ws,100,1,41,5.798
ws,100,1,42,5.962
ws,100,1,43,3.231
ws,100,1,44,3.713
ws,100,1,45,5.388
ws,100,1,46,5.03
ws,100,1,47,5.33
ws,100,1,48,7.085
ws,100,1,49,7.823
ws,100,1,50,3.726
ws,100,1,51,3.503
ws,100,1,52,3.463
ws,100,1,53,3.76
ws,100,1,54,3.385
ws,100,1,55,6.214
ws,100,1,56,3.429
ws,100,1,57,3.883
ws,100,1,58,4.118
ws,100,1,59,5.114
ws,100,1,60,3.46
ws,100,1,61,3.372
ws,100,1,62,2.919
ws,100,1,63,5.173
ws,100,1,64,3.032
ws,100,1,65,3.766
ws,100,1,66,4.529
ws,100,1,67,21.624
ws,100,1,68,12.35
ws,100,1,69,7.663
ws,100,1,70,3.389
ws,100,1,71,3.565
ws,100,1,72,6.185
ws,100,1,73,3.03
ws,100,1,74,3.106
ws,100,1,75,3.391
ws,100,1,76,2.607
ws,100,1,77,4.063
ws,100,1,78,3.01
ws,100,1,79,3.568
ws,100,1,80,3.783
ws,100,1,81,4.955
ws,100,1,82,4.195
ws,100,1,83,3.572
ws,100,1,84,2.609
ws,100,1,85,2.823
ws,100,1,86,5.356
ws,100,1,87,2.72
ws,100,1,88,3.435
ws,100,1,89,3.571
ws,100,1,90,6.405
ws,100,1,91,5.132
ws,100,1,92,3.371
ws,100,1,93,3.596
ws,100,1,94,5.43
ws,100,1,95,8.747
ws,100,1,96,2.363
ws,100,1,97,3.362
ws,100,1,98,3.83
ws,100,1,99,2.955
ws,100,1,100,2.94
ws,100,1,101,2.738
ws,100,1,102,3.152
ws,100,1,103,5.164
ws,100,1,104,3.388
ws,100,1,105,3.407
ws,100,1,106,3.334
ws,100,1,107,9.617
ws,100,1,108,4.523
ws,100,1,109,3.346
ws,100,1,110,4.371
ws,100,1,111,3.03
ws,100,1,112,3.476
ws,100,1,113,3.692
ws,100,1,114,3.812
ws,100,1,115,6.674
ws,100,1,116,2.988
ws,100,1,117,3.855
ws,100,1,118,6.563
ws,100,1,119,3.911
ws,100,1,120,3.541
ws,100,1,121,3.97
ws,100,1,122,4.511
ws,100,1,123,4.121
ws,100,1,124,4.487
ws,100,1,125,4.951
ws,100,1,126,23.353
ws,100,1,127,5.597
ws,100,1,128,5.807
ws,100,1,129,3.554
ws,100,1,130,4.795
ws,100,1,131,5.992
ws,100,1,132,4.935
ws,100,1,133,3.935
ws,100,1,134,4.695
ws,100,1,135,10.163
ws,100,1,136,7.306
ws,100,1,137,5.025
ws,100,1,138,5.284
ws,100,1,139,7.005
ws,100,1,140,8.71
ws,100,1,141,4.509
ws,100,1,142,5.341
ws,100,1,143,4.315
ws,100,1,144,5.337
ws,100,1,145,6.47
ws,100,1,146,4.738
ws,100,1,147,4.585
ws,100,1,148,7.205
ws,100,1,149,4.402
ws,100,2,0,10.255
ws,100,2,1,7.377
ws,100,2,2,5.307
ws,100,2,3,4.704
ws,100,2,4,7.164
ws,100,2,5,12.623
ws,100,2,6,5.705
ws,100,2,7,4.961
ws,100,2,8,5.777
ws,100,2,9,15.951
ws,100,2,10,17.696
ws,100,2,11,6.69
ws,100,2,12,9.482
ws,100,2,13,24.241
ws,100,2,14,10.774
ws,100,2,15,5.747
ws,100,2,16,6.856
ws,100,2,17,7.184
ws,100,2,18,8.321
ws,100,2,19,5.535
ws,100,2,20,3.793
ws,100,2,21,35.567
ws,100,2,22,15.568
ws,100,2,23,18.863
ws,100,2,24,5.422
ws,100,2,25,12.442
ws,100,2,26,8.844
ws,100,2,27,4.992
ws,100,2,28,5.109
ws,100,2,29,5.383
ws,100,2,30,16.526
ws,100,2,31,9.172
ws,100,2,32,6.018
ws,100,2,33,8.938
ws,100,2,34,6.203
ws,100,2,35,5.403
ws,100,2,36,3.051
ws,100,2,37,4.809
ws,100,2,38,11.574
ws,100,2,39,5.779
ws,100,2,40,5.888
ws,100,2,41,3.642
ws,100,2,42,14.249
ws,100,2,43,18.081
ws,100,2,44,4.696
ws,100,2,45,5.114
ws,100,2,46,5.69
ws,100,2,47,7.919
ws,100,2,48,7.1
ws,100,2,49,4.225
ws,100,2,50,6.03
ws,100,2,51,6.359
ws,100,2,52,12.544
ws,100,2,53,10.761
ws,100,2,54,5.811
ws,100,2,55,7.615
ws,100,2,56,8.967
ws,100,2,57,8.859
ws,100,2,58,5.815
ws,100,2,59,7.411
ws,100,2,60,8.816
ws,100,2,61,5.953
ws,100,2,62,5.709
ws,100,2,63,4.759
ws,100,2,64,11.133
ws,100,2,65,7.492
ws,100,2,66,6.707
ws,100,2,67,5.671
ws,100,2,68,5.172
ws,100,2,69,10.152
ws,100,2,70,33.207
ws,100,2,71,5.598
ws,100,2,72,4.676
ws,100,2,73,4.851
ws,100,2,74,9.314
ws,100,2,75,11.185
ws,100,2,76,6.368
ws,100,2,77,4.119
ws,100,2,78,4.283
ws,100,2,79,4.077
ws,100,2,80,10.556
ws,100,2,81,8.037
ws,100,2,82,7.381
ws,100,2,83,4.553
ws,100,2,84,11.776
ws,100,2,85,4.66
ws,100,2,86,10.731
ws,100,2,87,4.13
ws,100,2,88,3.379
ws,100,2,89,5.938
ws,100,2,90,5.53
ws,100,2,91,4.343
ws,100,2,92,5.223
ws,100,2,93,4.251
ws,100,2,94,4.744
ws,100,2,95,14.062
ws,100,2,96,8.342
ws,100,2,97,10.928
ws,100,2,98,3.936
ws,100,2,99,7.701
ws,100,2,100,10.329
ws,100,2,101,3.677
ws,100,2,102,4.208
ws,100,2,103,3.71
ws,100,2,104,5.567
ws,100,2,105,12.682
ws,100,2,106,6.325
ws,100,2,107,4.459
ws,100,2,108,4.06
ws,100,2,109,5.59
ws,100,2,110,9.827
ws,100,2,111,4.206
ws,100,2,112,3.304
ws,100,2,113,5.95
ws,100,2,114,3.187
ws,100,2,115,3.255
ws,100,2,116,6.049
ws,100,2,117,3.525
ws,100,2,118,4.093
ws,100,2,119,4.061
ws,100,2,120,4.845
ws,100,2,121,3.171
ws,100,2,122,4.682
ws,100,2,123,3.492
ws,100,2,124,4.305
ws,100,2,125,4.709
ws,100,2,126,3.529
ws,100,2,127,41.606
ws,100,2,128,5.32
ws,100,2,129,4.043
ws,100,2,130,5.878
ws,100,2,131,4.551
ws,100,2,132,4.172
ws,100,2,133,11.673
ws,100,2,134,3.087
ws,100,2,135,3.901
ws,100,2,136,5.059
ws,100,2,137,4.514
ws,100,2,138,8.706
ws,100,2,139,13.271
ws,100,2,140,5.113
ws,100,2,141,5.458
ws,100,2,142,4.249
ws,100,2,143,5.198
ws,100,2,144,5.203
ws,100,2,145,3.998
ws,100,2,146,26.19
ws,100,2,147,10.8
ws,100,2,148,6.018
ws,100,2,149,7.676
mqtt,100,2,0,20.24
mqtt,100,2,1,10.428
mqtt,100,2,2,6.734
mqtt,100,2,3,5.729
mqtt,100,2,4,5.495
mqtt,100,2,5,9.566
mqtt,100,2,6,16.816
mqtt,100,2,7,27.049
mqtt,100,2,8,25.668
mqtt,100,2,9,12.44
mqtt,100,2,10,9.346
mqtt,100,2,11,6.104
mqtt,100,2,12,7.167
mqtt,100,2,13,6.735
mqtt,100,2,14,6.06
mqtt,100,2,15,22.733
mqtt,100,2,16,22.708
mqtt,100,2,17,6.673
mqtt,100,2,18,6.828
mqtt,100,2,19,7.931
mqtt,100,2,20,5.46
mqtt,100,2,21,14.956
mqtt,100,2,22,7.656
mqtt,100,2,23,7.398
mqtt,100,2,24,7.104
mqtt,100,2,25,6.132
mqtt,100,2,26,6.657
mqtt,100,2,27,20.518
mqtt,100,2,28,7.361
mqtt,100,2,29,12.59
mqtt,100,2,30,7.215
mqtt,100,2,31,8.115
mqtt,100,2,32,6.288
mqtt,100,2,33,25.438
mqtt,100,2,34,27.754
mqtt,100,2,35,9.089
mqtt,100,2,36,6.751
mqtt,100,2,37,23.554
mqtt,100,2,38,7.997
mqtt,100,2,39,7.322
mqtt,100,2,40,7.514
mqtt,100,2,41,7.708
mqtt,100,2,42,22.432
mqtt,100,2,43,14.399
mqtt,100,2,44,9.121
mqtt,100,2,45,9.059
mqtt,100,2,46,7.647
mqtt,100,2,47,6.457
mqtt,100,2,48,6.154
mqtt,100,2,49,10.376
mqtt,100,2,50,19.728
mqtt,100,2,51,30.8
mqtt,100,2,52,5.628
mqtt,100,2,53,6.983
mqtt,100,2,54,6.607
mqtt,100,2,55,19.076
mqtt,100,2,56,21.191
mqtt,100,2,57,10.397
mqtt,100,2,58,7.701
mqtt,100,2,59,13.749
mqtt,100,2,60,15.174
mqtt,100,2,61,10.701
mqtt,100,2,62,6.77
mqtt,100,2,63,7.241
mqtt,100,2,64,6.74
mqtt,100,2,65,6.256
mqtt,100,2,66,13.667
mqtt,100,2,67,14.266
mqtt,100,2,68,16.7
mqtt,100,2,69,8.536
mqtt,100,2,70,6.919
mqtt,100,2,71,5.59
mqtt,100,2,72,14.906
mqtt,100,2,73,6.319
mqtt,100,2,74,7.024
mqtt,100,2,75,9.704
mqtt,100,2,76,7.023
mqtt,100,2,77,5.691
mqtt,100,2,78,6.977
mqtt,100,2,79,6.44
mqtt,100,2,80,7.912
mqtt,100,2,81,5.778
mqtt,100,2,82,16.707
mqtt,100,2,83,6.645
mqtt,100,2,84,6.686
mqtt,100,2,85,11.523
mqtt,100,2,86,7.785
mqtt,100,2,87,14.961
mqtt,100,2,88,6.659
mqtt,100,2,89,7.358
mqtt,100,2,90,10.442
mqtt,100,2,91,13.226
mqtt,100,2,92,12.127
mqtt,100,2,93,11.586
mqtt,100,2,94,7.027
mqtt,100,2,95,8.085
mqtt,100,2,96,15.591
mqtt,100,2,97,15.57
mqtt,100,2,98,6.833
mqtt,100,2,99,6.966
mqtt,100,2,100,6.871
mqtt,100,2,101,62.53
mqtt,100,2,102,7.251
mqtt,100,2,103,6.878
mqtt,100,2,104,6.749
mqtt,100,2,105,32.741
mqtt,100,2,106,6.185
mqtt,100,2,107,7.504
mqtt,100,2,108,6.983
mqtt,100,2,109,7.179
mqtt,100,2,110,9.79
mqtt,100,2,111,15.651
mqtt,100,2,112,5.61
mqtt,100,2,113,7.114
mqtt,100,2,114,7.374
mqtt,100,2,115,5.865
mqtt,100,2,116,20.473
mqtt,100,2,117,5.719
mqtt,100,2,118,7.538
mqtt,100,2,119,13.214
mqtt,100,2,120,8.108
mqtt,100,2,121,6.118
mqtt,100,2,122,5.915
mqtt,100,2,123,27.616
mqtt,100,2,124,23.809
mqtt,100,2,125,6.806
mqtt,100,2,126,5.81
mqtt,100,2,127,24.09
mqtt,100,2,128,8.516
mqtt,100,2,129,7.581
mqtt,100,2,130,5.338
mqtt,100,2,131,6.869
mqtt,100,2,132,9.397
mqtt,100,2,133,5.812
mqtt,100,2,134,30.872
mqtt,100,2,135,8.813
mqtt,100,2,136,12.118
mqtt,100,2,137,7.699
mqtt,100,2,138,8.193
mqtt,100,2,139,12.927
mqtt,100,2,140,17.427
mqtt,100,2,141,7.308
mqtt,100,2,142,7.45
mqtt,100,2,143,31.055
mqtt,100,2,144,19.383
mqtt,100,2,145,20.29
mqtt,100,2,146,7.374
mqtt,100,2,147,11.111
mqtt,100,2,148,14.589
mqtt,100,2,149,9.437
ws,200,0,0,11.389
ws,200,0,1,12.11
ws,200,0,2,27.406
ws,200,0,3,20.672
ws,200,0,4,16.382
ws,200,0,5,9.247
ws,200,0,6,5.242
ws,200,0,7,12.081
ws,200,0,8,12.287
ws,200,0,9,4.823
ws,200,0,10,14.58
ws,200,0,11,9.206
ws,200,0,12,4.362
ws,200,0,13,5.286
ws,200,0,14,11.949
ws,200,0,15,6.722
ws,200,0,16,10.567
ws,200,0,17,18.247
ws,200,0,18,7.399
ws,200,0,19,4.361
ws,200,0,20,14.882
ws,200,0,21,19.422
ws,200,0,22,8.316
ws,200,0,23,5.87
ws,200,0,24,71.182
ws,200,0,25,11.892
ws,200,0,26,5.381
ws,200,0,27,4.118
ws,200,0,28,10.567
ws,200,0,29,4.246
ws,200,0,30,4.322
ws,200,0,31,4.341
ws,200,0,32,5.142
ws,200,0,33,6.836
ws,200,0,34,17.279
ws,200,0,35,4.232
ws,200,0,36,5.067
ws,200,0,37,33.125
ws,200,0,38,4.906
ws,200,0,39,5.275
ws,200,0,40,4.807
ws,200,0,41,29.861
ws,200,0,42,13.132
ws,200,0,43,6.758
ws,200,0,44,5.566
ws,200,0,45,5.398
ws,200,0,46,19.748
ws,200,0,47,7.125
ws,200,0,48,4.616
ws,200,0,49,12.007
ws,200,0,50,4.423
ws,200,0,51,6.811
ws,200,0,52,5.2
ws,200,0,53,4.953
ws,200,0,54,25.625
ws,200,0,55,13.475
ws,200,0,56,5.505
ws,200,0,57,10
ws,200,0,58,9.916
ws,200,0,59,39.061
ws,200,0,60,38.941
ws,200,0,61,24.997
ws,200,0,62,5.212
ws,200,0,63,6.029
ws,200,0,64,5.063
ws,200,0,65,5.319
ws,200,0,66,6.139
ws,200,0,67,6.545
ws,200,0,68,41.219
ws,200,0,69,11.335
ws,200,0,70,5.143
ws,200,0,71,4.941
ws,200,0,72,5.019
ws,200,0,73,5.128
ws,200,0,74,4.627
ws,200,0,75,12.904
ws,200,0,76,4.806
ws,200,0,77,5.742
ws,200,0,78,5.165
ws,200,0,79,11.839
ws,200,0,80,14.03
ws,200,0,81,21.677
ws,200,0,82,21.063
ws,200,0,83,10.019
ws,200,0,84,5.12
ws,200,0,85,4.304
ws,200,0,86,4.993
ws,200,0,87,17.829
ws,200,0,88,31.921
ws,200,0,89,71.592
ws,200,0,90,33.166
ws,200,0,91,19.217
ws,200,0,92,5.053
ws,200,0,93,5.404
ws,200,0,94,4.859
ws,200,0,95,24.662
ws,200,0,96,6.452
ws,200,0,97,3.903
ws,200,0,98,4.564
ws,200,0,99,4.152
ws,200,0,100,23.403
ws,200,0,101,13.119
ws,200,0,102,4.481
ws,200,0,103,6.304
ws,200,0,104,22.019
ws,200,0,105,12.549
ws,200,0,106,4.407
ws,200,0,107,4.839
ws,200,0,108,4.485
ws,200,0,109,19.606
ws,200,0,110,5.952
ws,200,0,111,6.267
ws,200,0,112,4.754
ws,200,0,113,5.643
ws,200,0,114,5.212
ws,200,0,115,10.394
ws,200,0,116,5.357
ws,200,0,117,4.405
ws,200,0,118,5.337
ws,200,0,119,4.244
ws,200,0,120,22.684
ws,200,0,121,53.559
ws,200,0,122,31.343
ws,200,0,123,11.357
ws,200,0,124,6.175
ws,200,0,125,4.674
ws,200,0,126,5.425
ws,200,0,127,18.303
ws,200,0,128,15.077
ws,200,0,129,10.46
ws,200,0,130,5.777
ws,200,0,131,5.423
ws,200,0,132,5.87
ws,200,0,133,4.282
ws,200,0,134,36.06
ws,200,0,135,8.846
ws,200,0,136,9.541
ws,200,0,137,4.382
ws,200,0,138,4.667
ws,200,0,139,5.3
ws,200,0,140,4.322
ws,200,0,141,5.636
ws,200,0,142,18.616
ws,200,0,143,6.395
ws,200,0,144,4.708
ws,200,0,145,28.811
ws,200,0,146,14.194
ws,200,0,147,5.07
ws,200,0,148,4.598
ws,200,0,149,3.981
mqtt,200,0,0,3.93
mqtt,200,0,1,4.152
mqtt,200,0,2,4.082
mqtt,200,0,3,14.415
mqtt,200,0,4,42.913
mqtt,200,0,5,8.145
mqtt,200,0,6,4.686
mqtt,200,0,7,3.556
mqtt,200,0,8,4.168
mqtt,200,0,9,3.661
mqtt,200,0,10,4.754
mqtt,200,0,11,16.53
mqtt,200,0,12,10.484
mqtt,200,0,13,4.273
mqtt,200,0,14,4.909
mqtt,200,0,15,4.561
mqtt,200,0,16,4.565
mqtt,200,0,17,25.752
mqtt,200,0,18,8.213
mqtt,200,0,19,5.852
mqtt,200,0,20,10.421
mqtt,200,0,21,4.513
mqtt,200,0,22,5.541
mqtt,200,0,23,4.901
mqtt,200,0,24,11.29
mqtt,200,0,25,13.617
mqtt,200,0,26,5.192
mqtt,200,0,27,4.19
mqtt,200,0,28,4.844
mqtt,200,0,29,5.328
mqtt,200,0,30,4.183
mqtt,200,0,31,4.05
mqtt,200,0,32,10.639
mqtt,200,0,33,4.16
mqtt,200,0,34,3.989
mqtt,200,0,35,4.382
mqtt,200,0,36,5.193
mqtt,200,0,37,4.129
mqtt,200,0,38,5.088
mqtt,200,0,39,4.664
mqtt,200,0,40,20.857
mqtt,200,0,41,6.29
mqtt,200,0,42,4.196
mqtt,200,0,43,4.856
mqtt,200,0,44,5.719
mqtt,200,0,45,4.858
mqtt,200,0,46,4.217
mqtt,200,0,47,29.154
mqtt,200,0,48,19.738
mqtt,200,0,49,17.229
mqtt,200,0,50,3.315
mqtt,200,0,51,4.248
mqtt,200,0,52,4.633
mqtt,200,0,53,13.045
mqtt,200,0,54,11.903
mqtt,200,0,55,4.279
mqtt,200,0,56,17
mqtt,200,0,57,30.152
mqtt,200,0,58,11.515
mqtt,200,0,59,4.193
mqtt,200,0,60,4.872
mqtt,200,0,61,4.767
mqtt,200,0,62,4.525
mqtt,200,0,63,3.771
mqtt,200,0,64,11.613
mqtt,200,0,65,33.13
mqtt,200,0,66,5.592
mqtt,200,0,67,5.343
mqtt,200,0,68,5.603
mqtt,200,0,69,5.016
mqtt,200,0,70,4.762
mqtt,200,0,71,4.826
mqtt,200,0,72,5.037
mqtt,200,0,73,49.747
mqtt,200,0,74,4.638
mqtt,200,0,75,22.219
mqtt,200,0,76,4.002
mqtt,200,0,77,4.471
mqtt,200,0,78,18.417
mqtt,200,0,79,19.463
mqtt,200,0,80,4.37
mqtt,200,0,81,5.72
mqtt,200,0,82,9.203
mqtt,200,0,83,11.124
mqtt,200,0,84,4.943
mqtt,200,0,85,4.941
mqtt,200,0,86,5.257
mqtt,200,0,87,14.175
mqtt,200,0,88,32.559
mqtt,200,0,89,6.453
mqtt,200,0,90,5.026
mqtt,200,0,91,4.798
mqtt,200,0,92,5.088
mqtt,200,0,93,4.656
mqtt,200,0,94,5.152
mqtt,200,0,95,12.773
mqtt,200,0,96,19.613
mqtt,200,0,97,4.901
mqtt,200,0,98,4.945
mqtt,200,0,99,5.197
mqtt,200,0,100,12.098
mqtt,200,0,101,22.374
mqtt,200,0,102,5.076
mqtt,200,0,103,4.412
mqtt,200,0,104,4.639
mqtt,200,0,105,5.295
mqtt,200,0,106,5.838
mqtt,200,0,107,4.57
mqtt,200,0,108,5.309
mqtt,200,0,109,4.574
mqtt,200,0,110,4.435
mqtt,200,0,111,8.454
mqtt,200,0,112,5.24
mqtt,200,0,113,13.662
mqtt,200,0,114,20.795
mqtt,200,0,115,36.569
mqtt,200,0,116,4.763
mqtt,200,0,117,3.672
mqtt,200,0,118,4.147
mqtt,200,0,119,5.679
mqtt,200,0,120,4.779
mqtt,200,0,121,4.831
mqtt,200,0,122,24.726
mqtt,200,0,123,4.89
mqtt,200,0,124,5.274
mqtt,200,0,125,38.487
mqtt,200,0,126,13.501
mqtt,200,0,127,5.108
mqtt,200,0,128,4.591
mqtt,200,0,129,5.2
mqtt,200,0,130,3.675
mqtt,200,0,131,4.861
mqtt,200,0,132,4.254
mqtt,200,0,133,21.772
mqtt,200,0,134,6.946
mqtt,200,0,135,5.301
mqtt,200,0,136,8.683
mqtt,200,0,137,11.198
mqtt,200,0,138,5.848
mqtt,200,0,139,6.343
mqtt,200,0,140,6.533
mqtt,200,0,141,7.049
mqtt,200,0,142,6.161
mqtt,200,0,143,24.646
mqtt,200,0,144,7.01
mqtt,200,0,145,5.292
mqtt,200,0,146,5.273
mqtt,200,0,147,7.472
mqtt,200,0,148,16.093
mqtt,200,0,149,5.848
mqtt,200,1,0,124.312
mqtt,200,1,1,41.416
mqtt,200,1,2,9.491
mqtt,200,1,3,6.719
mqtt,200,1,4,13.129
mqtt,200,1,5,6.014
mqtt,200,1,6,19.414
mqtt,200,1,7,7.74
mqtt,200,1,8,11.036
mqtt,200,1,9,41.426
mqtt,200,1,10,28.022
mqtt,200,1,11,6.905
mqtt,200,1,12,7.971
mqtt,200,1,13,52.404
mqtt,200,1,14,24.402
mqtt,200,1,15,7.356
mqtt,200,1,16,6.322
mqtt,200,1,17,26.77
mqtt,200,1,18,7.629
mqtt,200,1,19,7.788
mqtt,200,1,20,7.723
mqtt,200,1,21,24.831
mqtt,200,1,22,9.217
mqtt,200,1,23,7.239
mqtt,200,1,24,8.213
mqtt,200,1,25,7.731
mqtt,200,1,26,94.746
mqtt,200,1,27,75.638
mqtt,200,1,28,85.072
mqtt,200,1,29,34.533
mqtt,200,1,30,36.939
mqtt,200,1,31,9.182
mqtt,200,1,32,7.974
mqtt,200,1,33,23.452
mqtt,200,1,34,26.265
mqtt,200,1,35,6.046
mqtt,200,1,36,5.924
mqtt,200,1,37,11.723
mqtt,200,1,38,6.15
mqtt,200,1,39,8.422
mqtt,200,1,40,6.501
mqtt,200,1,41,13.533
mqtt,200,1,42,7.185
mqtt,200,1,43,7.712
mqtt,200,1,44,49.622
mqtt,200,1,45,62.303
mqtt,200,1,46,46.274
mqtt,200,1,47,13.837
mqtt,200,1,48,5.924
mqtt,200,1,49,5.817
mqtt,200,1,50,5.955
mqtt,200,1,51,6.098
mqtt,200,1,52,5.642
mqtt,200,1,53,6.717
mqtt,200,1,54,22.126
mqtt,200,1,55,11.913
mqtt,200,1,56,6.556
mqtt,200,1,57,6.625
mqtt,200,1,58,93.329
mqtt,200,1,59,72.859
mqtt,200,1,60,6.452
mqtt,200,1,61,7.035
mqtt,200,1,62,5.412
mqtt,200,1,63,22.163
mqtt,200,1,64,7.851
mqtt,200,1,65,16.069
mqtt,200,1,66,70.615
mqtt,200,1,67,51.881
mqtt,200,1,68,74.506
mqtt,200,1,69,31.603
mqtt,200,1,70,5.532
mqtt,200,1,71,5.09
mqtt,200,1,72,6.458
mqtt,200,1,73,24.558
mqtt,200,1,74,47.289
mqtt,200,1,75,24.948
mqtt,200,1,76,24.256
mqtt,200,1,77,10.419
mqtt,200,1,78,9.607
mqtt,200,1,79,7.388
mqtt,200,1,80,6.692
mqtt,200,1,81,10.29
mqtt,200,1,82,43.365
mqtt,200,1,83,6.491
mqtt,200,1,84,6.002
mqtt,200,1,85,13.245
mqtt,200,1,86,6.916
mqtt,200,1,87,44.645
mqtt,200,1,88,85.437
mqtt,200,1,89,45.427
mqtt,200,1,90,29.216
mqtt,200,1,91,6.379
mqtt,200,1,92,6.531
mqtt,200,1,93,6.646
mqtt,200,1,94,4.893
mqtt,200,1,95,5.516
mqtt,200,1,96,5.725
mqtt,200,1,97,12.285
mqtt,200,1,98,26.071
mqtt,200,1,99,8.329
mqtt,200,1,100,25.728
mqtt,200,1,101,46.329
mqtt,200,1,102,7.226
mqtt,200,1,103,27.644
mqtt,200,1,104,39.522
mqtt,200,1,105,8.261
mqtt,200,1,106,8.165
mqtt,200,1,107,6.197
mqtt,200,1,108,5.871
mqtt,200,1,109,7.492
mqtt,200,1,110,6.654
mqtt,200,1,111,76.541
mqtt,200,1,112,9.055
mqtt,200,1,113,7.343
mqtt,200,1,114,67.948
mqtt,200,1,115,97.316
mqtt,200,1,116,65.428
mqtt,200,1,117,19.793
mqtt,200,1,118,5.03
mqtt,200,1,119,5.13
mqtt,200,1,120,6.615
mqtt,200,1,121,36.187
mqtt,200,1,122,7.478
mqtt,200,1,123,7.515
mqtt,200,1,124,6.35
mqtt,200,1,125,9.246
mqtt,200,1,126,7.256
mqtt,200,1,127,6.449
mqtt,200,1,128,8.585
mqtt,200,1,129,62.667
mqtt,200,1,130,91.329
mqtt,200,1,131,128.279
mqtt,200,1,132,11.82
mqtt,200,1,133,6.755
mqtt,200,1,134,5.939
mqtt,200,1,135,5.915
mqtt,200,1,136,6.294
mqtt,200,1,137,4.686
mqtt,200,1,138,6.433
mqtt,200,1,139,23.671
mqtt,200,1,140,8.063
mqtt,200,1,141,8.077
mqtt,200,1,142,7.639
mqtt,200,1,143,67.082
mqtt,200,1,144,73.14
mqtt,200,1,145,11.317
mqtt,200,1,146,6.75
mqtt,200,1,147,6.04
mqtt,200,1,148,6.386
mqtt,200,1,149,5.449
ws,200,1,0,7.806
ws,200,1,1,5.043
ws,200,1,2,5.248
ws,200,1,3,10.37
ws,200,1,4,3.903
ws,200,1,5,11.543
ws,200,1,6,4.282
ws,200,1,7,14.681
ws,200,1,8,6.735
ws,200,1,9,6.036
ws,200,1,10,4.299
ws,200,1,11,10.82
ws,200,1,12,3.958
ws,200,1,13,8.685
ws,200,1,14,5.046
ws,200,1,15,5.494
ws,200,1,16,15.981
ws,200,1,17,5.752
ws,200,1,18,5.099
ws,200,1,19,7.029
ws,200,1,20,5.965
ws,200,1,21,3.927
ws,200,1,22,11.261
ws,200,1,23,9.78
ws,200,1,24,5.755
ws,200,1,25,4.464
ws,200,1,26,15.532
ws,200,1,27,17.884
ws,200,1,28,18.628
ws,200,1,29,4.88
ws,200,1,30,4.369
ws,200,1,31,5.252
ws,200,1,32,7.469
ws,200,1,33,4.767
ws,200,1,34,10.454
ws,200,1,35,5.602
ws,200,1,36,7.418
ws,200,1,37,3.86
ws,200,1,38,6.107
ws,200,1,39,29.571
ws,200,1,40,20.78
ws,200,1,41,26.303
ws,200,1,42,9.718
ws,200,1,43,3.668
ws,200,1,44,5.31
ws,200,1,45,32.742
ws,200,1,46,6.565
ws,200,1,47,4.902
ws,200,1,48,9.8
ws,200,1,49,32.377
ws,200,1,50,16.576
ws,200,1,51,11.184
ws,200,1,52,17.094
ws,200,1,53,4.792
ws,200,1,54,3.837
ws,200,1,55,6.515
ws,200,1,56,10.009
ws,200,1,57,7.01
ws,200,1,58,4.627
ws,200,1,59,4.785
ws,200,1,60,8.255
ws,200,1,61,3.38
ws,200,1,62,4.427
ws,200,1,63,3.998
ws,200,1,64,3.397
ws,200,1,65,3.479
ws,200,1,66,4.178
ws,200,1,67,6.055
ws,200,1,68,4.293
ws,200,1,69,3.576
ws,200,1,70,32.767
ws,200,1,71,78.952
ws,200,1,72,27.936
ws,200,1,73,5.499
ws,200,1,74,32.501
ws,200,1,75,23.014
ws,200,1,76,5.177
ws,200,1,77,6.201
ws,200,1,78,5.511
ws,200,1,79,5.007
ws,200,1,80,24.53
ws,200,1,81,11.487
ws,200,1,82,4.218
ws,200,1,83,4.117
ws,200,1,84,4.271
ws,200,1,85,6.135
ws,200,1,86,4.855
ws,200,1,87,4.233
ws,200,1,88,4.384
ws,200,1,89,3.835
ws,200,1,90,3.579
ws,200,1,91,3.13
ws,200,1,92,26.41
ws,200,1,93,3.63
ws,200,1,94,3.925
ws,200,1,95,3.455
ws,200,1,96,3.133
ws,200,1,97,4.607
ws,200,1,98,8.02
ws,200,1,99,3.634
ws,200,1,100,4.292
ws,200,1,101,4.037
ws,200,1,102,3.739
ws,200,1,103,5.188
ws,200,1,104,23.465
ws,200,1,105,15.479
ws,200,1,106,4.402
ws,200,1,107,3.794
ws,200,1,108,3.584
ws,200,1,109,10.733
ws,200,1,110,16.405
ws,200,1,111,4.819
ws,200,1,112,4.483
ws,200,1,113,3.991
ws,200,1,114,4.228
ws,200,1,115,4.08
ws,200,1,116,15.255
ws,200,1,117,4.554
ws,200,1,118,4.909
ws,200,1,119,4.991
ws,200,1,120,14.302
ws,200,1,121,6.297
ws,200,1,122,4.241
ws,200,1,123,4.67
ws,200,1,124,4.106
ws,200,1,125,15.45
ws,200,1,126,9.538
ws,200,1,127,4.289
ws,200,1,128,4.447
ws,200,1,129,5.105
ws,200,1,130,4.287
ws,200,1,131,4.899
ws,200,1,132,26.083
ws,200,1,133,13.338
ws,200,1,134,5.262
ws,200,1,135,4.85
ws,200,1,136,5.878
ws,200,1,137,4.895
ws,200,1,138,6.557
ws,200,1,139,8.365
ws,200,1,140,3.879
ws,200,1,141,4.929
ws,200,1,142,4.261
ws,200,1,143,4.255
ws,200,1,144,6.927
ws,200,1,145,5.032
ws,200,1,146,3.365
ws,200,1,147,4.38
ws,200,1,148,4.618
ws,200,1,149,4.641
ws,200,2,0,10.506
ws,200,2,1,3.616
ws,200,2,2,3.394
ws,200,2,3,11.533
ws,200,2,4,3.407
ws,200,2,5,3.561
ws,200,2,6,10.714
ws,200,2,7,4.147
ws,200,2,8,7.821
ws,200,2,9,4.639
ws,200,2,10,4.199
ws,200,2,11,9.84
ws,200,2,12,4.392
ws,200,2,13,6.366
ws,200,2,14,4.873
ws,200,2,15,5.084
ws,200,2,16,16.171
ws,200,2,17,9.118
ws,200,2,18,4.841
ws,200,2,19,13.349
ws,200,2,20,10.223
ws,200,2,21,4.662
ws,200,2,22,6.037
ws,200,2,23,56.578
ws,200,2,24,22.905
ws,200,2,25,5.115
ws,200,2,26,3.564
ws,200,2,27,5.005
ws,200,2,28,13.86
ws,200,2,29,15.285
ws,200,2,30,9.077
ws,200,2,31,4.637
ws,200,2,32,4.976
ws,200,2,33,10.316
ws,200,2,34,4.019
ws,200,2,35,4.065
ws,200,2,36,4.224
ws,200,2,37,4.161
ws,200,2,38,4.427
ws,200,2,39,6.741
ws,200,2,40,4.243
ws,200,2,41,4.236
ws,200,2,42,15.171
ws,200,2,43,5.012
ws,200,2,44,4.538
ws,200,2,45,3.604
ws,200,2,46,4.57
ws,200,2,47,15.544
ws,200,2,48,4.554
ws,200,2,49,3.431
ws,200,2,50,3.896
ws,200,2,51,4.223
ws,200,2,52,3.329
ws,200,2,53,10.652
ws,200,2,54,2.999
ws,200,2,55,3.944
ws,200,2,56,3.406
ws,200,2,57,3.761
ws,200,2,58,3.551
ws,200,2,59,5.913
ws,200,2,60,30.553
ws,200,2,61,45.989
ws,200,2,62,20.632
ws,200,2,63,3.806
ws,200,2,64,4.163
ws,200,2,65,6.338
ws,200,2,66,4.174
ws,200,2,67,4.113
ws,200,2,68,4.028
ws,200,2,69,4.498
ws,200,2,70,4.594
ws,200,2,71,3.094
ws,200,2,72,8.384
ws,200,2,73,11.504
ws,200,2,74,3.769
ws,200,2,75,4.552
ws,200,2,76,3.897
ws,200,2,77,9.443
ws,200,2,78,13.177
ws,200,2,79,4.374
ws,200,2,80,3.83
ws,200,2,81,5.569
ws,200,2,82,4.371
ws,200,2,83,3.31
ws,200,2,84,5.132
ws,200,2,85,18.51
ws,200,2,86,6.037
ws,200,2,87,3.653
ws,200,2,88,3.824
ws,200,2,89,3.416
ws,200,2,90,4.231
ws,200,2,91,3.63
ws,200,2,92,4.658
ws,200,2,93,13.789
ws,200,2,94,10.691
ws,200,2,95,10.273
ws,200,2,96,18.226
ws,200,2,97,16.663
ws,200,2,98,18.816
ws,200,2,99,68.41
ws,200,2,100,19.225
ws,200,2,101,12.65
ws,200,2,102,3.616
ws,200,2,103,3.96
ws,200,2,104,4.066
ws,200,2,105,18.254
ws,200,2,106,8.522
ws,200,2,107,6.342
ws,200,2,108,5.067
ws,200,2,109,4.233
ws,200,2,110,3.246
ws,200,2,111,8.04
ws,200,2,112,3.763
ws,200,2,113,3.592
ws,200,2,114,4.787
ws,200,2,115,4
ws,200,2,116,3.624
ws,200,2,117,4.664
ws,200,2,118,13.388
ws,200,2,119,4.616
ws,200,2,120,9.564
ws,200,2,121,10.147
ws,200,2,122,7.952
ws,200,2,123,3.425
ws,200,2,124,4.651
ws,200,2,125,5.842
ws,200,2,126,4.472
ws,200,2,127,3.887
ws,200,2,128,15.581
ws,200,2,129,4.472
ws,200,2,130,5.768
ws,200,2,131,4.184
ws,200,2,132,17.588
ws,200,2,133,8.649
ws,200,2,134,4.921
ws,200,2,135,4.87
ws,200,2,136,13.884
ws,200,2,137,12.244
ws,200,2,138,4.249
ws,200,2,139,51.542
ws,200,2,140,31.691
ws,200,2,141,4.381
ws,200,2,142,4.899
ws,200,2,143,15.161
ws,200,2,144,22.551
ws,200,2,145,3.663
ws,200,2,146,3.296
ws,200,2,147,4.473
ws,200,2,148,3.619
ws,200,2,149,3.519
mqtt,200,2,0,55.332
mqtt,200,2,1,11.747
mqtt,200,2,2,6.317
mqtt,200,2,3,7.93
mqtt,200,2,4,63.375
mqtt,200,2,5,99.286
mqtt,200,2,6,35.722
mqtt,200,2,7,61.738
mqtt,200,2,8,18.841
mqtt,200,2,9,10.419
mqtt,200,2,10,6.931
mqtt,200,2,11,7.034
mqtt,200,2,12,7.379
mqtt,200,2,13,6.898
mqtt,200,2,14,7.777
mqtt,200,2,15,6.088
mqtt,200,2,16,6.06
mqtt,200,2,17,7.217
mqtt,200,2,18,6.1
mqtt,200,2,19,7.341
mqtt,200,2,20,14.816
mqtt,200,2,21,72.505
mqtt,200,2,22,170.531
mqtt,200,2,23,87.55
mqtt,200,2,24,73.724
mqtt,200,2,25,65.332
mqtt,200,2,26,41.802
mqtt,200,2,27,7.337
mqtt,200,2,28,6.942
mqtt,200,2,29,25.242
mqtt,200,2,30,15.924
mqtt,200,2,31,6.208
mqtt,200,2,32,7.029
mqtt,200,2,33,6.807
mqtt,200,2,34,7.043
mqtt,200,2,35,11.268
mqtt,200,2,36,7.04
mqtt,200,2,37,7.246
mqtt,200,2,38,6.243
mqtt,200,2,39,6.73
mqtt,200,2,40,129.542
mqtt,200,2,41,79.73
mqtt,200,2,42,67.869
mqtt,200,2,43,15.182
mqtt,200,2,44,8.03
mqtt,200,2,45,8.425
mqtt,200,2,46,7.068
mqtt,200,2,47,7.12
mqtt,200,2,48,7.316
mqtt,200,2,49,8.002
mqtt,200,2,50,7.877
mqtt,200,2,51,7.059
mqtt,200,2,52,7.976
mqtt,200,2,53,43.547
mqtt,200,2,54,84.05
mqtt,200,2,55,33.044
mqtt,200,2,56,146.418
mqtt,200,2,57,113.068
mqtt,200,2,58,85.377
mqtt,200,2,59,37.496
mqtt,200,2,60,29.281
mqtt,200,2,61,10.199
mqtt,200,2,62,6.546
mqtt,200,2,63,7.618
mqtt,200,2,64,13.561
mqtt,200,2,65,6.97
mqtt,200,2,66,9.198
mqtt,200,2,67,9.275
mqtt,200,2,68,8.84
mqtt,200,2,69,147.664
mqtt,200,2,70,112.74
mqtt,200,2,71,32.624
mqtt,200,2,72,9.168
mqtt,200,2,73,10.537
mqtt,200,2,74,9.312
mqtt,200,2,75,8.224
mqtt,200,2,76,8.987
mqtt,200,2,77,7.967
mqtt,200,2,78,7.184
mqtt,200,2,79,55.704
mqtt,200,2,80,73.954
mqtt,200,2,81,41.69
mqtt,200,2,82,97.525
mqtt,200,2,83,104.222
mqtt,200,2,84,112.52
mqtt,200,2,85,39.383
mqtt,200,2,86,7.42
mqtt,200,2,87,6.825
mqtt,200,2,88,20.809
mqtt,200,2,89,20.11
mqtt,200,2,90,6.467
mqtt,200,2,91,7.085
mqtt,200,2,92,6.885
mqtt,200,2,93,7.595
mqtt,200,2,94,8.773
mqtt,200,2,95,5.291
mqtt,200,2,96,6.143
mqtt,200,2,97,5.59
mqtt,200,2,98,5.704
mqtt,200,2,99,6.101
mqtt,200,2,100,6.885
mqtt,200,2,101,27.079
mqtt,200,2,102,93.339
mqtt,200,2,103,160.016
mqtt,200,2,104,29.916
mqtt,200,2,105,7.67
mqtt,200,2,106,6.757
mqtt,200,2,107,7.021
mqtt,200,2,108,7.394
mqtt,200,2,109,6.723
mqtt,200,2,110,5.934
mqtt,200,2,111,75.203
mqtt,200,2,112,45.448
mqtt,200,2,113,19.382
mqtt,200,2,114,32.838
mqtt,200,2,115,88.079
mqtt,200,2,116,32.701
mqtt,200,2,117,20.556
mqtt,200,2,118,165.423
mqtt,200,2,119,56.028
mqtt,200,2,120,25.311
mqtt,200,2,121,21.551
mqtt,200,2,122,8.628
mqtt,200,2,123,7.746
mqtt,200,2,124,13.827
mqtt,200,2,125,7.9
mqtt,200,2,126,9.071
mqtt,200,2,127,9.158
mqtt,200,2,128,9.625
mqtt,200,2,129,39.038
mqtt,200,2,130,152.839
mqtt,200,2,131,124.343
mqtt,200,2,132,7.73
mqtt,200,2,133,9.592
mqtt,200,2,134,8.265
mqtt,200,2,135,7.657
mqtt,200,2,136,6.904
mqtt,200,2,137,6.81
mqtt,200,2,138,49.744
mqtt,200,2,139,75.121
mqtt,200,2,140,73.028
mqtt,200,2,141,54.261
mqtt,200,2,142,35.237
mqtt,200,2,143,13.459
mqtt,200,2,144,36.881
mqtt,200,2,145,32.418
mqtt,200,2,146,93.956
mqtt,200,2,147,91.982
mqtt,200,2,148,29.145
mqtt,200,2,149,8.303
