protocol,run,i,open_ms,welcome_ms,synced_ms,bytes_in,bytes_out
ws,0,0,2.186,5.089,5.294,388,558
ws,0,1,2.141,5.943,6.242,388,558
ws,0,2,2.509,5.784,6.139,388,558
ws,0,3,2.622,6.161,6.458,388,558
ws,0,4,2.225,4.936,5.126,388,558
ws,0,5,2.269,5.218,5.508,388,558
ws,0,6,1.981,5.15,5.363,388,558
ws,0,7,1.848,5.943,6.238,388,558
ws,0,8,2.235,5.81,5.971,388,558
ws,0,9,2.431,5.776,5.971,388,558
ws,0,10,2.066,4.689,4.923,388,558
ws,0,11,2.006,5.147,5.439,388,558
ws,0,12,2.403,5.689,5.921,388,558
ws,0,13,2.464,5.822,6.148,388,558
ws,0,14,1.348,4.918,5.122,388,558
ws,0,15,2.415,6.486,6.819,388,558
ws,0,16,1.534,4.63,4.88,388,558
ws,0,17,1.288,3.98,4.222,388,558
ws,0,18,2.249,5.623,5.815,388,558
ws,0,19,1.876,4.769,4.993,388,558
mqtt,0,0,,11.73,11.954,734,762
mqtt,0,1,,7.38,7.533,734,762
mqtt,0,2,,5.664,5.775,734,762
mqtt,0,3,,7.235,7.365,734,762
mqtt,0,4,,7.345,7.604,734,762
mqtt,0,5,,7.909,8.172,734,762
mqtt,0,6,,9.612,9.947,734,762
mqtt,0,7,,8.095,8.361,734,762
mqtt,0,8,,9.195,9.53,734,762
mqtt,0,9,,12.235,12.567,734,762
mqtt,0,10,,10.064,10.499,734,762
mqtt,0,11,,8.547,8.687,734,762
mqtt,0,12,,7.38,7.605,734,762
mqtt,0,13,,10.205,10.651,734,762
mqtt,0,14,,9.739,10.154,734,762
mqtt,0,15,,7.463,7.737,734,762
mqtt,0,16,,6.421,6.638,734,762
mqtt,0,17,,8.126,8.327,734,762
mqtt,0,18,,7.604,7.81,734,762
mqtt,0,19,,9.066,9.366,734,762
mqtt,1,0,,8.401,8.624,734,762
mqtt,1,1,,8.604,8.977,734,762
mqtt,1,2,,10.415,10.754,734,762
mqtt,1,3,,8.319,8.53,734,762
mqtt,1,4,,8.342,8.572,734,762
mqtt,1,5,,10.611,10.909,734,762
mqtt,1,6,,8.791,9.019,734,762
mqtt,1,7,,8.09,8.304,734,762
mqtt,1,8,,8.398,8.631,734,762
mqtt,1,9,,8.625,8.895,734,762
mqtt,1,10,,10.224,10.565,734,762
mqtt,1,11,,8.211,8.454,734,762
mqtt,1,12,,8.155,8.386,734,762
mqtt,1,13,,9.758,10.145,734,762
mqtt,1,14,,9.814,10.403,734,762
mqtt,1,15,,7.116,7.37,734,762
mqtt,1,16,,5.651,5.905,734,762
mqtt,1,17,,6.573,6.787,734,762
mqtt,1,18,,6.516,6.719,734,762
mqtt,1,19,,8.276,8.52,734,762
ws,1,0,2.14,4.739,4.839,388,571
ws,1,1,2.452,4.954,5.144,388,571
ws,1,2,1.68,4.121,4.208,388,571
ws,1,3,1.377,3.876,4.133,388,571
ws,1,4,2.073,5.216,5.38,388,571
ws,1,5,2.19,5.407,5.675,388,571
ws,1,6,1.506,4.48,4.648,388,571
ws,1,7,4.673,7.08,7.3,388,571
ws,1,8,1.929,4.915,5.123,388,571
ws,1,9,1.746,4.135,4.359,388,571
ws,1,10,1.339,4.133,4.338,388,571
ws,1,11,1.288,3.51,3.803,388,571
ws,1,12,1.702,4.153,4.338,388,571
ws,1,13,1.755,4.147,4.335,388,571
ws,1,14,1.67,25.461,25.665,388,571
ws,1,15,1.405,3.945,4.205,388,571
ws,1,16,1.818,4.649,4.859,388,571
ws,1,17,2.686,5.974,6.26,388,571
ws,1,18,2.012,4.852,5.055,388,571
ws,1,19,1.789,4.618,4.704,388,571
ws,2,0,2.451,5.986,6.24,388,571
ws,2,1,2.159,4.422,4.845,388,571
ws,2,2,1.973,4.87,5.098,388,571
ws,2,3,1.625,3.748,3.99,388,571
ws,2,4,2.357,5.575,5.892,388,571
ws,2,5,1.989,5.082,5.378,388,571
ws,2,6,1.958,4.594,4.87,388,571
ws,2,7,2.015,4.698,4.878,388,571
ws,2,8,1.132,4.037,4.248,388,571
ws,2,9,1.583,4.08,4.329,388,571
ws,2,10,2.416,5.301,5.554,388,571
ws,2,11,2.259,5.206,5.463,388,571
ws,2,12,1.987,4.901,5.117,388,571
ws,2,13,1.295,3.516,3.728,388,571
ws,2,14,1.815,4.557,4.723,388,571
ws,2,15,2.031,3.713,3.762,388,571
ws,2,16,2.074,4.973,5.285,388,571
ws,2,17,1.907,4.725,5.098,388,571
ws,2,18,1.822,4.818,5.061,388,571
ws,2,19,2.463,6.045,6.274,388,571
mqtt,2,0,,8.086,8.378,734,762
mqtt,2,1,,9.184,9.77,734,762
mqtt,2,2,,9.031,9.309,734,762
mqtt,2,3,,11.288,11.649,734,762
mqtt,2,4,,8.764,8.914,734,762
mqtt,2,5,,11.532,12.11,734,762
mqtt,2,6,,9.275,9.591,734,762
mqtt,2,7,,7.713,7.94,734,762
mqtt,2,8,,7.078,7.316,734,762
mqtt,2,9,,8.123,8.335,734,762
mqtt,2,10,,7.397,7.605,734,762
mqtt,2,11,,7.012,7.237,734,762
mqtt,2,12,,6.781,6.984,734,762
mqtt,2,13,,7.239,7.463,734,762
mqtt,2,14,,7.151,7.357,734,762
mqtt,2,15,,6.648,6.833,734,762
mqtt,2,16,,10.151,10.359,734,762
mqtt,2,17,,6.598,6.792,734,762
mqtt,2,18,,5.803,6.02,734,762
mqtt,2,19,,7.092,7.302,734,762
mqtt,3,0,,8.037,8.329,734,762
mqtt,3,1,,8.269,8.513,734,762
mqtt,3,2,,7.726,7.949,734,762
mqtt,3,3,,6.974,7.189,734,762
mqtt,3,4,,9.125,9.383,734,762
mqtt,3,5,,8.544,8.786,734,762
mqtt,3,6,,9.977,10.27,734,762
mqtt,3,7,,6.946,7.212,734,762
mqtt,3,8,,7.975,8.188,734,762
mqtt,3,9,,7.112,7.314,734,762
mqtt,3,10,,6.739,7.008,734,762
mqtt,3,11,,7.14,7.354,734,762
mqtt,3,12,,8.375,8.663,734,762
mqtt,3,13,,7.349,7.552,734,762
mqtt,3,14,,7.321,7.593,734,762
mqtt,3,15,,6.98,7.095,734,762
mqtt,3,16,,11.223,11.553,734,762
mqtt,3,17,,8.182,8.482,734,762
mqtt,3,18,,9.273,9.58,734,762
mqtt,3,19,,10.694,10.998,734,762
ws,3,0,2.058,4.164,4.336,388,571
ws,3,1,1.82,3.634,3.829,388,571
ws,3,2,2.599,5.152,5.3,388,571
ws,3,3,1.728,4.446,4.518,388,571
ws,3,4,1.615,3.829,3.9,388,571
ws,3,5,1.879,4.232,4.406,388,571
ws,3,6,1.829,4.494,4.997,388,571
ws,3,7,2.523,5.337,5.558,388,571
ws,3,8,2.299,4.99,5.034,388,571
ws,3,9,2.148,4.861,4.931,388,571
ws,3,10,1.865,4.208,4.426,388,571
ws,3,11,1.921,4.448,5.392,388,571
ws,3,12,1.992,4.594,4.843,388,571
ws,3,13,1.911,4.656,4.971,388,571
ws,3,14,2.284,4.835,4.971,388,571
ws,3,15,2.004,4.615,4.781,388,571
ws,3,16,2.869,6.237,6.628,388,571
ws,3,17,2.726,6.905,6.962,388,571
ws,3,18,1.964,5.095,5.281,388,571
ws,3,19,2.291,5.971,6.205,388,571
ws,4,0,3.017,6.007,6.349,388,571
ws,4,1,1.636,3.722,3.956,388,571
ws,4,2,1.959,4.217,4.279,388,571
ws,4,3,1.482,3.376,3.818,388,571
ws,4,4,1.641,3.745,3.857,388,571
ws,4,5,1.813,3.862,4.06,388,571
ws,4,6,1.848,3.672,3.876,388,571
ws,4,7,1.95,5.691,5.915,388,571
ws,4,8,2.284,5.017,5.292,388,571
ws,4,9,1.729,3.869,4.008,388,571
ws,4,10,1.476,3.932,3.985,388,571
ws,4,11,1.485,3.739,3.822,388,571
ws,4,12,1.438,3.675,3.902,388,571
ws,4,13,1.724,3.709,3.782,388,571
ws,4,14,2.049,5.068,5.143,388,571
ws,4,15,2.554,4.468,4.626,388,571
ws,4,16,1.268,3.323,3.383,388,571
ws,4,17,1.472,3.504,3.532,388,571
ws,4,18,1.675,3.602,3.664,388,571
ws,4,19,1.553,3.585,3.635,388,571
mqtt,4,0,,6.769,6.891,734,762
mqtt,4,1,,6.63,6.846,734,762
mqtt,4,2,,6.611,6.779,734,762
mqtt,4,3,,7.628,7.78,734,762
mqtt,4,4,,6.441,6.745,734,762
mqtt,4,5,,5.636,5.893,734,762
mqtt,4,6,,5.263,5.413,734,762
mqtt,4,7,,7.317,7.541,734,762
mqtt,4,8,,6.877,7.006,734,762
mqtt,4,9,,4.305,4.435,734,762
mqtt,4,10,,5.36,5.587,734,762
mqtt,4,11,,68.96,69.092,734,762
mqtt,4,12,,8.816,9.069,734,762
mqtt,4,13,,7.108,7.618,734,762
mqtt,4,14,,6.526,6.528,734,762
mqtt,4,15,,6.639,6.791,734,762
mqtt,4,16,,6.687,7.046,734,762
mqtt,4,17,,5.99,6.203,734,762
mqtt,4,18,,5.301,5.302,734,762
mqtt,4,19,,7.652,7.772,734,762
