synchronous,i,save_ms
FULL,0,1.1607
FULL,1,2.0429
FULL,2,1.9553
FULL,3,2.5424
FULL,4,2.0786
FULL,5,1.5488
FULL,6,1.4957
FULL,7,2.8356
FULL,8,1.9982
FULL,9,1.7346
FULL,10,1.8716
FULL,11,2.5366
FULL,12,1.8222
FULL,13,1.5338
FULL,14,2.3874
FULL,15,1.5697
FULL,16,1.4258
FULL,17,1.5728
FULL,18,2.0174
FULL,19,2.2491
FULL,20,2.528
FULL,21,1.6978
FULL,22,1.6389
FULL,23,2.5678
FULL,24,1.3846
FULL,25,1.6605
FULL,26,2.23
FULL,27,2.0031
FULL,28,1.7112
FULL,29,1.8893
FULL,30,2.6885
FULL,31,2.1992
FULL,32,1.3917
FULL,33,1.7351
FULL,34,2.3427
FULL,35,1.8417
FULL,36,1.5915
FULL,37,1.978
FULL,38,1.7025
FULL,39,1.8623
FULL,40,2.1868
FULL,41,1.8445
FULL,42,1.5482
FULL,43,2.3685
FULL,44,1.5169
FULL,45,1.4808
FULL,46,2.9053
FULL,47,2.3983
FULL,48,2.2189
FULL,49,1.4529
FULL,50,1.2678
FULL,51,2.5178
FULL,52,1.4283
FULL,53,1.7725
FULL,54,1.5383
FULL,55,1.9366
FULL,56,2.2499
FULL,57,1.7307
FULL,58,1.3783
FULL,59,1.3709
FULL,60,1.6781
FULL,61,1.4368
FULL,62,1.4962
FULL,63,1.8329
FULL,64,1.6084
FULL,65,1.3316
FULL,66,2.1429
FULL,67,1.3622
FULL,68,1.4876
FULL,69,2.2533
FULL,70,2.0765
FULL,71,1.5525
FULL,72,1.4523
FULL,73,1.4737
FULL,74,1.5974
FULL,75,2.3056
FULL,76,1.7794
FULL,77,1.435
FULL,78,1.6824
FULL,79,2.4606
FULL,80,1.9459
FULL,81,1.4944
FULL,82,1.3783
FULL,83,2.0214
FULL,84,3.4222
FULL,85,6.2156
FULL,86,4.0439
FULL,87,4.7468
FULL,88,2.906
FULL,89,1.8059
FULL,90,1.6108
FULL,91,1.5571
FULL,92,2.0787
FULL,93,1.7194
FULL,94,1.9519
FULL,95,1.2746
FULL,96,1.3931
FULL,97,1.5588
FULL,98,2.5225
FULL,99,2.8885
FULL,100,1.5053
FULL,101,2.0729
FULL,102,1.709
FULL,103,1.4556
FULL,104,1.3618
FULL,105,1.5826
FULL,106,1.3841
FULL,107,1.5313
FULL,108,1.6922
FULL,109,2.5295
FULL,110,2.353
FULL,111,4.6321
FULL,112,2.8904
FULL,113,2.23
FULL,114,1.9599
FULL,115,1.4957
FULL,116,2.2612
FULL,117,1.679
FULL,118,1.552
FULL,119,1.9445
FULL,120,1.355
FULL,121,2.5647
FULL,122,2.1311
FULL,123,1.56
FULL,124,2.2766
FULL,125,1.9483
FULL,126,1.8066
FULL,127,2.1658
FULL,128,48.6183
FULL,129,76.4493
FULL,130,2.3731
FULL,131,1.6188
FULL,132,1.3529
FULL,133,1.3674
FULL,134,1.6429
FULL,135,1.9392
FULL,136,1.8979
FULL,137,1.4157
FULL,138,1.6069
FULL,139,1.6112
FULL,140,1.5709
FULL,141,1.5388
FULL,142,2.1151
FULL,143,1.5063
FULL,144,1.9588
FULL,145,1.6361
FULL,146,1.5801
FULL,147,1.8523
FULL,148,1.2884
FULL,149,0.9705
FULL,150,1.2894
FULL,151,1.287
FULL,152,2.1203
FULL,153,1.4916
FULL,154,1.2519
FULL,155,1.9458
FULL,156,1.6375
FULL,157,1.926
FULL,158,1.3295
FULL,159,1.3297
FULL,160,1.6556
FULL,161,1.5048
FULL,162,1.2402
FULL,163,2.7273
FULL,164,2.0037
FULL,165,1.4901
FULL,166,1.7187
FULL,167,2.7748
FULL,168,1.2739
FULL,169,0.9716
FULL,170,1.9873
FULL,171,1.4756
FULL,172,1.8854
FULL,173,1.5108
FULL,174,1.6133
FULL,175,2.281
FULL,176,2.0892
FULL,177,1.4252
FULL,178,2.2958
FULL,179,2.0018
FULL,180,1.4617
FULL,181,2.2557
FULL,182,1.4836
FULL,183,1.6432
FULL,184,2.576
FULL,185,2.8847
FULL,186,2.7899
FULL,187,3.0152
FULL,188,2.0935
FULL,189,2.024
FULL,190,1.4948
FULL,191,1.4542
FULL,192,1.9929
FULL,193,1.4936
FULL,194,1.7861
FULL,195,2.2112
FULL,196,1.8741
FULL,197,1.3156
FULL,198,2.2771
FULL,199,1.479
FULL,200,1.2017
FULL,201,2.1012
FULL,202,2.2607
FULL,203,1.314
FULL,204,1.3049
FULL,205,1.4751
FULL,206,1.3412
FULL,207,1.9967
FULL,208,1.5131
FULL,209,1.2836
FULL,210,2.0363
FULL,211,1.4415
FULL,212,1.9646
FULL,213,1.6939
FULL,214,2.2411
FULL,215,1.5097
FULL,216,1.6432
FULL,217,1.9478
FULL,218,1.4346
FULL,219,2.1853
FULL,220,1.7722
FULL,221,1.4878
FULL,222,1.8511
FULL,223,1.944
FULL,224,1.3612
FULL,225,1.6342
FULL,226,1.9358
FULL,227,1.4424
FULL,228,1.5519
FULL,229,1.9229
FULL,230,1.8451
FULL,231,1.8841
FULL,232,2.1611
FULL,233,1.5608
FULL,234,1.2266
FULL,235,1.4548
FULL,236,1.4028
FULL,237,1.4678
FULL,238,1.6059
FULL,239,1.7299
FULL,240,2.2078
FULL,241,2.2195
FULL,242,1.9623
FULL,243,1.4874
FULL,244,1.2485
FULL,245,1.9607
FULL,246,1.3752
FULL,247,2.0861
FULL,248,1.2696
FULL,249,1.3196
FULL,250,2.0323
FULL,251,1.8613
FULL,252,1.4379
FULL,253,1.6095
FULL,254,2.2104
FULL,255,1.9561
FULL,256,1.4185
FULL,257,2.2091
FULL,258,1.5143
FULL,259,1.6188
FULL,260,1.9338
FULL,261,1.937
FULL,262,1.5869
FULL,263,1.6481
FULL,264,2.4325
FULL,265,1.4803
FULL,266,1.6135
FULL,267,2.2548
FULL,268,1.482
FULL,269,1.5181
FULL,270,2.5308
FULL,271,6.8506
FULL,272,3.817
FULL,273,1.5489
FULL,274,1.2135
FULL,275,2.2182
FULL,276,1.4994
FULL,277,1.611
FULL,278,1.9415
FULL,279,1.5679
FULL,280,1.2999
FULL,281,1.2272
FULL,282,1.878
FULL,283,1.5766
FULL,284,1.7438
FULL,285,2.1039
FULL,286,2.9669
FULL,287,2.0519
FULL,288,1.3692
FULL,289,1.5279
FULL,290,2.1896
FULL,291,1.225
FULL,292,2.3008
FULL,293,1.5385
FULL,294,2.1839
FULL,295,1.7082
FULL,296,1.3184
FULL,297,1.9526
FULL,298,1.2937
FULL,299,2.2484
FULL,300,1.5147
FULL,301,1.5848
FULL,302,1.5222
FULL,303,1.9965
FULL,304,1.7545
FULL,305,1.2591
FULL,306,1.4568
FULL,307,0.9488
FULL,308,1.8289
FULL,309,1.5001
FULL,310,1.2258
FULL,311,1.5868
FULL,312,1.6333
FULL,313,2.2017
FULL,314,2.2449
FULL,315,1.5227
FULL,316,1.17
FULL,317,2.0055
FULL,318,1.7918
FULL,319,1.2361
FULL,320,1.526
FULL,321,1.6335
FULL,322,1.937
FULL,323,1.5448
FULL,324,1.7313
FULL,325,0.9481
FULL,326,1.6042
FULL,327,1.6378
FULL,328,1.7112
FULL,329,1.3509
FULL,330,1.2136
FULL,331,1.4801
FULL,332,1.5921
FULL,333,1.9934
FULL,334,1.5458
FULL,335,2.2719
FULL,336,2.0899
FULL,337,1.2368
FULL,338,0.9798
FULL,339,1.9999
FULL,340,1.5743
FULL,341,1.3386
FULL,342,2.2419
FULL,343,1.4575
FULL,344,1.6597
FULL,345,2.4879
FULL,346,1.3424
FULL,347,1.6644
FULL,348,2.1548
FULL,349,2.3118
FULL,350,2.1752
FULL,351,1.4627
FULL,352,2.2997
FULL,353,2.0645
FULL,354,1.3698
FULL,355,1.7042
FULL,356,1.9503
FULL,357,1.5976
FULL,358,1.7496
FULL,359,1.939
FULL,360,1.8845
FULL,361,1.0133
FULL,362,1.5662
FULL,363,1.5272
FULL,364,2.0273
FULL,365,1.3307
FULL,366,1.2643
FULL,367,1.9713
FULL,368,1.4847
FULL,369,1.4716
FULL,370,2.0298
FULL,371,1.4875
FULL,372,1.8545
FULL,373,1.8715
FULL,374,1.9167
FULL,375,1.7501
FULL,376,1.5789
FULL,377,1.2496
FULL,378,1.4812
FULL,379,1.2607
FULL,380,1.9997
FULL,381,1.435
FULL,382,1.3639
FULL,383,2.1981
FULL,384,1.5227
FULL,385,1.0754
FULL,386,1.7788
FULL,387,1.6461
FULL,388,1.2184
FULL,389,1.9614
FULL,390,1.4909
FULL,391,1.2119
FULL,392,2.0242
FULL,393,2.0309
FULL,394,1.5305
FULL,395,1.6157
FULL,396,1.9375
FULL,397,2.036
FULL,398,2.0557
FULL,399,2.0536
FULL,400,2.1064
FULL,401,1.9382
FULL,402,1.0612
FULL,403,2.2322
FULL,404,1.4726
FULL,405,1.8865
FULL,406,1.9969
FULL,407,1.5131
FULL,408,1.2211
FULL,409,1.964
FULL,410,1.3622
FULL,411,0.976
FULL,412,1.1545
FULL,413,1.5629
FULL,414,2.239
FULL,415,1.4874
FULL,416,1.6223
FULL,417,1.8916
FULL,418,1.457
FULL,419,1.2517
FULL,420,1.7017
FULL,421,1.4362
FULL,422,1.6829
FULL,423,4.9735
FULL,424,3.8337
FULL,425,2.3868
FULL,426,2.0718
FULL,427,1.3094
FULL,428,1.1967
FULL,429,1.4174
FULL,430,1.7382
FULL,431,1.9162
FULL,432,1.3538
FULL,433,2.2277
FULL,434,2.0349
FULL,435,1.5142
FULL,436,1.8811
FULL,437,1.9521
FULL,438,1.494
FULL,439,1.6244
FULL,440,2.0018
FULL,441,1.4952
FULL,442,1.6138
FULL,443,1.9257
FULL,444,1.431
FULL,445,1.7687
FULL,446,0.9525
FULL,447,1.4289
FULL,448,1.62
FULL,449,2.2031
FULL,450,1.4982
FULL,451,2.2146
FULL,452,2.5128
FULL,453,1.9945
FULL,454,1.5501
FULL,455,1.3897
FULL,456,2.2611
FULL,457,1.6942
FULL,458,1.5049
FULL,459,2.2494
FULL,460,1.7846
FULL,461,1.7748
FULL,462,2.2492
FULL,463,1.3758
FULL,464,1.833
FULL,465,1.5166
FULL,466,1.2964
FULL,467,1.9859
FULL,468,2.0321
FULL,469,1.5861
FULL,470,1.6415
FULL,471,2.0812
FULL,472,1.4596
FULL,473,2.1809
FULL,474,1.5031
FULL,475,1.6065
FULL,476,2.2943
FULL,477,2.0592
FULL,478,1.9701
FULL,479,1.4881
FULL,480,1.6864
FULL,481,1.5905
FULL,482,2.1901
FULL,483,1.4942
FULL,484,1.6955
FULL,485,1.7737
FULL,486,2.2294
FULL,487,1.5499
FULL,488,1.5088
FULL,489,1.9428
FULL,490,1.3596
FULL,491,1.171
FULL,492,1.9629
FULL,493,1.5192
FULL,494,2.2655
FULL,495,1.5141
FULL,496,1.7449
FULL,497,1.6266
FULL,498,2.2257
FULL,499,2.1073
FULL,500,1.5066
FULL,501,1.2687
FULL,502,2.1685
FULL,503,1.4974
FULL,504,1.2217
FULL,505,2.3886
FULL,506,1.9875
FULL,507,1.4627
FULL,508,2.0937
FULL,509,0.8907
FULL,510,2.0833
FULL,511,2.1434
FULL,512,2.12
FULL,513,1.4874
FULL,514,1.2365
FULL,515,1.4812
FULL,516,1.8121
FULL,517,2.1532
FULL,518,1.2979
FULL,519,1.4324
FULL,520,2.1961
FULL,521,1.4781
FULL,522,1.4291
FULL,523,1.4722
FULL,524,1.2569
FULL,525,2.119
FULL,526,1.7595
FULL,527,1.4884
FULL,528,2.215
FULL,529,2.0092
FULL,530,1.4742
FULL,531,2.0999
FULL,532,2.2522
FULL,533,1.5968
FULL,534,1.6659
FULL,535,2.2309
FULL,536,1.8111
FULL,537,1.4701
FULL,538,1.4791
FULL,539,1.7548
FULL,540,1.9235
FULL,541,1.802
FULL,542,1.903
FULL,543,1.7122
FULL,544,1.8959
FULL,545,1.3798
FULL,546,1.601
FULL,547,1.8594
FULL,548,1.3905
FULL,549,1.5515
FULL,550,1.877
FULL,551,1.387
FULL,552,1.4128
FULL,553,2.3862
FULL,554,1.1414
FULL,555,1.3365
FULL,556,1.9574
FULL,557,1.809
FULL,558,1.4033
FULL,559,1.8573
FULL,560,1.3982
FULL,561,1.5879
FULL,562,2.4326
FULL,563,1.3683
FULL,564,1.3357
FULL,565,2.0296
FULL,566,2.001
FULL,567,1.4142
FULL,568,2.3129
FULL,569,1.9232
FULL,570,1.4003
FULL,571,1.1688
FULL,572,1.6768
FULL,573,1.5263
FULL,574,1.9137
FULL,575,1.3137
FULL,576,1.5359
FULL,577,5.1949
FULL,578,3.3546
FULL,579,1.5149
FULL,580,1.7754
FULL,581,1.5295
FULL,582,2.0307
FULL,583,1.9275
FULL,584,1.5286
FULL,585,2.4384
FULL,586,1.8818
FULL,587,1.7727
FULL,588,1.6209
FULL,589,1.9567
FULL,590,1.5328
FULL,591,2.2418
FULL,592,1.4472
FULL,593,1.4555
FULL,594,1.7676
FULL,595,1.4176
FULL,596,1.291
FULL,597,1.8686
FULL,598,1.2765
FULL,599,0.9437
FULL,600,1.7414
FULL,601,1.6608
FULL,602,1.8557
FULL,603,1.4862
FULL,604,1.5722
FULL,605,2.0295
FULL,606,1.4657
FULL,607,1.7766
FULL,608,1.5629
FULL,609,1.4877
FULL,610,1.8467
FULL,611,1.8659
FULL,612,1.6395
FULL,613,1.8168
FULL,614,1.497
FULL,615,1.5924
FULL,616,2.0333
FULL,617,1.5031
FULL,618,1.4107
FULL,619,1.8267
FULL,620,1.4602
FULL,621,2.2328
FULL,622,1.8961
FULL,623,1.3737
FULL,624,1.5585
FULL,625,2.1936
FULL,626,1.9447
FULL,627,1.216
FULL,628,2.0337
FULL,629,1.8993
FULL,630,1.4071
FULL,631,2.1659
FULL,632,1.98
FULL,633,1.4021
FULL,634,2.0312
FULL,635,1.696
FULL,636,1.5842
FULL,637,1.4719
FULL,638,2.1392
FULL,639,1.6251
FULL,640,1.4886
FULL,641,1.4392
FULL,642,1.4196
FULL,643,1.1715
FULL,644,2.0641
FULL,645,1.3678
FULL,646,0.9837
FULL,647,1.8178
FULL,648,1.257
FULL,649,1.6949
FULL,650,1.6282
FULL,651,2.0302
FULL,652,2.2814
FULL,653,1.7927
FULL,654,1.4304
FULL,655,2.0581
FULL,656,1.8581
FULL,657,1.6268
FULL,658,1.2301
FULL,659,1.8516
FULL,660,1.4918
FULL,661,1.2321
FULL,662,1.8546
FULL,663,1.4747
FULL,664,1.3644
FULL,665,1.9584
FULL,666,1.4744
FULL,667,1.8206
FULL,668,1.5531
FULL,669,1.3076
FULL,670,1.6516
FULL,671,1.6223
FULL,672,2.2982
FULL,673,1.9438
FULL,674,1.7413
FULL,675,1.3498
FULL,676,1.5882
FULL,677,1.8794
FULL,678,1.4788
FULL,679,1.5304
FULL,680,1.817
FULL,681,1.4074
FULL,682,2.0913
FULL,683,1.7687
FULL,684,1.5535
FULL,685,2.0236
FULL,686,1.6836
FULL,687,2.0742
FULL,688,1.5101
FULL,689,1.4722
FULL,690,2.494
FULL,691,1.6071
FULL,692,1.4938
FULL,693,1.6821
FULL,694,2.0246
FULL,695,2.4499
FULL,696,1.8709
FULL,697,1.528
FULL,698,1.445
FULL,699,1.8799
FULL,700,1.5278
FULL,701,1.7788
FULL,702,1.6665
FULL,703,1.4423
FULL,704,2.2744
FULL,705,1.4164
FULL,706,1.7275
FULL,707,1.4758
FULL,708,1.6048
FULL,709,2.179
FULL,710,1.4225
FULL,711,1.4228
FULL,712,2.3117
FULL,713,1.5633
FULL,714,1.2256
FULL,715,1.7012
FULL,716,2.1253
FULL,717,1.3717
FULL,718,1.6761
FULL,719,2.2195
FULL,720,1.5556
FULL,721,1.703
FULL,722,1.8064
FULL,723,1.3948
FULL,724,2.1362
FULL,725,1.4774
FULL,726,1.2221
FULL,727,1.4313
FULL,728,1.6407
FULL,729,0.9233
FULL,730,5.36
FULL,731,3.2926
FULL,732,1.2608
FULL,733,1.8341
FULL,734,1.5427
FULL,735,1.3746
FULL,736,1.4083
FULL,737,1.2231
FULL,738,1.9109
FULL,739,1.3513
FULL,740,1.1417
FULL,741,1.9074
FULL,742,1.3984
FULL,743,2.1748
FULL,744,1.862
FULL,745,1.6685
FULL,746,2.3612
FULL,747,1.8472
FULL,748,1.7463
FULL,749,1.5739
FULL,750,2.1143
FULL,751,1.4809
FULL,752,1.5614
FULL,753,1.5809
FULL,754,2.3261
FULL,755,2.1424
FULL,756,1.4386
FULL,757,2.2443
FULL,758,1.8881
FULL,759,1.4206
FULL,760,1.5779
FULL,761,2.1142
FULL,762,1.4689
FULL,763,1.7039
FULL,764,2.4611
FULL,765,1.9431
FULL,766,1.5866
FULL,767,1.4657
FULL,768,2.0439
FULL,769,1.5846
FULL,770,1.8105
FULL,771,1.5157
FULL,772,1.9077
FULL,773,1.5753
FULL,774,1.2426
FULL,775,2.1137
FULL,776,1.9102
FULL,777,1.4283
FULL,778,1.726
FULL,779,1.4431
FULL,780,1.818
FULL,781,1.475
FULL,782,5.6538
FULL,783,5.2685
FULL,784,5.2005
FULL,785,2.5878
FULL,786,5.6309
FULL,787,1.8524
FULL,788,1.4756
FULL,789,1.3531
FULL,790,1.4895
FULL,791,1.7734
FULL,792,1.8051
FULL,793,1.2333
FULL,794,2.3935
FULL,795,1.8902
FULL,796,1.4337
FULL,797,1.6366
FULL,798,1.5799
FULL,799,1.1778
FULL,800,1.9598
FULL,801,1.4072
FULL,802,1.8641
FULL,803,1.9492
FULL,804,1.472
FULL,805,1.489
FULL,806,2.2347
FULL,807,1.4209
FULL,808,1.5742
FULL,809,2.2988
FULL,810,2.1018
FULL,811,1.263
FULL,812,1.5124
FULL,813,1.3809
FULL,814,1.5457
FULL,815,1.5709
FULL,816,2.2434
FULL,817,1.4186
FULL,818,1.463
FULL,819,2.3373
FULL,820,1.2655
FULL,821,1.1838
FULL,822,1.9772
FULL,823,1.3754
FULL,824,1.4692
FULL,825,1.8651
FULL,826,1.6236
FULL,827,1.1972
FULL,828,1.4905
FULL,829,1.5508
FULL,830,1.7226
FULL,831,1.1791
FULL,832,1.4349
FULL,833,1.8633
FULL,834,1.425
FULL,835,1.7993
FULL,836,2.0524
FULL,837,1.4463
FULL,838,2.0323
FULL,839,1.2634
FULL,840,1.5703
FULL,841,2.0387
FULL,842,1.8804
FULL,843,1.5417
FULL,844,1.1956
FULL,845,1.478
FULL,846,1.5044
FULL,847,2.0411
FULL,848,2.0632
FULL,849,1.4285
FULL,850,1.5765
FULL,851,1.8931
FULL,852,1.3969
FULL,853,2.1736
FULL,854,1.4605
FULL,855,1.623
FULL,856,1.8403
FULL,857,1.7953
FULL,858,1.6089
FULL,859,2.0731
FULL,860,1.9421
FULL,861,1.9017
FULL,862,1.6959
FULL,863,1.4287
FULL,864,1.9127
FULL,865,1.4473
FULL,866,1.2033
FULL,867,1.8
FULL,868,1.4822
FULL,869,1.2818
FULL,870,1.7889
FULL,871,1.4313
FULL,872,1.5467
FULL,873,1.4779
FULL,874,1.6456
FULL,875,1.6658
FULL,876,6.1937
FULL,877,2.5752
FULL,878,1.3333
FULL,879,1.826
FULL,880,1.4879
FULL,881,1.1904
FULL,882,1.4221
FULL,883,1.4814
FULL,884,2.1016
FULL,885,1.3121
FULL,886,1.7153
FULL,887,2.0332
FULL,888,1.4611
FULL,889,1.5702
FULL,890,1.8039
FULL,891,2.4329
FULL,892,1.359
FULL,893,1.3107
FULL,894,1.4224
FULL,895,1.5015
FULL,896,2.2466
FULL,897,1.3554
FULL,898,1.4493
FULL,899,1.1673
FULL,900,1.8577
FULL,901,1.4119
FULL,902,2.393
FULL,903,2.1457
FULL,904,1.2208
FULL,905,1.2953
FULL,906,1.821
FULL,907,1.4401
FULL,908,1.5621
FULL,909,2.0172
FULL,910,1.476
FULL,911,1.624
FULL,912,1.9584
FULL,913,1.4846
FULL,914,1.8578
FULL,915,1.6012
FULL,916,1.1624
FULL,917,1.6107
FULL,918,1.5906
FULL,919,2.2117
FULL,920,1.8743
FULL,921,1.57
FULL,922,1.8803
FULL,923,1.3276
FULL,924,1.645
FULL,925,1.4514
FULL,926,2.144
FULL,927,1.9929
FULL,928,1.4185
FULL,929,2.1026
FULL,930,1.9093
FULL,931,1.2483
FULL,932,2.0679
FULL,933,1.5577
FULL,934,1.2838
FULL,935,1.5838
FULL,936,1.8342
FULL,937,1.4066
FULL,938,1.6645
FULL,939,1.6469
FULL,940,1.234
FULL,941,2.0671
FULL,942,1.6735
FULL,943,1.8236
FULL,944,1.8864
FULL,945,1.486
FULL,946,1.5258
FULL,947,1.8747
FULL,948,1.7243
FULL,949,1.6629
FULL,950,2.2584
FULL,951,1.3387
FULL,952,1.2246
FULL,953,2.3904
FULL,954,1.4336
FULL,955,1.453
FULL,956,1.6276
FULL,957,2.2447
FULL,958,2.1597
FULL,959,1.8505
FULL,960,1.2501
FULL,961,1.8272
FULL,962,1.215
FULL,963,1.4109
FULL,964,1.933
FULL,965,1.7424
FULL,966,1.569
FULL,967,1.5515
FULL,968,1.7229
FULL,969,1.3728
FULL,970,1.263
FULL,971,1.5444
FULL,972,1.2094
FULL,973,1.2322
FULL,974,1.3899
FULL,975,1.8134
FULL,976,1.941
FULL,977,1.7807
FULL,978,1.3896
FULL,979,2.371
FULL,980,1.2989
FULL,981,1.6589
FULL,982,2.1781
FULL,983,1.3836
FULL,984,2.116
FULL,985,1.4264
FULL,986,1.4634
FULL,987,1.1561
FULL,988,1.3211
FULL,989,1.6984
FULL,990,1.8641
FULL,991,1.4122
FULL,992,2.1477
FULL,993,1.4426
FULL,994,1.7328
FULL,995,1.7525
FULL,996,1.9819
FULL,997,1.349
FULL,998,2.1539
FULL,999,1.5382
OFF,0,0.3069
OFF,1,0.2325
OFF,2,0.1281
OFF,3,0.1329
OFF,4,0.1562
OFF,5,0.1499
OFF,6,0.1373
OFF,7,0.1054
OFF,8,0.1068
OFF,9,0.1874
OFF,10,0.3184
OFF,11,0.1751
OFF,12,0.0977
OFF,13,0.1008
OFF,14,0.1033
OFF,15,0.1996
OFF,16,0.1019
OFF,17,0.0978
OFF,18,0.0948
OFF,19,0.1437
OFF,20,0.3197
OFF,21,0.326
OFF,22,0.2256
OFF,23,0.0876
OFF,24,0.0896
OFF,25,0.137
OFF,26,0.2102
OFF,27,0.1332
OFF,28,0.1285
OFF,29,0.1256
OFF,30,0.0857
OFF,31,0.2819
OFF,32,0.1318
OFF,33,0.1249
OFF,34,0.1654
OFF,35,0.1675
OFF,36,0.291
OFF,37,0.3152
OFF,38,0.1682
OFF,39,0.1364
OFF,40,0.0929
OFF,41,0.1906
OFF,42,0.087
OFF,43,0.0733
OFF,44,0.0771
OFF,45,0.1228
OFF,46,0.2045
OFF,47,0.2623
OFF,48,0.1659
OFF,49,0.0734
OFF,50,0.0744
OFF,51,0.1766
OFF,52,0.1678
OFF,53,0.1057
OFF,54,0.1303
OFF,55,0.1315
OFF,56,0.1877
OFF,57,0.1331
OFF,58,0.1334
OFF,59,0.2114
OFF,60,0.0932
OFF,61,0.118
OFF,62,0.1141
OFF,63,0.0931
OFF,64,0.2407
OFF,65,0.1928
OFF,66,0.1792
OFF,67,0.1344
OFF,68,0.1299
OFF,69,0.2403
OFF,70,0.1681
OFF,71,0.0901
OFF,72,0.1569
OFF,73,0.0898
OFF,74,0.0894
OFF,75,0.0646
OFF,76,0.062
OFF,77,0.1069
OFF,78,0.0653
OFF,79,0.061
OFF,80,0.063
OFF,81,0.0608
OFF,82,0.1008
OFF,83,0.0581
OFF,84,0.057
OFF,85,0.1121
OFF,86,0.1361
OFF,87,0.1334
OFF,88,0.1242
OFF,89,0.0823
OFF,90,0.1167
OFF,91,0.0737
OFF,92,0.0729
OFF,93,0.2114
OFF,94,0.1727
OFF,95,0.1352
OFF,96,0.063
OFF,97,0.0711
OFF,98,0.3135
OFF,99,0.1045
OFF,100,0.0672
OFF,101,0.0628
OFF,102,0.0632
OFF,103,0.1121
OFF,104,0.0597
OFF,105,0.0569
OFF,106,0.1331
OFF,107,0.1621
OFF,108,0.2481
OFF,109,0.13
OFF,110,0.1293
OFF,111,0.7377
OFF,112,0.1103
OFF,113,0.0592
OFF,114,0.0541
OFF,115,0.0532
OFF,116,0.0542
OFF,117,0.0549
OFF,118,0.0698
OFF,119,0.0554
OFF,120,0.0569
OFF,121,0.0553
OFF,122,0.06
OFF,123,0.0532
OFF,124,0.0537
OFF,125,0.0554
OFF,126,0.056
OFF,127,0.0542
OFF,128,0.055
OFF,129,0.0547
OFF,130,0.0536
OFF,131,0.0542
OFF,132,0.0551
OFF,133,0.0535
OFF,134,0.074
OFF,135,0.0532
OFF,136,0.0567
OFF,137,0.0639
OFF,138,0.0696
OFF,139,0.087
OFF,140,0.1031
OFF,141,0.1111
OFF,142,0.1158
OFF,143,0.115
OFF,144,0.1157
OFF,145,0.0924
OFF,146,0.0713
OFF,147,0.054
OFF,148,0.0559
OFF,149,0.0554
OFF,150,0.0535
OFF,151,0.0556
OFF,152,0.0867
OFF,153,0.0539
OFF,154,0.0543
OFF,155,0.0541
OFF,156,0.0543
OFF,157,0.0555
OFF,158,0.0543
OFF,159,0.054
OFF,160,0.0561
OFF,161,0.0541
OFF,162,0.054
OFF,163,0.056
OFF,164,0.0542
OFF,165,0.0537
OFF,166,0.0706
OFF,167,0.0566
OFF,168,0.0544
OFF,169,0.0548
OFF,170,0.0531
OFF,171,0.0544
OFF,172,0.0557
OFF,173,0.0567
OFF,174,0.0713
OFF,175,0.0531
OFF,176,0.0536
OFF,177,0.0662
OFF,178,0.0543
OFF,179,0.0547
OFF,180,0.0855
OFF,181,0.0529
OFF,182,0.0542
OFF,183,0.0544
OFF,184,0.0532
OFF,185,0.0544
OFF,186,0.0555
OFF,187,0.0547
OFF,188,0.0661
OFF,189,0.0954
OFF,190,0.1378
OFF,191,0.0975
OFF,192,0.1005
OFF,193,0.096
OFF,194,0.1151
OFF,195,0.0619
OFF,196,0.0563
OFF,197,0.0539
OFF,198,0.0536
OFF,199,0.0532
OFF,200,0.0551
OFF,201,0.0538
OFF,202,0.0684
OFF,203,0.0565
OFF,204,0.0549
OFF,205,0.0538
OFF,206,0.054
OFF,207,0.0539
OFF,208,0.0542
OFF,209,0.0544
OFF,210,0.0544
OFF,211,0.0563
OFF,212,0.0611
OFF,213,0.0549
OFF,214,0.0549
OFF,215,0.0553
OFF,216,0.0764
OFF,217,0.0544
OFF,218,0.0546
OFF,219,0.0545
OFF,220,0.054
OFF,221,0.0545
OFF,222,0.0532
OFF,223,0.0527
OFF,224,0.0545
OFF,225,0.0528
OFF,226,0.053
OFF,227,0.0534
OFF,228,0.0772
OFF,229,0.0765
OFF,230,0.1
OFF,231,0.0916
OFF,232,0.0834
OFF,233,0.0513
OFF,234,0.0516
OFF,235,0.0509
OFF,236,0.0512
OFF,237,0.0517
OFF,238,0.0515
OFF,239,0.0881
OFF,240,0.0512
OFF,241,0.051
OFF,242,0.0507
OFF,243,0.0519
OFF,244,0.0526
OFF,245,0.0518
OFF,246,0.0528
OFF,247,0.0508
OFF,248,0.0499
OFF,249,0.0498
OFF,250,0.0513
OFF,251,0.0529
OFF,252,0.0515
OFF,253,0.0509
OFF,254,0.0504
OFF,255,0.0528
OFF,256,0.0517
OFF,257,0.05
OFF,258,0.0702
OFF,259,0.0528
OFF,260,0.0997
OFF,261,0.086
OFF,262,0.0774
OFF,263,0.0841
OFF,264,0.0705
OFF,265,0.0533
OFF,266,0.0501
OFF,267,0.0524
OFF,268,0.0506
OFF,269,0.0509
OFF,270,0.4835
OFF,271,0.1052
OFF,272,0.0731
OFF,273,0.0735
OFF,274,0.073
OFF,275,0.0704
OFF,276,0.0633
OFF,277,0.0913
OFF,278,0.0644
OFF,279,0.0924
OFF,280,0.0921
OFF,281,0.0625
OFF,282,0.0647
OFF,283,0.0873
OFF,284,0.0946
OFF,285,0.054
OFF,286,0.0783
OFF,287,0.0547
OFF,288,0.0533
OFF,289,0.0544
OFF,290,0.0528
OFF,291,0.0538
OFF,292,0.0544
OFF,293,0.0538
OFF,294,0.0548
OFF,295,0.0534
OFF,296,0.0584
OFF,297,0.0546
OFF,298,0.0552
OFF,299,0.0587
OFF,300,0.0524
OFF,301,0.0521
OFF,302,0.0549
OFF,303,0.0529
OFF,304,0.0535
OFF,305,0.0549
OFF,306,0.0528
OFF,307,0.0531
OFF,308,0.0883
OFF,309,0.0538
OFF,310,0.0848
OFF,311,0.056
OFF,312,0.0555
OFF,313,0.0537
OFF,314,0.0683
OFF,315,0.0532
OFF,316,0.0533
OFF,317,0.0538
OFF,318,0.0538
OFF,319,0.0578
OFF,320,0.0628
OFF,321,0.0556
OFF,322,0.0549
OFF,323,0.0551
OFF,324,0.0545
OFF,325,0.0554
OFF,326,0.0539
OFF,327,0.0535
OFF,328,0.0558
OFF,329,0.0541
OFF,330,0.0542
OFF,331,0.0567
OFF,332,0.0536
OFF,333,0.0556
OFF,334,0.0656
OFF,335,0.0534
OFF,336,0.0636
OFF,337,0.0569
OFF,338,0.056
OFF,339,0.0755
OFF,340,0.0607
OFF,341,0.0552
OFF,342,0.0681
OFF,343,0.0542
OFF,344,0.1215
OFF,345,0.1031
OFF,346,0.0554
OFF,347,0.0749
OFF,348,0.056
OFF,349,0.0541
OFF,350,0.0869
OFF,351,0.0546
OFF,352,0.0841
OFF,353,0.0563
OFF,354,0.0747
OFF,355,0.0762
OFF,356,0.0557
OFF,357,0.0552
OFF,358,0.0535
OFF,359,0.0757
OFF,360,0.0537
OFF,361,0.0533
OFF,362,0.0543
OFF,363,0.0543
OFF,364,0.0543
OFF,365,0.0543
OFF,366,0.056
OFF,367,0.0547
OFF,368,0.0537
OFF,369,0.054
OFF,370,0.0668
OFF,371,0.0544
OFF,372,0.0542
OFF,373,0.0546
OFF,374,0.0549
OFF,375,0.0636
OFF,376,0.0906
OFF,377,0.0766
OFF,378,0.0553
OFF,379,0.0541
OFF,380,0.0533
OFF,381,0.0646
OFF,382,0.0568
OFF,383,0.0566
OFF,384,0.0544
OFF,385,0.0543
OFF,386,0.082
OFF,387,0.0556
OFF,388,0.118
OFF,389,0.0516
OFF,390,0.0506
OFF,391,0.0503
OFF,392,0.0506
OFF,393,0.0513
OFF,394,0.0506
OFF,395,0.0512
OFF,396,0.0521
OFF,397,0.0507
OFF,398,0.0627
OFF,399,0.0511
OFF,400,0.0524
OFF,401,0.0518
OFF,402,0.0521
OFF,403,0.0507
OFF,404,0.0511
OFF,405,0.0514
OFF,406,0.0508
OFF,407,0.0512
OFF,408,0.052
OFF,409,0.0507
OFF,410,0.0506
OFF,411,0.0512
OFF,412,0.0531
OFF,413,0.0519
OFF,414,0.0516
OFF,415,0.0514
OFF,416,0.0518
OFF,417,0.0582
OFF,418,0.053
OFF,419,0.0538
OFF,420,0.0536
OFF,421,0.0515
OFF,422,0.0515
OFF,423,0.0503
OFF,424,0.0505
OFF,425,0.0514
OFF,426,0.4099
OFF,427,0.0756
OFF,428,0.0553
OFF,429,0.0534
OFF,430,0.0542
OFF,431,0.0531
OFF,432,0.0595
OFF,433,0.0535
OFF,434,0.0538
OFF,435,0.0552
OFF,436,0.083
OFF,437,0.0553
OFF,438,0.0802
OFF,439,0.0745
OFF,440,0.054
OFF,441,0.0533
OFF,442,0.0528
OFF,443,0.0547
OFF,444,0.0545
OFF,445,0.0916
OFF,446,0.0681
OFF,447,0.0556
OFF,448,0.0541
OFF,449,0.0531
OFF,450,0.0532
OFF,451,0.0742
OFF,452,0.0539
OFF,453,0.0547
OFF,454,0.0688
OFF,455,0.0545
OFF,456,0.0557
OFF,457,0.0736
OFF,458,0.0553
OFF,459,0.0547
OFF,460,0.0544
OFF,461,0.0758
OFF,462,0.0739
OFF,463,0.0541
OFF,464,0.1056
OFF,465,0.0548
OFF,466,0.0547
OFF,467,0.0744
OFF,468,0.0532
OFF,469,0.0561
OFF,470,0.0565
OFF,471,0.0748
OFF,472,0.0556
OFF,473,0.0542
OFF,474,0.0565
OFF,475,0.0535
OFF,476,0.0746
OFF,477,0.082
OFF,478,0.0617
OFF,479,0.1019
OFF,480,0.054
OFF,481,0.073
OFF,482,0.0961
OFF,483,0.0534
OFF,484,0.0539
OFF,485,0.0554
OFF,486,0.0556
OFF,487,0.0534
OFF,488,0.053
OFF,489,1.0346
OFF,490,0.1508
OFF,491,0.0689
OFF,492,0.0588
OFF,493,0.0554
OFF,494,0.0573
OFF,495,0.0561
OFF,496,0.0888
OFF,497,0.0565
OFF,498,0.0581
OFF,499,0.0558
OFF,500,0.0558
OFF,501,0.093
OFF,502,0.0573
OFF,503,0.0557
OFF,504,0.0542
OFF,505,0.085
OFF,506,0.0536
OFF,507,0.0544
OFF,508,0.053
OFF,509,0.0836
OFF,510,0.084
OFF,511,0.0855
OFF,512,0.1119
OFF,513,0.0568
OFF,514,0.0558
OFF,515,0.0552
OFF,516,0.0549
OFF,517,0.0566
OFF,518,0.0553
OFF,519,0.0563
OFF,520,0.055
OFF,521,0.0544
OFF,522,0.0553
OFF,523,0.0567
OFF,524,0.0567
OFF,525,0.0569
OFF,526,0.0569
OFF,527,0.0549
OFF,528,0.0553
OFF,529,0.0582
OFF,530,0.0573
OFF,531,0.0749
OFF,532,0.0558
OFF,533,0.056
OFF,534,0.0578
OFF,535,0.0554
OFF,536,0.0543
OFF,537,0.0809
OFF,538,0.0718
OFF,539,0.0848
OFF,540,0.0517
OFF,541,0.0525
OFF,542,0.051
OFF,543,0.0583
OFF,544,0.0565
OFF,545,0.0566
OFF,546,0.0572
OFF,547,0.0544
OFF,548,0.0554
OFF,549,0.0548
OFF,550,0.056
OFF,551,0.0551
OFF,552,0.0514
OFF,553,0.0512
OFF,554,0.0512
OFF,555,0.0511
OFF,556,0.0519
OFF,557,0.051
OFF,558,0.0504
OFF,559,0.0496
OFF,560,0.0508
OFF,561,0.0519
OFF,562,0.0514
OFF,563,0.0504
OFF,564,0.0872
OFF,565,0.0744
OFF,566,0.064
OFF,567,0.0504
OFF,568,0.0517
OFF,569,0.0508
OFF,570,0.0514
OFF,571,0.0513
OFF,572,0.0525
OFF,573,0.0535
OFF,574,0.0528
OFF,575,0.0517
OFF,576,0.0503
OFF,577,0.5903
OFF,578,0.1377
OFF,579,0.0868
OFF,580,0.075
OFF,581,0.0932
OFF,582,0.0543
OFF,583,0.0554
OFF,584,0.056
OFF,585,0.0546
OFF,586,0.0545
OFF,587,0.0541
OFF,588,0.0552
OFF,589,0.0538
OFF,590,0.075
OFF,591,0.1166
OFF,592,0.0802
OFF,593,0.0799
OFF,594,0.108
OFF,595,0.0816
OFF,596,0.0967
OFF,597,0.0552
OFF,598,0.0529
OFF,599,0.0548
OFF,600,0.0566
OFF,601,0.0551
OFF,602,0.0546
OFF,603,0.0549
OFF,604,0.0543
OFF,605,0.0541
OFF,606,0.0546
OFF,607,0.0529
OFF,608,0.0533
OFF,609,0.0544
OFF,610,0.0537
OFF,611,0.0558
OFF,612,0.0575
OFF,613,0.056
OFF,614,0.0545
OFF,615,0.054
OFF,616,0.0541
OFF,617,0.0876
OFF,618,0.0548
OFF,619,0.0535
OFF,620,0.0532
OFF,621,0.0543
OFF,622,0.0682
OFF,623,0.0535
OFF,624,0.0541
OFF,625,0.0735
OFF,626,0.0549
OFF,627,0.0549
OFF,628,0.0531
OFF,629,0.0698
OFF,630,0.0768
OFF,631,0.084
OFF,632,0.0736
OFF,633,0.0713
OFF,634,0.0713
OFF,635,0.0713
OFF,636,0.0724
OFF,637,0.0774
OFF,638,0.0745
OFF,639,0.0739
OFF,640,0.0736
OFF,641,0.067
OFF,642,0.0551
OFF,643,0.0559
OFF,644,0.0565
OFF,645,0.0543
OFF,646,0.0544
OFF,647,0.0546
OFF,648,0.0604
OFF,649,0.1053
OFF,650,0.0699
OFF,651,0.0564
OFF,652,0.0544
OFF,653,0.0522
OFF,654,0.055
OFF,655,0.0785
OFF,656,0.0542
OFF,657,0.0905
OFF,658,0.0542
OFF,659,0.0542
OFF,660,0.055
OFF,661,0.0594
OFF,662,0.0547
OFF,663,0.0525
OFF,664,0.0558
OFF,665,0.0539
OFF,666,0.057
OFF,667,0.0542
OFF,668,0.0588
OFF,669,0.0682
OFF,670,0.0663
OFF,671,0.0662
OFF,672,0.1143
OFF,673,0.0678
OFF,674,0.069
OFF,675,0.0676
OFF,676,0.0692
OFF,677,0.0705
OFF,678,0.0867
OFF,679,0.0964
OFF,680,0.0697
OFF,681,0.0766
OFF,682,0.0761
OFF,683,0.0554
OFF,684,0.0526
OFF,685,0.0524
OFF,686,0.0723
OFF,687,0.0531
OFF,688,0.0525
OFF,689,0.0551
OFF,690,0.0809
OFF,691,0.0647
OFF,692,0.0913
OFF,693,0.0544
OFF,694,0.0559
OFF,695,0.1198
OFF,696,0.0897
OFF,697,0.0751
OFF,698,0.0508
OFF,699,0.0501
OFF,700,0.0505
OFF,701,0.0501
OFF,702,0.072
OFF,703,0.0514
OFF,704,0.0491
OFF,705,0.0505
OFF,706,0.0636
OFF,707,0.0647
OFF,708,0.0497
OFF,709,0.0493
OFF,710,0.0491
OFF,711,0.0695
OFF,712,0.0496
OFF,713,0.0636
OFF,714,0.0511
OFF,715,0.0704
OFF,716,0.0832
OFF,717,0.069
OFF,718,0.1244
OFF,719,0.0534
OFF,720,0.0526
OFF,721,0.0542
OFF,722,0.0566
OFF,723,0.0569
OFF,724,0.0579
OFF,725,0.0574
OFF,726,0.0567
OFF,727,0.4508
OFF,728,0.0785
OFF,729,0.0545
OFF,730,0.053
OFF,731,0.0558
OFF,732,0.0528
OFF,733,0.0685
OFF,734,0.0787
OFF,735,0.1007
OFF,736,0.0588
OFF,737,0.0913
OFF,738,0.058
OFF,739,0.0583
OFF,740,0.0568
OFF,741,0.0601
OFF,742,0.0563
OFF,743,0.055
OFF,744,0.0653
OFF,745,0.0589
OFF,746,0.056
OFF,747,0.0563
OFF,748,0.0554
OFF,749,0.0564
OFF,750,0.0561
OFF,751,0.0597
OFF,752,0.1048
OFF,753,0.0576
OFF,754,0.0546
OFF,755,0.0539
OFF,756,0.0535
OFF,757,0.0559
OFF,758,0.0533
OFF,759,0.0547
OFF,760,0.056
OFF,761,0.0784
OFF,762,0.0699
OFF,763,0.0556
OFF,764,0.0557
OFF,765,0.0529
OFF,766,0.0526
OFF,767,0.0513
OFF,768,0.0522
OFF,769,0.0944
OFF,770,0.0548
OFF,771,0.0521
OFF,772,0.0534
OFF,773,0.0524
OFF,774,0.053
OFF,775,0.0524
OFF,776,0.0563
OFF,777,0.0519
OFF,778,0.1026
OFF,779,0.0569
OFF,780,0.0543
OFF,781,0.0517
OFF,782,0.0948
OFF,783,0.0532
OFF,784,0.0966
OFF,785,0.1209
OFF,786,0.0535
OFF,787,0.052
OFF,788,0.0524
OFF,789,0.0529
OFF,790,0.0687
OFF,791,0.052
OFF,792,0.0522
OFF,793,0.0508
OFF,794,0.0528
OFF,795,0.0731
OFF,796,0.0526
OFF,797,0.0528
OFF,798,0.0546
OFF,799,0.0535
OFF,800,0.0525
OFF,801,0.0526
OFF,802,0.0518
OFF,803,0.1186
OFF,804,0.056
OFF,805,0.0751
OFF,806,0.0533
OFF,807,0.0525
OFF,808,0.0535
OFF,809,0.0964
OFF,810,0.0546
OFF,811,0.0549
OFF,812,0.0564
OFF,813,0.0525
OFF,814,0.054
OFF,815,0.054
OFF,816,0.052
OFF,817,0.0523
OFF,818,0.0661
OFF,819,0.0517
OFF,820,0.0835
OFF,821,0.0524
OFF,822,0.0524
OFF,823,0.0516
OFF,824,0.0535
OFF,825,0.053
OFF,826,0.054
OFF,827,0.0713
OFF,828,0.0538
OFF,829,0.053
OFF,830,0.0541
OFF,831,0.0528
OFF,832,0.0516
OFF,833,0.054
OFF,834,0.0516
OFF,835,0.0515
OFF,836,0.0522
OFF,837,0.0528
OFF,838,0.0532
OFF,839,0.0524
OFF,840,0.0576
OFF,841,0.0545
OFF,842,0.0521
OFF,843,0.0813
OFF,844,0.0485
OFF,845,0.0486
OFF,846,0.0611
OFF,847,0.0731
OFF,848,0.0491
OFF,849,0.0491
OFF,850,0.0492
OFF,851,0.0503
OFF,852,0.0499
OFF,853,0.0493
OFF,854,0.0491
OFF,855,0.0486
OFF,856,0.0501
OFF,857,0.0497
OFF,858,0.0498
OFF,859,0.0493
OFF,860,0.0493
OFF,861,0.0487
OFF,862,0.0499
OFF,863,0.051
OFF,864,0.0512
OFF,865,0.0509
OFF,866,0.0488
OFF,867,0.0488
OFF,868,0.049
OFF,869,0.05
OFF,870,0.0493
OFF,871,0.0486
OFF,872,0.0509
OFF,873,0.0592
OFF,874,0.0627
OFF,875,0.0499
OFF,876,0.0494
OFF,877,0.0498
OFF,878,0.0511
OFF,879,0.0491
OFF,880,0.0493
OFF,881,0.434
OFF,882,0.0707
OFF,883,0.0538
OFF,884,0.0528
OFF,885,0.0523
OFF,886,0.0516
OFF,887,0.0512
OFF,888,0.0522
OFF,889,0.053
OFF,890,0.0535
OFF,891,0.0734
OFF,892,0.0534
OFF,893,0.0528
OFF,894,0.0523
OFF,895,0.0528
OFF,896,0.0721
OFF,897,0.0513
OFF,898,0.0515
OFF,899,0.0515
OFF,900,0.0736
OFF,901,0.0569
OFF,902,0.0751
OFF,903,0.0821
OFF,904,0.0534
OFF,905,0.0534
OFF,906,0.0539
OFF,907,0.0527
OFF,908,0.0514
OFF,909,0.0519
OFF,910,0.0803
OFF,911,0.0515
OFF,912,0.0507
OFF,913,0.0521
OFF,914,0.0525
OFF,915,0.0542
OFF,916,0.052
OFF,917,0.0734
OFF,918,0.0535
OFF,919,0.0517
OFF,920,0.053
OFF,921,0.1073
OFF,922,0.1019
OFF,923,0.0907
OFF,924,0.0533
OFF,925,0.0545
OFF,926,0.054
OFF,927,0.0535
OFF,928,0.0539
OFF,929,0.0566
OFF,930,0.0662
OFF,931,0.054
OFF,932,0.0544
OFF,933,0.0758
OFF,934,0.0524
OFF,935,0.0611
OFF,936,0.0541
OFF,937,0.0527
OFF,938,0.0555
OFF,939,0.0539
OFF,940,0.052
OFF,941,0.0514
OFF,942,0.0515
OFF,943,0.0545
OFF,944,0.0527
OFF,945,0.0531
OFF,946,0.053
OFF,947,0.0753
OFF,948,0.0981
OFF,949,0.0542
OFF,950,0.0554
OFF,951,0.0546
OFF,952,0.092
OFF,953,0.0794
OFF,954,0.0533
OFF,955,0.0942
OFF,956,0.0793
OFF,957,0.0839
OFF,958,0.0707
OFF,959,0.0518
OFF,960,0.0519
OFF,961,0.0513
OFF,962,0.0529
OFF,963,0.0599
OFF,964,0.055
OFF,965,0.0529
OFF,966,0.0519
OFF,967,0.0528
OFF,968,0.0529
OFF,969,0.0521
OFF,970,0.0568
OFF,971,0.055
OFF,972,0.0755
OFF,973,0.0531
OFF,974,0.0979
OFF,975,0.0527
OFF,976,0.0549
OFF,977,0.052
OFF,978,0.0519
OFF,979,0.0634
OFF,980,0.0794
OFF,981,0.0689
OFF,982,0.0728
OFF,983,0.0718
OFF,984,0.0747
OFF,985,0.0548
OFF,986,0.0674
OFF,987,0.0556
OFF,988,0.0535
OFF,989,0.0519
OFF,990,0.053
OFF,991,0.0547
OFF,992,0.0543
OFF,993,0.0523
OFF,994,0.0515
OFF,995,0.0521
OFF,996,0.0847
OFF,997,0.0823
OFF,998,0.0505
OFF,999,0.0498
